invoice_id,pdf_file,invoice_number,supplier_id,supplier_name,supplier_vat_number,po_number,invoice_date,due_date,bank_name,branch_code,account_number,subtotal_ex_vat,vat_amount,total_incl_vat,line_count,layout,is_scan,omitted_particulars,seeded_exceptions
INV-00001,INV-00001.pdf,INV2502691,SUP-0024,Randburg Instrumentation (Pty) Ltd,4476453990,PO-2025-00276,2025-12-15,2026-01-14,Investec,580105,76652374914,39058.86,5898.6,44957.46,1,B,0,,E05_VAT_ERROR
INV-00002,INV-00002.pdf,004577,SUP-0043,New Centre Gas and Gear (Pty) Ltd,4763833892,PO-2026-00252,2026-08-03,2026-09-02,Investec,580105,1829516973,4151.9,622.79,4774.69,1,A,0,,
INV-00003,INV-00003.pdf,INV2666625,SUP-0025,Sasolburg Pipe and Fittings (Pty) Ltd,4728868642,,2026-05-20,2026-06-19,Standard Bank,051001,68910965089,42200.83,6330.12,48530.95,1,A,0,,E04_NO_PO|E10_THRESHOLD_SPLIT
INV-00004,INV-00004.pdf,TI2508720,SUP-0020,Krugersdorp Chain and Sprocket (Pty) Ltd,4945218640,PO-2025-00155,2025-11-28,2026-01-27,Capitec Business,470010,1887809026,15823.9,2373.59,18197.49,2,A,0,tax_invoice_wording,E11_INVALID_TAX_INVOICE
INV-00005,INV-00005.pdf,INV2561762,SUP-0043,New Centre Gas and Gear (Pty) Ltd,4763833892,PO-2026-95459,2025-10-08,2025-11-07,Investec,580105,1829516973,2226.62,333.99,2560.61,2,A,0,,E04_NO_PO
INV-00006,INV-00006.pdf,TI2504963,SUP-0013,Isando Welding Supplies (Pty) Ltd,4590357816,PO-2025-00278,2025-11-13,2025-12-28,Nedbank,198765,92730777461,1793.43,269.01,2062.44,2,A,1,,
INV-00007,INV-00007.pdf,008410,SUP-0032,Linbro Park Hardware (Pty) Ltd,4376480389,PO-2026-00500,2026-03-13,2026-05-12,Investec,580105,0685325346,5040.4,756.06,5796.46,1,D,0,,
INV-00008,INV-00008.pdf,SI2606751,SUP-0041,City Deep Cold Storage Spares (Pty) Ltd,4587048565,PO-2026-00475,2026-08-13,2026-10-12,Nedbank,198765,2101929685,273633.5,41045.03,314678.53,2,A,1,,
INV-00009,INV-00009.pdf,004269-R,SUP-0023,Modderfontein Chemicals (Pty) Ltd,4286297325,PO-2025-00199,2026-01-21,2026-02-13,Standard Bank,051001,9128660241,8136.06,1220.41,9356.47,1,B,0,,E03_DUPLICATE
INV-00010,INV-00010.pdf,SI2608413,SUP-0032,Linbro Park Hardware (Pty) Ltd,4376480389,PO-2026-00103,2026-07-13,2026-09-11,Investec,580105,0685325346,5057.82,758.67,5816.49,2,D,0,,
INV-00011,INV-00011.pdf,002686,SUP-0024,Randburg Instrumentation (Pty) Ltd,4476453990,PO-2026-00471,2026-03-09,2026-04-08,Investec,580105,76652374914,26809.86,4021.48,30831.34,1,D,0,,
INV-00012,INV-00012.pdf,INV2604173,SUP-0018,Springs Gearbox Services (Pty) Ltd,4292138514,PO-2026-00437,2026-03-31,2026-04-30,Standard Bank,051001,87770767045,10559.25,1583.89,12143.14,1,C,0,,
INV-00013,INV-00013.pdf,INV2605740,SUP-0033,Aeroton Castors (Pty) Ltd,4398129039,PO-2026-00327,2026-06-22,2026-08-06,Standard Bank,051001,737734820,305.62,45.84,351.46,1,B,1,,
INV-00014,INV-00014.pdf,SI2604998,SUP-0010,Germiston Tool Hire (Pty) Ltd,4336812635,PO-2026-00493,2026-02-23,2026-03-25,Standard Bank,051001,320010260,58831.9,8824.79,67656.69,3,A,0,,E01_PRICE_VARIANCE
INV-00015,INV-00015.pdf,004279,SUP-0023,Modderfontein Chemicals (Pty) Ltd,4286297325,PO-2025-00302,2025-12-11,2026-01-10,Standard Bank,051001,9128660241,45229.9,6784.49,52014.39,2,A,0,,
INV-00016,INV-00016.pdf,002757,SUP-0044,Village Main Instruments (Pty) Ltd,4043496765,PO-2026-00338,2026-02-24,2026-03-26,Absa Bank,632005,696049115,27888.5,4183.28,32071.78,1,A,0,,
INV-00017,INV-00017.pdf,003014,SUP-0001,Midrand Bearing Supplies (Pty) Ltd,4310265355,PO-2026-00072,2026-05-01,2026-06-30,First National Bank,250655,9308836478,5217.1,782.57,5999.67,1,C,0,,
INV-00018,INV-00018.pdf,INV2508730,SUP-0015,Alberton Seal and Gasket (Pty) Ltd,4766946128,PO-2025-00505,2025-11-07,2025-12-07,First National Bank,250655,76774682715,3524.84,528.73,4053.57,3,A,0,,
INV-00019,INV-00019.pdf,INV2508157,SUP-0003,Protea Hydraulics (Pty) Ltd,4709743620,PO-2025-00486,2025-12-22,2026-01-21,Investec,580105,783262215,17022.66,2553.4,19576.06,1,B,0,,
INV-00020,INV-00020.pdf,INV2623514,SUP-0017,Roodepoort Motor Rewinds (Pty) Ltd,4443768103,,2026-06-17,2026-07-17,Investec,580105,04168918377,55748.86,8362.33,64111.19,2,D,0,,E04_NO_PO
INV-00021,INV-00021.pdf,TI2605736,SUP-0033,Aeroton Castors (Pty) Ltd,4398129039,PO-2025-00337,2026-01-14,2026-02-28,Standard Bank,051001,737734820,3153.25,472.99,3626.24,2,A,0,,
INV-00022,INV-00022.pdf,TI2602767,SUP-0044,Village Main Instruments (Pty) Ltd,4043496765,PO-2026-00453,2026-06-03,2026-07-03,Absa Bank,632005,696049115,58544.9,8781.74,67326.64,1,A,0,,
INV-00023,INV-00023.pdf,TI2607528,SUP-0016,Benoni Industrial Paints (Pty) Ltd,4688431792,PO-2026-00378,2026-08-31,2026-09-30,Capitec Business,470010,6520186947,31242.68,4686.4,35929.08,2,C,1,,E08_ARITHMETIC
INV-00024,INV-00024.pdf,INV2563626,SUP-0041,City Deep Cold Storage Spares (Pty) Ltd,4587048565,PO-2025-00063,2025-11-26,2026-01-25,Nedbank,198765,2101929685,14581.46,2187.22,16768.68,1,A,0,,E12_GOODS_NOT_RECEIVED
INV-00025,INV-00025.pdf,TI2605114,SUP-0036,Booysens Battery Centre (Pty) Ltd,4655761019,PO-2026-00506,2026-04-17,2026-05-17,Capitec Business,470010,2238708796,14425.38,2163.81,16589.19,2,B,0,,
INV-00026,INV-00026.pdf,TI2607532,SUP-0016,Benoni Industrial Paints (Pty) Ltd,4688431792,PO-2026-00240,2026-06-17,2026-07-17,Capitec Business,470010,6520186947,36488.05,5473.21,41961.26,1,B,0,,E08_ARITHMETIC
INV-00027,INV-00027.pdf,005119,SUP-0036,Booysens Battery Centre (Pty) Ltd,4655761019,PO-2025-00013,2025-12-22,2026-01-21,Capitec Business,470010,2238708796,19602.49,2940.37,22542.86,3,C,0,,
INV-00028,INV-00028.pdf,SI2603010,SUP-0001,Midrand Bearing Supplies (Pty) Ltd,4310265355,PO-2026-00180,2026-08-10,2026-10-09,First National Bank,250655,9308836478,10095.46,1514.32,11609.78,3,C,0,,
INV-00029,INV-00029.pdf,005119,SUP-0036,Booysens Battery Centre (Pty) Ltd,4655761019,PO-2025-00013,2025-12-22,2026-01-21,Capitec Business,470010,2238708796,19602.49,2940.37,22542.86,3,A,0,,E03_DUPLICATE
INV-00030,INV-00030.pdf,INV2604990,SUP-0010,Germiston Tool Hire (Pty) Ltd,4336812635,PO-2026-00035,2026-04-10,2026-05-10,Standard Bank,051001,320010260,22325.16,3348.77,25673.93,3,A,0,,
INV-00031,INV-00031.pdf,TI2503329,SUP-0030,Elandsfontein Rubber (Pty) Ltd,4324904261,PO-2025-00164,2025-11-24,2025-12-24,Nedbank,198765,827736293,4126.32,618.95,4745.27,3,A,0,,
INV-00032,INV-00032.pdf,006744,SUP-0041,City Deep Cold Storage Spares (Pty) Ltd,4587048565,PO-2026-00168,2026-02-19,2026-04-20,Nedbank,198765,2101929685,241825.6,36273.84,278099.44,2,C,0,,
INV-00033,INV-00033.pdf,SI2604177,SUP-0045,Salt River Marine Fittings (Pty) Ltd,4241849051,PO-2026-00332,2026-05-04,2026-06-03,Absa Bank,632005,037652732,7323.32,1098.5,8421.82,2,A,0,,
INV-00034,INV-00034.pdf,TI2606070,SUP-0031,Sebenza Workwear (Pty) Ltd,4137697806,PO-2026-00468,2026-09-11,2026-10-11,Nedbank,198765,142247922,6849.8,1027.47,7877.27,2,B,0,,
INV-00035,INV-00035.pdf,INV2505882,SUP-0039,Robertsham Glass and Perspex (Pty) Ltd,4519492735,PO-2025-00015,2025-10-18,2025-11-17,Capitec Business,470010,63734875647,97403.75,14610.56,112014.31,1,D,0,,E09_DATE_ANOMALY
INV-00036,INV-00036.pdf,INV2505880,SUP-0039,Robertsham Glass and Perspex (Pty) Ltd,4519492735,PO-2025-00200,2025-11-05,2025-12-05,Capitec Business,470010,63734875647,191222.16,28683.32,219905.48,2,C,0,,E09_DATE_ANOMALY
INV-00037,INV-00037.pdf,TI2602752A,SUP-0044,Village Main Instruments (Pty) Ltd,4043496765,PO-2026-00217,2026-09-05,2026-10-03,Absa Bank,632005,696049115,22255.8,3338.37,25594.17,2,B,1,,E03_DUPLICATE
INV-00038,INV-00038.pdf,005122,SUP-0036,Booysens Battery Centre (Pty) Ltd,4655761019,PO-2025-00415,2026-01-08,2026-02-07,Capitec Business,470010,2238708796,15396.4,2309.46,17705.86,1,B,0,,
INV-00039,INV-00039.pdf,SI2605844,SUP-0017,Roodepoort Motor Rewinds (Pty) Ltd,4443768103,PO-2025-00367,2026-01-09,2026-02-23,Investec,580105,04168918377,75963.36,11394.5,87357.86,1,B,0,,E03_DUPLICATE
INV-00040,INV-00040.pdf,INV2649647,SUP-0014,Kempton Cable Works (Pty) Ltd,4066746330,,2026-03-20,2026-04-19,First National Bank,250655,468719544,3984.75,597.71,4582.46,2,D,0,,E04_NO_PO|E07_UNAPPROVED_SUPPLIER
INV-00041,INV-00041.pdf,SI2607608,SUP-0042,Crown Mines Motor Spares (Pty) Ltd,4021856678,PO-2026-00414,2026-06-01,2026-07-31,Standard Bank,051001,200689969,48698.7,7304.81,56003.51,1,C,0,,
INV-00042,INV-00042.pdf,INV2637183,SUP-0014,Kempton Cable Works (Pty) Ltd,4066746330,,2026-01-30,2026-03-01,First National Bank,250655,468719544,19005.63,2850.84,21856.47,2,A,0,,E04_NO_PO|E07_UNAPPROVED_SUPPLIER
INV-00043,INV-00043.pdf,TI2608735,SUP-0015,Alberton Seal and Gasket (Pty) Ltd,4766946128,PO-2026-00060,2026-08-05,2026-09-04,First National Bank,250655,76774682715,292.78,43.92,336.7,1,B,0,,E01_PRICE_VARIANCE
INV-00044,INV-00044.pdf,INV2652822,SUP-0045,Salt River Marine Fittings (Pty) Ltd,4241849051,,2026-06-02,2026-07-02,Absa Bank,632005,037652732,6015.06,902.26,6917.32,2,A,0,,E04_NO_PO
INV-00045,INV-00045.pdf,002560,SUP-0038,Cleveland Bolt Supplies (Pty) Ltd,4220502518,PO-2025-00139,2026-01-23,2026-02-22,Capitec Business,470010,300763464,60865.02,9129.75,69994.77,2,C,0,,
INV-00046,INV-00046.pdf,004584,SUP-0043,New Centre Gas and Gear (Pty) Ltd,4763833892,PO-2026-00235,2026-07-13,2026-08-12,Investec,580105,1829516973,1483.08,222.46,1705.54,1,D,0,,
INV-00047,INV-00047.pdf,003001,SUP-0001,Midrand Bearing Supplies (Pty) Ltd,4310265355,PO-2025-00424,2025-12-10,2026-02-08,First National Bank,250655,9308836478,44267.11,6640.07,50907.18,3,A,0,,
INV-00048,INV-00048.pdf,008161,SUP-0003,Protea Hydraulics (Pty) Ltd,4709743620,PO-2026-00099,2026-02-20,2026-03-22,Investec,580105,783262215,2457.4,368.61,2826.01,1,A,1,,
INV-00049,INV-00049.pdf,INV2506725,SUP-0041,City Deep Cold Storage Spares (Pty) Ltd,4587048565,PO-2025-00211,2025-12-29,2026-02-27,Nedbank,198765,2101929685,173720.9,26058.14,199779.04,1,D,0,,
INV-00050,INV-00050.pdf,004171,SUP-0018,Springs Gearbox Services (Pty) Ltd,4292138514,PO-2025-00308,2025-10-21,2025-11-20,Standard Bank,051001,87770767045,36808.3,5521.25,42329.55,3,A,0,,
INV-00051,INV-00051.pdf,INV2644810,SUP-0014,Kempton Cable Works (Pty) Ltd,4066746330,,2026-05-04,2026-06-03,First National Bank,250655,468719544,7408.2,1111.23,8519.43,2,C,0,,E04_NO_PO|E07_UNAPPROVED_SUPPLIER
INV-00052,INV-00052.pdf,INV2560784,SUP-0010,Germiston Tool Hire (Pty) Ltd,4336812635,PO-2025-00126,2025-10-27,2025-11-26,Standard Bank,051001,320010260,21189.18,3178.38,24367.56,1,A,0,,E12_GOODS_NOT_RECEIVED
INV-00053,INV-00053.pdf,TI2602449,SUP-0012,Tshwane Pneumatics (Pty) Ltd,4985326213,PO-2026-00376,2026-08-18,2026-10-02,First National Bank,250655,3340180146,2045.5,306.83,2352.33,1,B,0,,
INV-00054,INV-00054.pdf,003988,SUP-0035,Selby Scrap and Recovery (Pty) Ltd,4920583702,PO-2025-00306,2025-11-03,2025-12-03,First National Bank,250655,4740218151,7251.9,1087.79,8339.69,1,D,0,,
INV-00055,INV-00055.pdf,SI2506724,SUP-0041,City Deep Cold Storage Spares (Pty) Ltd,4587048565,PO-2025-00245,2025-12-22,2026-02-20,Nedbank,198765,2101929685,95035.43,14255.31,109290.74,2,B,0,,
INV-00056,INV-00056.pdf,INV2506063,SUP-0031,Sebenza Workwear (Pty) Ltd,4137697806,PO-2025-00394,2025-12-18,2026-01-17,Nedbank,198765,142247922,12324.57,1848.69,14173.26,2,D,0,,
INV-00057,INV-00057.pdf,TI2604181,SUP-0045,Salt River Marine Fittings (Pty) Ltd,4241849051,PO-2026-00400,2026-07-21,2026-08-20,Absa Bank,632005,037652732,15369.16,2305.37,17674.53,2,D,0,,
INV-00058,INV-00058.pdf,SI2607632,SUP-0025,Sasolburg Pipe and Fittings (Pty) Ltd,4728868642,PO-2026-00053,2026-08-03,2026-09-02,Standard Bank,051001,68910965089,459.2,68.88,528.08,1,A,0,,
INV-00059,INV-00059.pdf,TI2508265,SUP-0002,Vaal Steel Merchants (Pty) Ltd,4096043968,PO-2025-00478,2025-12-19,2026-02-02,Capitec Business,470010,20285660330,87304.08,13095.61,100399.69,3,D,1,,
INV-00060,INV-00060.pdf,002557,SUP-0038,Cleveland Bolt Supplies (Pty) Ltd,4220502518,PO-2026-00290,2026-09-16,2026-10-16,Capitec Business,470010,300763464,27103.96,4065.59,31169.55,3,D,0,,
INV-00061,INV-00061.pdf,006077,SUP-0031,Sebenza Workwear (Pty) Ltd,4137697806,PO-2026-00159,2026-08-01,2026-08-31,Nedbank,198765,142247922,14869.78,2230.47,17100.25,2,B,1,,E09_DATE_ANOMALY
INV-00062,INV-00062.pdf,TI2505735,SUP-0033,Aeroton Castors (Pty) Ltd,4398129039,PO-2025-00261,2025-10-29,2025-12-13,Standard Bank,051001,737734820,2818.34,422.75,3241.09,2,A,0,,E02_QTY_OVER_BILLED
INV-00063,INV-00063.pdf,SI2608260,SUP-0002,Vaal Steel Merchants (Pty) Ltd,4096043968,PO-2026-00264,2026-09-16,2026-10-31,Capitec Business,470010,20285660330,61259.33,9188.9,70448.23,2,B,0,,
INV-00064,INV-00064.pdf,INV2677836,SUP-0003,Protea Hydraulics (Pty) Ltd,4709743620,,2026-05-06,2026-06-05,Investec,580105,783262215,36787.02,5518.05,42305.07,2,C,0,,E04_NO_PO
INV-00065,INV-00065.pdf,004167,SUP-0018,Springs Gearbox Services (Pty) Ltd,4292138514,PO-2026-00138,2026-07-03,2026-08-02,Standard Bank,051001,87770767045,18487.35,2773.1,21260.45,2,D,1,,
INV-00066,INV-00066.pdf,SI2602760,SUP-0044,Village Main Instruments (Pty) Ltd,4043496765,PO-2025-00494,2026-01-12,2026-02-11,Absa Bank,632005,696049115,66054.75,9908.21,75962.96,2,A,1,,E02_QTY_OVER_BILLED
INV-00067,INV-00067.pdf,INV2508165,SUP-0003,Protea Hydraulics (Pty) Ltd,4709743620,PO-2025-00230,2025-12-01,2025-12-31,Investec,580105,783262215,182078.79,31276.54,213355.33,4,A,1,,E05_VAT_ERROR
INV-00068,INV-00068.pdf,SI2608725,SUP-0015,Alberton Seal and Gasket (Pty) Ltd,4766946128,PO-2026-00382,2026-04-28,2026-05-28,First National Bank,250655,76774682715,35943.0,5391.45,41334.45,2,A,0,,
INV-00069,INV-00069.pdf,SI2605526,SUP-0026,Brakpan Sheet Metal (Pty) Ltd,4191277618,PO-2026-00170,2026-08-06,2026-09-05,Investec,580105,330694702,10328.44,1549.27,11877.71,1,C,0,,E02_QTY_OVER_BILLED
INV-00070,INV-00070.pdf,003004,SUP-0001,Midrand Bearing Supplies (Pty) Ltd,4310265355,PO-2026-00171,2026-07-15,2026-09-13,Capitec Business,470010,3025625699,19702.09,2955.31,22657.4,3,A,0,,E06_BANK_CHANGE
INV-00071,INV-00071.pdf,INV2607617,SUP-0042,Crown Mines Motor Spares (Pty) Ltd,4021856678,PO-2026-00402,2026-04-10,2026-06-09,Standard Bank,051001,200689969,257753.75,38663.06,296416.81,1,C,0,,
INV-00072,INV-00072.pdf,TI2503326,SUP-0030,Elandsfontein Rubber (Pty) Ltd,4324904261,PO-2025-00181,2025-11-25,2025-12-25,Nedbank,198765,827736293,4372.15,668.57,5040.72,3,A,0,,E05_VAT_ERROR
INV-00073,INV-00073.pdf,003982,SUP-0035,Selby Scrap and Recovery (Pty) Ltd,4920583702,PO-2026-00116,2026-08-03,2026-09-02,First National Bank,250655,4740218151,3901.32,585.2,4486.52,1,A,0,,
INV-00074,INV-00074.pdf,TI2501609,SUP-0004,Sandton Electrical Wholesale (Pty) Ltd,4946420230,PO-2025-00249,2025-10-21,2025-11-20,Capitec Business,470010,854779841,30929.2,4639.38,35568.58,3,C,0,,
INV-00075,INV-00075.pdf,INV2571174,SUP-0015,Alberton Seal and Gasket (Pty) Ltd,4766946128,,2025-12-02,2026-01-01,First National Bank,250655,76774682715,1468.11,220.22,1688.33,2,C,0,,E04_NO_PO
INV-00076,INV-00076.pdf,008167,SUP-0003,Protea Hydraulics (Pty) Ltd,4709743620,PO-2026-00212,2026-07-02,2026-08-01,Investec,580105,783262215,23090.52,3463.58,26554.1,1,C,0,,
INV-00077,INV-00077.pdf,INV2604264,SUP-0023,Modderfontein Chemicals (Pty) Ltd,4286297325,PO-2026-00128,2026-04-28,2026-05-28,Investec,580105,05016747430,11802.2,1770.33,13572.53,2,B,0,,E06_BANK_CHANGE
INV-00078,INV-00078.pdf,INV2672691,SUP-0001,Midrand Bearing Supplies (Pty) Ltd,4310265355,PO-2026-93399,2026-08-24,2026-09-23,First National Bank,250655,9308836478,21197.27,3179.59,24376.86,2,B,0,,E04_NO_PO
INV-00079,INV-00079.pdf,SI2606386,SUP-0027,Kya Sand Plastics (Pty) Ltd,4888235541,PO-2026-00470,2026-05-14,2026-06-13,Absa Bank,632005,2962016583,12660.64,1899.1,14559.74,2,B,0,supplier_vat_number,E11_INVALID_TAX_INVOICE
INV-00080,INV-00080.pdf,SI2605125,SUP-0036,Booysens Battery Centre (Pty) Ltd,4655761019,PO-2026-00292,2026-06-16,2026-07-16,Investec,580105,4190472586,25203.72,3780.56,28984.28,4,B,0,,E06_BANK_CHANGE
INV-00081,INV-00081.pdf,INV2665164,SUP-0021,Witbank Belting (Pty) Ltd,4604536863,,2026-07-17,2026-08-16,Investec,580105,27697013193,10965.26,1644.79,12610.05,2,C,1,,E04_NO_PO|E07_UNAPPROVED_SUPPLIER
INV-00082,INV-00082.pdf,TI2604994,SUP-0010,Germiston Tool Hire (Pty) Ltd,4336812635,PO-2026-00092,2026-03-31,2026-04-30,Standard Bank,051001,320010260,141534.85,21230.23,162765.08,3,A,0,,E02_QTY_OVER_BILLED
INV-00083,INV-00083.pdf,007547,SUP-0016,Benoni Industrial Paints (Pty) Ltd,4688431792,PO-2026-00184,2026-07-20,2026-08-19,Capitec Business,470010,6520186947,28618.32,4292.75,32911.07,1,C,0,,
INV-00084,INV-00084.pdf,002447,SUP-0012,Tshwane Pneumatics (Pty) Ltd,4985326213,PO-2026-00242,2026-03-02,2026-04-16,First National Bank,250655,3340180146,36911.66,5536.75,42448.41,3,B,0,,E01_PRICE_VARIANCE
INV-00085,INV-00085.pdf,SI2602555,SUP-0038,Cleveland Bolt Supplies (Pty) Ltd,4220502518,PO-2026-00434,2026-03-13,2026-04-12,Capitec Business,470010,300763464,13807.0,2071.05,15878.05,1,D,0,,
INV-00086,INV-00086.pdf,TI2605908,SUP-0028,Wadeville Hose and Coupling (Pty) Ltd,4374336397,PO-2026-00485,2026-01-20,2026-02-19,Nedbank,198765,1651987388,7159.94,1073.99,8233.93,2,A,1,,E09_DATE_ANOMALY
INV-00087,INV-00087.pdf,TI2502681,SUP-0024,Randburg Instrumentation (Pty) Ltd,4476453990,PO-2025-00028,2025-12-31,2026-01-30,Investec,580105,76652374914,3839.28,575.89,4415.17,1,A,0,,
INV-00088,INV-00088.pdf,SI2605888,SUP-0039,Robertsham Glass and Perspex (Pty) Ltd,4519492735,PO-2026-00373,2026-06-04,2026-07-04,Capitec Business,470010,63734875647,24606.42,3690.96,28297.38,2,A,0,,
INV-00089,INV-00089.pdf,SI2602764,SUP-0044,Village Main Instruments (Pty) Ltd,4043496765,PO-2026-00094,2026-02-12,2026-03-14,Absa Bank,632005,696049115,142221.6,21333.24,163554.84,1,B,0,,
INV-00090,INV-00090.pdf,007614,SUP-0042,Crown Mines Motor Spares (Pty) Ltd,4021856678,PO-2026-00236,2026-08-05,2026-10-04,Standard Bank,051001,200689969,556291.82,83443.77,639735.59,2,B,1,recipient_name,E11_INVALID_TAX_INVOICE
INV-00091,INV-00091.pdf,INV2606003,SUP-0022,Nigel Compressor Services (Pty) Ltd,4031702488,PO-2025-00321,2026-01-02,2026-03-03,Nedbank,198765,0657675921,24525.5,3678.83,28204.33,2,C,0,,
INV-00092,INV-00092.pdf,TI2603453,SUP-0040,Ophirton Hydraulic Rams (Pty) Ltd,4746494091,PO-2026-00046,2026-06-02,2026-07-02,Capitec Business,470010,2553281416,69805.82,10470.87,80276.69,2,B,0,,
INV-00093,INV-00093.pdf,002684,SUP-0024,Randburg Instrumentation (Pty) Ltd,4476453990,PO-2026-00031,2026-05-08,2026-06-07,Investec,580105,76652374914,2739.68,410.95,3150.63,1,B,0,,
INV-00094,INV-00094.pdf,SI2606747,SUP-0041,City Deep Cold Storage Spares (Pty) Ltd,4587048565,PO-2026-00154,2026-03-25,2026-05-24,Nedbank,198765,2101929685,5366.76,805.01,6171.77,1,A,0,,
INV-00095,INV-00095.pdf,TI2608170,SUP-0003,Protea Hydraulics (Pty) Ltd,4709743620,PO-2026-00457,2026-04-15,2026-05-15,Investec,580105,783262215,380158.5,57023.78,437182.28,1,A,0,,
INV-00096,INV-00096.pdf,INV2635829,SUP-0021,Witbank Belting (Pty) Ltd,4604536863,,2026-06-19,2026-07-19,Investec,580105,27697013193,69544.86,10431.73,79976.59,2,D,0,,E04_NO_PO|E07_UNAPPROVED_SUPPLIER
INV-00097,INV-00097.pdf,SI2502452,SUP-0012,Tshwane Pneumatics (Pty) Ltd,4985326213,PO-2025-00311,2025-11-24,2026-01-08,First National Bank,250655,3340180146,194525.97,29178.9,223704.87,2,B,0,,E08_ARITHMETIC
INV-00098,INV-00098.pdf,INV2608100,SUP-0011,Karoo Abrasives (Pty) Ltd,4876863215,PO-2026-00185,2026-07-30,2026-09-13,Absa Bank,632005,4414046038,1793.41,269.01,2062.42,2,C,0,,
INV-00099,INV-00099.pdf,INV2619900,SUP-0030,Elandsfontein Rubber (Pty) Ltd,4324904261,PO-2026-99721,2026-02-09,2026-03-11,Nedbank,198765,827736293,969.98,145.5,1115.48,2,B,0,,E04_NO_PO
INV-00100,INV-00100.pdf,SI2502561,SUP-0038,Cleveland Bolt Supplies (Pty) Ltd,4220502518,PO-2025-00426,2025-11-10,2025-12-10,Capitec Business,470010,300763464,640.0,96.0,736.0,1,C,0,,
INV-00101,INV-00101.pdf,INV2508261,SUP-0002,Vaal Steel Merchants (Pty) Ltd,4096043968,PO-2025-00428,2025-11-19,2026-01-03,Capitec Business,470010,20285660330,4463.2,669.48,5132.68,2,A,0,,
INV-00102,INV-00102.pdf,INV2608725,SUP-0020,Krugersdorp Chain and Sprocket (Pty) Ltd,4945218640,PO-2026-00392,2026-03-25,2026-05-24,Capitec Business,470010,1887809026,18395.41,2759.31,21154.72,3,B,1,,E08_ARITHMETIC
INV-00103,INV-00103.pdf,INV2606069,SUP-0031,Sebenza Workwear (Pty) Ltd,4137697806,PO-2026-00244,2026-03-27,2026-04-26,Nedbank,198765,142247922,10240.22,1536.03,11776.25,4,B,0,,
INV-00104,INV-00104.pdf,SI2603723,SUP-0005,Boksburg Fastener Co (Pty) Ltd,4796728484,PO-2025-00051,2026-01-06,2026-02-05,Investec,580105,2849751901,4358.1,610.13,4968.23,3,A,0,,E05_VAT_ERROR
INV-00105,INV-00105.pdf,INV2596644,SUP-0019,Edenvale Filtration (Pty) Ltd,4716646430,,2025-10-23,2025-11-22,First National Bank,250655,571310804,7143.21,1071.48,8214.69,2,B,0,,E04_NO_PO|E07_UNAPPROVED_SUPPLIER
INV-00106,INV-00106.pdf,INV2649613,SUP-0025,Sasolburg Pipe and Fittings (Pty) Ltd,4728868642,,2026-05-18,2026-06-17,Standard Bank,051001,68910965089,42724.99,6408.75,49133.74,1,A,0,,E04_NO_PO|E10_THRESHOLD_SPLIT
INV-00107,INV-00107.pdf,INV2606006,SUP-0022,Nigel Compressor Services (Pty) Ltd,4031702488,PO-2026-00334,2026-06-03,2026-08-02,Nedbank,198765,0657675921,12047.38,1854.69,13902.07,1,B,0,,E05_VAT_ERROR
INV-00108,INV-00108.pdf,TI2602570,SUP-0038,Cleveland Bolt Supplies (Pty) Ltd,4220502518,PO-2026-00463,2026-03-30,2026-04-29,Standard Bank,051001,61357459646,2242.73,336.41,2579.14,2,C,1,,E06_BANK_CHANGE
INV-00109,INV-00109.pdf,INV2605522,SUP-0026,Brakpan Sheet Metal (Pty) Ltd,4191277618,PO-2026-00206,2026-03-02,2026-04-01,Investec,580105,330694702,1904.88,285.73,2190.61,1,A,0,,
INV-00110,INV-00110.pdf,INV2505530,SUP-0026,Brakpan Sheet Metal (Pty) Ltd,4191277618,PO-2025-00047,2025-10-13,2025-11-12,Investec,580105,330694702,110700.54,16605.08,127305.62,4,A,0,,E09_DATE_ANOMALY
INV-00111,INV-00111.pdf,INV2606059,SUP-0031,Sebenza Workwear (Pty) Ltd,4137697806,PO-2026-00331,2026-02-03,2026-03-05,Nedbank,198765,142247922,6961.23,1044.18,8005.41,3,B,1,,
INV-00112,INV-00112.pdf,TI2503318,SUP-0030,Elandsfontein Rubber (Pty) Ltd,4324904261,PO-2025-00255,2025-12-08,2026-01-07,Nedbank,198765,827736293,1946.8,292.02,2238.82,1,B,0,,
INV-00113,INV-00113.pdf,005520A,SUP-0026,Brakpan Sheet Metal (Pty) Ltd,4191277618,PO-2025-00344,2025-12-12,2026-01-04,Investec,580105,330694702,45991.57,6898.74,52890.31,4,A,0,,E03_DUPLICATE
INV-00114,INV-00114.pdf,TI2605905,SUP-0028,Wadeville Hose and Coupling (Pty) Ltd,4374336397,PO-2026-00228,2026-08-26,2026-09-25,Nedbank,198765,1651987388,306.39,45.96,352.35,1,C,0,,
INV-00115,INV-00115.pdf,SI2607545,SUP-0016,Benoni Industrial Paints (Pty) Ltd,4688431792,PO-2026-00466,2026-06-17,2026-07-17,Capitec Business,470010,6520186947,10482.29,1572.34,12054.63,2,B,0,,
INV-00116,INV-00116.pdf,SI2508719,SUP-0020,Krugersdorp Chain and Sprocket (Pty) Ltd,4945218640,PO-2025-00288,2025-12-30,2026-02-28,Capitec Business,470010,1887809026,8751.92,1312.79,10064.71,2,D,0,,
INV-00117,INV-00117.pdf,TI2607602,SUP-0042,Crown Mines Motor Spares (Pty) Ltd,4021856678,PO-2026-00296,2026-08-05,2026-10-04,Standard Bank,051001,200689969,73937.36,11090.6,85027.96,1,C,0,,
INV-00118,INV-00118.pdf,002688,SUP-0024,Randburg Instrumentation (Pty) Ltd,4476453990,PO-2026-00186,2026-05-18,2026-06-17,Investec,580105,76652374914,39909.15,5986.37,45895.52,2,A,0,,E01_PRICE_VARIANCE
INV-00119,INV-00119.pdf,SI2605892,SUP-0039,Robertsham Glass and Perspex (Pty) Ltd,4519492735,PO-2026-00243,2026-05-27,2026-06-26,Capitec Business,470010,63734875647,27442.24,4116.34,31558.58,2,C,0,,
INV-00120,INV-00120.pdf,TI2601616,SUP-0004,Sandton Electrical Wholesale (Pty) Ltd,4946420230,PO-2025-00188,2026-01-07,2026-02-06,Capitec Business,470010,854779841,50918.65,7643.41,58562.06,3,D,0,,E05_VAT_ERROR
INV-00121,INV-00121.pdf,006056,SUP-0031,Sebenza Workwear (Pty) Ltd,4137697806,PO-2026-00213,2026-07-21,2026-08-20,Nedbank,198765,142247922,131.9,19.79,151.69,1,A,0,,
INV-00122,INV-00122.pdf,INV2688162,SUP-0012,Tshwane Pneumatics (Pty) Ltd,4985326213,PO-2026-00042,2026-06-04,2026-07-19,First National Bank,250655,3340180146,206291.5,30943.73,237235.23,2,B,0,,E12_GOODS_NOT_RECEIVED
INV-00123,INV-00123.pdf,TI2608726,SUP-0020,Krugersdorp Chain and Sprocket (Pty) Ltd,4945218640,PO-2026-00014,2026-08-24,2026-10-23,Capitec Business,470010,1887809026,21035.0,3155.25,24190.25,1,B,0,,E01_PRICE_VARIANCE
INV-00124,INV-00124.pdf,SI2504999,SUP-0010,Germiston Tool Hire (Pty) Ltd,4336812635,PO-2025-00056,2025-09-07,2025-10-07,Standard Bank,051001,320010260,163201.48,24480.22,187681.7,3,A,1,,E09_DATE_ANOMALY
INV-00125,INV-00125.pdf,SI2606014,SUP-0022,Nigel Compressor Services (Pty) Ltd,4031702488,PO-2026-00403,2026-06-17,2026-08-16,Nedbank,198765,0657675921,45624.4,6843.66,52468.06,3,C,1,,
INV-00126,INV-00126.pdf,INV2694939,SUP-0025,Sasolburg Pipe and Fittings (Pty) Ltd,4728868642,,2026-05-14,2026-06-13,Standard Bank,051001,68910965089,41971.04,6295.66,48266.7,1,A,0,,E04_NO_PO|E10_THRESHOLD_SPLIT
INV-00127,INV-00127.pdf,INV2630140,SUP-0016,Benoni Industrial Paints (Pty) Ltd,4688431792,PO-2026-94536,2026-08-18,2026-09-17,Capitec Business,470010,6520186947,13278.88,1991.83,15270.71,2,D,0,,E04_NO_PO
INV-00128,INV-00128.pdf,008099,SUP-0011,Karoo Abrasives (Pty) Ltd,4876863215,PO-2026-00462,2026-06-19,2026-08-03,Absa Bank,632005,4414046038,3075.8,430.61,3506.41,1,C,0,,E05_VAT_ERROR
INV-00129,INV-00129.pdf,005519,SUP-0026,Brakpan Sheet Metal (Pty) Ltd,4191277618,PO-2026-00059,2026-01-11,2026-02-10,Investec,580105,330694702,2511.0,376.65,2887.65,1,B,0,,E09_DATE_ANOMALY
INV-00130,INV-00130.pdf,TI2605533,SUP-0026,Brakpan Sheet Metal (Pty) Ltd,4191277618,PO-2026-00390,2026-02-16,2026-03-18,Investec,580105,330694702,924.01,129.36,1053.37,1,B,0,,E05_VAT_ERROR
INV-00131,INV-00131.pdf,TI2503008,SUP-0001,Midrand Bearing Supplies (Pty) Ltd,4310265355,PO-2025-00190,2025-11-17,2026-01-16,First National Bank,250655,9308836478,20470.11,3070.52,23540.63,3,A,1,tax_invoice_wording,E11_INVALID_TAX_INVOICE
INV-00132,INV-00132.pdf,TI2604164,SUP-0018,Springs Gearbox Services (Pty) Ltd,4292138514,PO-2026-00191,2026-08-20,2026-09-19,Standard Bank,051001,87770767045,1752.56,262.88,2015.44,2,A,0,,
INV-00133,INV-00133.pdf,TI2604281,SUP-0023,Modderfontein Chemicals (Pty) Ltd,4286297325,PO-2026-00232,2026-05-29,2026-06-28,Standard Bank,051001,9128660241,8626.4,1293.96,9920.36,1,A,0,,E02_QTY_OVER_BILLED
INV-00134,INV-00134.pdf,SI2605113,SUP-0036,Booysens Battery Centre (Pty) Ltd,4655761019,PO-2026-00275,2026-06-02,2026-07-02,Capitec Business,470010,2238708796,3683.31,552.5,4235.81,1,B,0,,E02_QTY_OVER_BILLED
INV-00135,INV-00135.pdf,TI2603990,SUP-0035,Selby Scrap and Recovery (Pty) Ltd,4920583702,PO-2026-00319,2026-09-04,2026-10-04,First National Bank,250655,4740218151,35591.35,5338.7,40930.05,4,A,0,,
INV-00136,INV-00136.pdf,INV2667882,SUP-0025,Sasolburg Pipe and Fittings (Pty) Ltd,4728868642,,2026-05-11,2026-06-10,Standard Bank,051001,68910965089,42689.55,6403.43,49092.98,1,A,0,,E04_NO_PO|E10_THRESHOLD_SPLIT
INV-00137,INV-00137.pdf,INV2606738,SUP-0041,City Deep Cold Storage Spares (Pty) Ltd,4587048565,PO-2026-00336,2026-08-10,2026-10-09,Nedbank,198765,2101929685,201150.25,30172.54,231322.79,1,D,0,,
INV-00138,INV-00138.pdf,TI2604277,SUP-0023,Modderfontein Chemicals (Pty) Ltd,4286297325,PO-2026-00314,2026-06-08,2026-07-08,Standard Bank,051001,9128660241,12664.09,1899.61,14563.7,2,A,0,,
INV-00139,INV-00139.pdf,SI2607605,SUP-0042,Crown Mines Motor Spares (Pty) Ltd,4021856678,PO-2026-00495,2026-07-27,2026-09-25,Standard Bank,051001,200689969,9358.26,1403.74,10762.0,1,D,0,,
INV-00140,INV-00140.pdf,INV2506734,SUP-0041,City Deep Cold Storage Spares (Pty) Ltd,4587048565,PO-2025-00348,2025-12-01,2026-01-30,Nedbank,198765,2101929685,40397.2,6059.58,46456.78,1,C,0,,
INV-00141,INV-00141.pdf,006010,SUP-0022,Nigel Compressor Services (Pty) Ltd,4031702488,PO-2025-00007,2025-12-10,2026-01-09,Nedbank,198765,0657675921,108188.62,16228.29,124416.91,3,B,0,,E09_DATE_ANOMALY
INV-00142,INV-00142.pdf,INV2605116,SUP-0036,Booysens Battery Centre (Pty) Ltd,4655761019,PO-2026-00107,2026-02-23,2026-03-25,Capitec Business,470010,2238708796,7801.36,1170.2,8971.56,1,B,0,,E01_PRICE_VARIANCE
INV-00143,INV-00143.pdf,INV2605911,SUP-0028,Wadeville Hose and Coupling (Pty) Ltd,4374336397,PO-2026-00135,2026-08-06,2026-09-05,Nedbank,198765,1651987388,29539.35,4430.9,33970.25,4,C,0,,E02_QTY_OVER_BILLED
INV-00144,INV-00144.pdf,INV2604174,SUP-0045,Salt River Marine Fittings (Pty) Ltd,4241849051,PO-2026-00279,2026-08-19,2026-09-18,Absa Bank,632005,037652732,22654.64,3398.2,26052.84,2,A,1,,E02_QTY_OVER_BILLED
INV-00145,INV-00145.pdf,INV2505003,SUP-0010,Germiston Tool Hire (Pty) Ltd,4336812635,PO-2025-00404,2025-12-15,2026-01-14,Standard Bank,051001,320010260,50143.33,8471.18,58614.51,3,B,0,,E05_VAT_ERROR
INV-00146,INV-00146.pdf,INV2508001,SUP-0006,Highveld Lubricants (Pty) Ltd,4347064497,PO-2025-00032,2025-11-10,2025-12-25,Standard Bank,051001,78748883154,66064.45,9909.67,75974.12,1,B,0,,E06_BANK_CHANGE
INV-00147,INV-00147.pdf,INV2503322,SUP-0030,Elandsfontein Rubber (Pty) Ltd,4324904261,PO-2025-00029,2025-11-26,2025-12-26,Nedbank,198765,827736293,20514.48,3077.17,23591.65,1,B,0,,E02_QTY_OVER_BILLED
INV-00148,INV-00148.pdf,008105,SUP-0034,Chamdor Forklift Spares (Pty) Ltd,4769493085,PO-2026-00102,2026-03-23,2026-05-07,Standard Bank,051001,924335587,49137.52,7370.63,56508.15,2,B,0,tax_invoice_wording,E11_INVALID_TAX_INVOICE
INV-00149,INV-00149.pdf,SI2508112,SUP-0034,Chamdor Forklift Spares (Pty) Ltd,4769493085,PO-2025-00246,2025-10-12,2025-11-11,Standard Bank,051001,924335587,22486.4,3372.96,25859.36,1,A,0,,E09_DATE_ANOMALY
INV-00150,INV-00150.pdf,INV2502149,SUP-0009,Rand Safety Equipment (Pty) Ltd,4678043946,PO-2025-00410,2025-10-31,2025-12-30,Capitec Business,470010,02375179999,466.92,70.04,536.96,1,C,0,,
INV-00151,INV-00151.pdf,TI2506066,SUP-0031,Sebenza Workwear (Pty) Ltd,4137697806,PO-2025-00263,2025-11-24,2025-12-24,Nedbank,198765,142247922,10614.5,1592.18,12206.68,1,B,0,supplier_vat_number,E11_INVALID_TAX_INVOICE
INV-00152,INV-00152.pdf,TI2605846,SUP-0017,Roodepoort Motor Rewinds (Pty) Ltd,4443768103,PO-2026-00070,2026-03-09,2026-04-23,Investec,580105,04168918377,96488.3,14473.25,110961.55,2,D,0,,E01_PRICE_VARIANCE
INV-00153,INV-00153.pdf,SI2604179,SUP-0045,Salt River Marine Fittings (Pty) Ltd,4241849051,PO-2025-00269,2026-01-16,2026-02-15,Absa Bank,632005,037652732,3670.82,550.62,4221.44,1,B,0,,
INV-00154,INV-00154.pdf,INV2604175,SUP-0045,Salt River Marine Fittings (Pty) Ltd,4241849051,PO-2026-00430,2026-03-03,2026-04-02,Absa Bank,632005,037652732,973.68,146.05,1119.73,1,A,0,,
INV-00155,INV-00155.pdf,TI2608268,SUP-0002,Vaal Steel Merchants (Pty) Ltd,4096043968,PO-2026-00258,2026-04-22,2026-06-06,Capitec Business,470010,20285660330,7659.96,1148.99,8808.95,3,C,0,,
INV-00156,INV-00156.pdf,SI2508409,SUP-0032,Linbro Park Hardware (Pty) Ltd,4376480389,PO-2025-00145,2025-12-08,2026-02-06,Investec,580105,0685325346,825.63,123.84,949.47,1,A,0,,
INV-00157,INV-00157.pdf,004269,SUP-0023,Modderfontein Chemicals (Pty) Ltd,4286297325,PO-2025-00199,2026-01-14,2026-02-13,Standard Bank,051001,9128660241,8136.06,1220.41,9356.47,1,A,0,,
INV-00158,INV-00158.pdf,TI2508721,SUP-0020,Krugersdorp Chain and Sprocket (Pty) Ltd,4945218640,PO-2025-00513,2025-12-10,2026-02-08,Capitec Business,470010,1887809026,9451.04,1417.66,10868.7,2,B,0,,
INV-00159,INV-00159.pdf,INV2506062,SUP-0031,Sebenza Workwear (Pty) Ltd,4137697806,PO-2025-00019,2025-11-13,2025-12-13,Nedbank,198765,142247922,3760.15,564.02,4324.17,1,A,0,,E01_PRICE_VARIANCE
INV-00160,INV-00160.pdf,006504,SUP-0037,Denver Crane Services (Pty) Ltd,4445358060,PO-2025-00323,2025-11-05,2025-12-05,First National Bank,250655,4719531319,12933.54,1940.03,14873.57,1,B,0,,E01_PRICE_VARIANCE
INV-00161,INV-00161.pdf,SI2508739,SUP-0015,Alberton Seal and Gasket (Pty) Ltd,4766946128,PO-2025-00515,2025-11-04,2025-12-04,First National Bank,250655,76774682715,157.16,24.77,181.93,1,B,1,,E05_VAT_ERROR
INV-00162,INV-00162.pdf,TI2605366,SUP-0007,Cape Conveyor Systems (Pty) Ltd,4566819266,PO-2026-00134,2026-07-14,2026-08-28,Investec,580105,1697533888,16278.4,2441.76,18720.16,1,D,0,,
INV-00163,INV-00163.pdf,TI2603005,SUP-0001,Midrand Bearing Supplies (Pty) Ltd,4310265355,PO-2026-00418,2026-05-04,2026-07-03,First National Bank,250655,9308836478,21939.75,3290.96,25230.71,3,C,0,supplier_vat_number,E11_INVALID_TAX_INVOICE
INV-00164,INV-00164.pdf,TI2606074,SUP-0031,Sebenza Workwear (Pty) Ltd,4137697806,PO-2026-00187,2026-06-03,2026-07-03,Nedbank,198765,142247922,1919.54,287.93,2207.47,2,C,0,,
INV-00165,INV-00165.pdf,INV2603451,SUP-0040,Ophirton Hydraulic Rams (Pty) Ltd,4746494091,PO-2026-00291,2026-07-16,2026-08-15,Capitec Business,470010,2553281416,1171.68,175.75,1347.43,1,A,0,,E02_QTY_OVER_BILLED
INV-00166,INV-00166.pdf,006008,SUP-0022,Nigel Compressor Services (Pty) Ltd,4031702488,PO-2026-00225,2026-05-21,2026-07-20,Nedbank,198765,0657675921,245642.95,36846.44,282489.39,2,A,0,,
INV-00167,INV-00167.pdf,TI2602448,SUP-0012,Tshwane Pneumatics (Pty) Ltd,4985326213,PO-2026-00111,2026-09-09,2026-10-24,First National Bank,250655,3340180146,89447.44,13417.12,102864.56,2,A,1,,
INV-00168,INV-00168.pdf,INV2605885,SUP-0039,Robertsham Glass and Perspex (Pty) Ltd,4519492735,PO-2026-00220,2026-06-23,2026-07-23,Capitec Business,470010,63734875647,73507.55,11026.13,84533.68,2,D,1,,
INV-00169,INV-00169.pdf,INV2602755,SUP-0044,Village Main Instruments (Pty) Ltd,4043496765,PO-2026-00293,2026-04-22,2026-05-22,Absa Bank,632005,696049115,23588.75,3565.65,27154.4,2,A,0,,E05_VAT_ERROR
INV-00170,INV-00170.pdf,INV2657607,SUP-0040,Ophirton Hydraulic Rams (Pty) Ltd,4746494091,PO-2026-98934,2026-05-01,2026-05-31,Capitec Business,470010,2553281416,1660.98,249.15,1910.13,2,C,0,,E04_NO_PO
INV-00171,INV-00171.pdf,TI2604574,SUP-0043,New Centre Gas and Gear (Pty) Ltd,4763833892,PO-2026-00405,2026-02-23,2026-03-25,Investec,580105,1829516973,64934.2,9740.13,74674.33,3,B,0,,E01_PRICE_VARIANCE
INV-00172,INV-00172.pdf,003017,SUP-0001,Midrand Bearing Supplies (Pty) Ltd,4310265355,PO-2025-00488,2025-11-06,2026-01-05,First National Bank,250655,9308836478,53366.72,8314.93,61681.65,4,B,0,,E05_VAT_ERROR
INV-00173,INV-00173.pdf,INV2608101,SUP-0011,Karoo Abrasives (Pty) Ltd,4876863215,PO-2026-00078,2026-07-03,2026-08-17,Absa Bank,632005,4414046038,825.23,123.78,949.01,1,A,1,,
INV-00174,INV-00174.pdf,INV2603731,SUP-0005,Boksburg Fastener Co (Pty) Ltd,4796728484,PO-2026-00077,2026-09-08,2026-10-08,Investec,580105,2849751901,12872.4,1930.86,14803.26,2,D,0,,
INV-00175,INV-00175.pdf,INV2629388,SUP-0042,Crown Mines Motor Spares (Pty) Ltd,4021856678,PO-2026-96727,2026-09-15,2026-10-15,Standard Bank,051001,200689969,60878.68,9131.8,70010.48,2,D,0,,E04_NO_PO
INV-00176,INV-00176.pdf,SI2506002,SUP-0022,Nigel Compressor Services (Pty) Ltd,4031702488,PO-2025-00283,2025-12-18,2026-02-16,Nedbank,198765,0657675921,89533.09,13429.96,102963.05,3,A,0,,
INV-00177,INV-00177.pdf,INV2606387-R,SUP-0027,Kya Sand Plastics (Pty) Ltd,4888235541,PO-2025-00101,2026-01-13,2026-02-04,Absa Bank,632005,2962016583,60690.84,9103.63,69794.47,2,C,0,,E03_DUPLICATE
INV-00178,INV-00178.pdf,INV2690337,SUP-0031,Sebenza Workwear (Pty) Ltd,4137697806,PO-2026-00050,2026-08-03,2026-09-02,Nedbank,198765,142247922,464.04,69.61,533.65,1,C,0,,E12_GOODS_NOT_RECEIVED
INV-00179,INV-00179.pdf,INV2679092,SUP-0039,Robertsham Glass and Perspex (Pty) Ltd,4519492735,PO-2026-00069,2026-07-16,2026-08-15,Capitec Business,470010,63734875647,113187.91,16978.19,130166.1,2,A,0,,E12_GOODS_NOT_RECEIVED
INV-00180,INV-00180.pdf,INV2606387,SUP-0027,Kya Sand Plastics (Pty) Ltd,4888235541,PO-2025-00101,2026-01-05,2026-02-04,Absa Bank,632005,2962016583,60690.84,9103.63,69794.47,2,B,0,,
INV-00181,INV-00181.pdf,INV2603328,SUP-0030,Elandsfontein Rubber (Pty) Ltd,4324904261,PO-2026-00048,2026-07-27,2026-08-26,Nedbank,198765,827736293,11915.47,1787.32,13702.79,3,B,0,,
INV-00182,INV-00182.pdf,TI2605539,SUP-0026,Brakpan Sheet Metal (Pty) Ltd,4191277618,PO-2026-00016,2026-05-27,2026-06-26,Investec,580105,330694702,18262.83,2739.42,21002.25,2,C,0,,
INV-00183,INV-00183.pdf,INV2622999,SUP-0034,Chamdor Forklift Spares (Pty) Ltd,4769493085,,2026-04-20,2026-05-20,Standard Bank,051001,924335587,16063.1,2409.47,18472.57,2,A,0,,E04_NO_PO
INV-00184,INV-00184.pdf,INV2604267,SUP-0023,Modderfontein Chemicals (Pty) Ltd,4286297325,PO-2026-00121,2026-06-01,2026-07-01,First National Bank,250655,72779060342,38209.56,5731.43,43940.99,2,C,0,,E06_BANK_CHANGE
INV-00185,INV-00185.pdf,INV2627451,SUP-0019,Edenvale Filtration (Pty) Ltd,4716646430,,2026-07-20,2026-08-19,First National Bank,250655,571310804,6156.89,923.53,7080.42,2,C,0,,E04_NO_PO|E07_UNAPPROVED_SUPPLIER
INV-00186,INV-00186.pdf,INV2608523,SUP-0008,Umgeni Valve and Pump (Pty) Ltd,4801010427,PO-2026-00137,2026-03-11,2026-05-10,Capitec Business,470010,2502045665,15811.48,2371.72,18183.2,1,D,0,,E08_ARITHMETIC
INV-00187,INV-00187.pdf,SI2604960,SUP-0013,Isando Welding Supplies (Pty) Ltd,4590357816,PO-2026-00422,2026-04-29,2026-06-13,Nedbank,198765,92730777461,10302.9,1545.44,11848.34,2,A,0,,E01_PRICE_VARIANCE
INV-00188,INV-00188.pdf,TI2605536,SUP-0026,Brakpan Sheet Metal (Pty) Ltd,4191277618,PO-2026-00083,2026-01-26,2026-02-25,Investec,580105,330694702,11051.0,1657.65,12708.65,1,B,0,,
INV-00189,INV-00189.pdf,INV2699704,SUP-0021,Witbank Belting (Pty) Ltd,4604536863,,2026-09-25,2026-10-25,Investec,580105,27697013193,34176.99,5126.55,39303.54,2,C,0,,E04_NO_PO|E07_UNAPPROVED_SUPPLIER
INV-00190,INV-00190.pdf,INV2503981,SUP-0035,Selby Scrap and Recovery (Pty) Ltd,4920583702,PO-2025-00175,2025-11-11,2025-12-11,First National Bank,250655,4740218151,11055.7,1658.36,12714.06,1,D,0,,
INV-00191,INV-00191.pdf,TI2602147,SUP-0009,Rand Safety Equipment (Pty) Ltd,4678043946,PO-2026-00085,2026-02-02,2026-04-03,Capitec Business,470010,02375179999,1752.24,262.84,2015.08,2,D,0,,
INV-00192,INV-00192.pdf,SI2606742,SUP-0041,City Deep Cold Storage Spares (Pty) Ltd,4587048565,PO-2026-00178,2026-09-10,2026-11-09,Nedbank,198765,2101929685,229842.56,34476.38,264318.94,2,D,0,,
INV-00193,INV-00193.pdf,TI2606080,SUP-0031,Sebenza Workwear (Pty) Ltd,4137697806,PO-2026-00510,2026-03-06,2026-04-05,Nedbank,198765,142247922,121.14,18.17,139.31,1,A,0,,
INV-00194,INV-00194.pdf,008113,SUP-0034,Chamdor Forklift Spares (Pty) Ltd,4769493085,PO-2026-00090,2026-02-16,2026-04-02,Standard Bank,051001,924335587,13173.6,1976.04,15149.64,2,B,0,,
INV-00195,INV-00195.pdf,TI2507636,SUP-0025,Sasolburg Pipe and Fittings (Pty) Ltd,4728868642,PO-2025-00508,2025-12-29,2026-01-28,Standard Bank,051001,68910965089,10461.05,1569.16,12030.21,2,D,0,,
INV-00196,INV-00196.pdf,TI2605358,SUP-0007,Cape Conveyor Systems (Pty) Ltd,4566819266,PO-2026-00130,2026-03-09,2026-04-23,Investec,580105,1697533888,68364.71,10254.71,78619.42,3,C,0,,
INV-00197,INV-00197.pdf,TI2608527,SUP-0008,Umgeni Valve and Pump (Pty) Ltd,4801010427,PO-2026-00161,2026-05-07,2026-07-06,Capitec Business,470010,2502045665,35265.66,5289.85,40555.51,3,A,0,,
INV-00198,INV-00198.pdf,TI2608174,SUP-0003,Protea Hydraulics (Pty) Ltd,4709743620,PO-2026-00358,2026-08-24,2026-09-23,Investec,580105,783262215,508.85,76.33,585.18,1,B,0,,
INV-00199,INV-00199.pdf,TI2605898,SUP-0028,Wadeville Hose and Coupling (Pty) Ltd,4374336397,PO-2026-00253,2026-08-26,2026-09-25,Nedbank,198765,1651987388,100445.93,15066.89,115512.82,3,D,0,,E02_QTY_OVER_BILLED
INV-00200,INV-00200.pdf,SI2607539,SUP-0016,Benoni Industrial Paints (Pty) Ltd,4688431792,PO-2026-00113,2026-05-28,2026-06-27,Capitec Business,470010,6520186947,23761.83,3564.27,27326.1,2,C,0,,E01_PRICE_VARIANCE
INV-00201,INV-00201.pdf,INV2606729,SUP-0041,City Deep Cold Storage Spares (Pty) Ltd,4587048565,PO-2026-00115,2026-01-22,2026-03-23,Nedbank,198765,2101929685,149671.15,22450.67,172121.82,2,D,0,,
INV-00202,INV-00202.pdf,INV2680743,SUP-0018,Springs Gearbox Services (Pty) Ltd,4292138514,PO-2026-00073,2026-08-10,2026-09-09,Standard Bank,051001,87770767045,9069.6,1360.44,10430.04,2,B,0,,E12_GOODS_NOT_RECEIVED
INV-00203,INV-00203.pdf,TI2503452,SUP-0040,Ophirton Hydraulic Rams (Pty) Ltd,4746494091,PO-2025-00100,2025-12-10,2026-01-09,Capitec Business,470010,2553281416,4531.75,753.77,5285.52,1,A,0,,E05_VAT_ERROR
INV-00204,INV-00204.pdf,TI2602682,SUP-0024,Randburg Instrumentation (Pty) Ltd,4476453990,PO-2026-00473,2026-06-10,2026-07-10,Investec,580105,76652374914,92892.95,13933.94,106826.89,2,B,0,,E02_QTY_OVER_BILLED
INV-00205,INV-00205.pdf,TI2502150,SUP-0009,Rand Safety Equipment (Pty) Ltd,4678043946,PO-2025-00131,2025-10-21,2025-12-20,Capitec Business,470010,02375179999,8450.59,1267.59,9718.18,4,B,0,,
INV-00206,INV-00206.pdf,TI2606723,SUP-0041,City Deep Cold Storage Spares (Pty) Ltd,4587048565,PO-2026-00157,2026-01-27,2026-03-28,Nedbank,198765,2101929685,29756.77,4463.52,34220.29,2,C,0,,
INV-00207,INV-00207.pdf,INV2603724,SUP-0005,Boksburg Fastener Co (Pty) Ltd,4796728484,PO-2026-00143,2026-09-21,2026-10-21,Investec,580105,2849751901,11084.16,1662.62,12746.78,1,D,0,,
INV-00208,INV-00208.pdf,004170,SUP-0045,Salt River Marine Fittings (Pty) Ltd,4241849051,PO-2025-00491,2025-12-31,2026-01-30,Absa Bank,632005,037652732,44744.96,6711.74,51456.7,2,A,0,,E01_PRICE_VARIANCE
INV-00209,INV-00209.pdf,SI2607611,SUP-0042,Crown Mines Motor Spares (Pty) Ltd,4021856678,PO-2026-00354,2026-05-15,2026-07-14,Standard Bank,051001,200689969,73126.84,10969.03,84095.87,2,A,0,,E02_QTY_OVER_BILLED
INV-00210,INV-00210.pdf,INV2604175A,SUP-0045,Salt River Marine Fittings (Pty) Ltd,4241849051,PO-2026-00430,2026-03-11,2026-04-02,Absa Bank,632005,037652732,973.68,146.05,1119.73,1,D,1,,E03_DUPLICATE
INV-00211,INV-00211.pdf,TI2603457,SUP-0040,Ophirton Hydraulic Rams (Pty) Ltd,4746494091,PO-2026-00353,2026-03-05,2026-04-04,Capitec Business,470010,2553281416,42421.0,6363.15,48784.15,1,B,0,,
INV-00212,INV-00212.pdf,007737,SUP-0029,Jet Park Packaging (Pty) Ltd,4206223375,PO-2025-00189,2025-11-28,2026-01-27,First National Bank,250655,294465182,1911.15,286.67,2197.82,2,A,1,,
INV-00213,INV-00213.pdf,INV2539157,SUP-0018,Springs Gearbox Services (Pty) Ltd,4292138514,PO-2026-95374,2025-11-12,2025-12-12,Standard Bank,051001,87770767045,18993.25,2848.99,21842.24,2,D,1,,E04_NO_PO
INV-00214,INV-00214.pdf,TI2502563,SUP-0038,Cleveland Bolt Supplies (Pty) Ltd,4220502518,PO-2025-00020,2025-11-24,2025-12-24,Capitec Business,470010,300763464,308.6,46.29,354.89,1,A,1,,E02_QTY_OVER_BILLED
INV-00215,INV-00215.pdf,006004,SUP-0022,Nigel Compressor Services (Pty) Ltd,4031702488,PO-2025-00435,2026-01-20,2026-03-21,Nedbank,198765,0657675921,87201.04,13080.16,100281.2,3,A,1,,
INV-00216,INV-00216.pdf,005369,SUP-0007,Cape Conveyor Systems (Pty) Ltd,4566819266,PO-2026-00144,2026-07-13,2026-08-27,Investec,580105,1697533888,114543.46,17181.52,131724.98,3,A,0,,
INV-00217,INV-00217.pdf,TI2508008,SUP-0006,Highveld Lubricants (Pty) Ltd,4347064497,PO-2025-00207,2025-12-15,2026-01-29,First National Bank,250655,0173497462,10798.36,1619.75,12418.11,1,C,0,,
INV-00218,INV-00218.pdf,SI2605844,SUP-0017,Roodepoort Motor Rewinds (Pty) Ltd,4443768103,PO-2025-00367,2026-01-09,2026-02-23,Investec,580105,04168918377,75963.36,11394.5,87357.86,1,C,0,,
INV-00219,INV-00219.pdf,SI2606503,SUP-0037,Denver Crane Services (Pty) Ltd,4445358060,PO-2026-00272,2026-01-12,2026-02-11,First National Bank,250655,4719531319,52161.18,7824.18,59985.36,2,A,1,,E02_QTY_OVER_BILLED
INV-00220,INV-00220.pdf,INV2602758,SUP-0044,Village Main Instruments (Pty) Ltd,4043496765,PO-2026-00322,2026-05-04,2026-06-03,Absa Bank,632005,696049115,20549.18,3100.45,23649.63,2,A,0,,E05_VAT_ERROR
INV-00221,INV-00221.pdf,INV2605743,SUP-0033,Aeroton Castors (Pty) Ltd,4398129039,PO-2026-00445,2026-04-02,2026-05-17,Standard Bank,051001,737734820,1023.6,153.54,1177.14,1,B,0,,
INV-00222,INV-00222.pdf,TI2606501,SUP-0037,Denver Crane Services (Pty) Ltd,4445358060,PO-2026-00150,2026-04-22,2026-05-22,First National Bank,250655,4719531319,522472.66,78370.9,600843.56,2,D,0,,
INV-00223,INV-00223.pdf,INV2508005,SUP-0006,Highveld Lubricants (Pty) Ltd,4347064497,PO-2025-00315,2025-11-21,2026-01-05,First National Bank,250655,0173497462,96423.93,14463.59,110887.52,3,A,0,supplier_vat_number,E11_INVALID_TAX_INVOICE
INV-00224,INV-00224.pdf,INV2680397,SUP-0014,Kempton Cable Works (Pty) Ltd,4066746330,,2026-06-15,2026-07-15,First National Bank,250655,468719544,4839.83,725.97,5565.8,2,A,0,,E04_NO_PO|E07_UNAPPROVED_SUPPLIER
INV-00225,INV-00225.pdf,INV2605007,SUP-0010,Germiston Tool Hire (Pty) Ltd,4336812635,PO-2026-00251,2026-07-17,2026-08-16,Standard Bank,051001,320010260,15083.15,2262.47,17345.62,1,B,0,,E01_PRICE_VARIANCE
INV-00226,INV-00226.pdf,TI2508008,SUP-0006,Highveld Lubricants (Pty) Ltd,4347064497,PO-2025-00207,2025-12-15,2026-01-29,First National Bank,250655,0173497462,10798.36,1619.75,12418.11,1,C,1,,E03_DUPLICATE
INV-00227,INV-00227.pdf,INV2606064,SUP-0031,Sebenza Workwear (Pty) Ltd,4137697806,PO-2026-00518,2026-03-02,2026-04-01,Nedbank,198765,142247922,32372.59,4855.89,37228.48,4,B,0,,
INV-00228,INV-00228.pdf,TI2602752,SUP-0044,Village Main Instruments (Pty) Ltd,4043496765,PO-2026-00217,2026-09-03,2026-10-03,Absa Bank,632005,696049115,22255.8,3338.37,25594.17,2,A,0,,
INV-00229,INV-00229.pdf,TI2603012,SUP-0001,Midrand Bearing Supplies (Pty) Ltd,4310265355,PO-2026-00347,2026-06-10,2026-08-09,First National Bank,250655,9308836478,8793.72,1319.06,10112.78,3,A,0,,
INV-00230,INV-00230.pdf,SI2608728,SUP-0015,Alberton Seal and Gasket (Pty) Ltd,4766946128,PO-2026-00362,2026-07-01,2026-07-31,First National Bank,250655,76774682715,6202.59,930.39,7132.98,3,A,1,,E08_ARITHMETIC
INV-00231,INV-00231.pdf,INV2501612,SUP-0004,Sandton Electrical Wholesale (Pty) Ltd,4946420230,PO-2025-00091,2025-11-24,2025-12-24,Capitec Business,470010,854779841,3749.23,562.38,4311.61,2,C,0,,
INV-00232,INV-00232.pdf,005372,SUP-0007,Cape Conveyor Systems (Pty) Ltd,4566819266,PO-2025-00482,2025-12-22,2026-02-05,Investec,580105,1697533888,51403.84,7710.58,59114.42,1,B,0,,
INV-00233,INV-00233.pdf,008109,SUP-0034,Chamdor Forklift Spares (Pty) Ltd,4769493085,PO-2026-00365,2026-05-07,2026-06-21,Standard Bank,051001,924335587,10816.1,1622.42,12438.52,2,D,0,recipient_name,E11_INVALID_TAX_INVOICE
INV-00234,INV-00234.pdf,TI2603320,SUP-0030,Elandsfontein Rubber (Pty) Ltd,4324904261,PO-2026-00221,2026-04-20,2026-05-20,Nedbank,198765,827736293,29321.5,4398.23,33719.73,1,D,0,,
INV-00235,INV-00235.pdf,002443,SUP-0012,Tshwane Pneumatics (Pty) Ltd,4985326213,PO-2026-00268,2026-06-29,2026-08-13,Nedbank,198765,69200018496,14226.78,2134.02,16360.8,1,B,0,,E06_BANK_CHANGE
INV-00236,INV-00236.pdf,INV2602769,SUP-0044,Village Main Instruments (Pty) Ltd,4043496765,PO-2026-00002,2026-06-04,2026-07-04,Absa Bank,632005,696049115,238595.5,35789.33,274384.83,1,D,0,,
INV-00237,INV-00237.pdf,002566,SUP-0038,Cleveland Bolt Supplies (Pty) Ltd,4220502518,PO-2026-00484,2026-06-15,2026-07-15,Capitec Business,470010,300763464,53422.6,8013.39,61435.99,3,A,0,,
INV-00238,INV-00238.pdf,TI2606733,SUP-0041,City Deep Cold Storage Spares (Pty) Ltd,4587048565,PO-2026-00088,2026-04-20,2026-06-19,Nedbank,198765,2101929685,1308776.56,196316.48,1505093.04,2,A,1,,
INV-00239,INV-00239.pdf,TI2603722,SUP-0005,Boksburg Fastener Co (Pty) Ltd,4796728484,PO-2026-00110,2026-06-15,2026-07-15,Investec,580105,2849751901,14548.8,2182.32,16731.12,1,B,0,invoice_date,E11_INVALID_TAX_INVOICE
INV-00240,INV-00240.pdf,005520,SUP-0026,Brakpan Sheet Metal (Pty) Ltd,4191277618,PO-2025-00344,2025-12-05,2026-01-04,Investec,580105,330694702,45991.57,6898.74,52890.31,4,A,0,,
INV-00241,INV-00241.pdf,SI2608262,SUP-0002,Vaal Steel Merchants (Pty) Ltd,4096043968,PO-2026-00287,2026-08-05,2026-09-19,Capitec Business,470010,20285660330,10804.86,1620.73,12425.59,2,B,0,,
INV-00242,INV-00242.pdf,INV2603984,SUP-0035,Selby Scrap and Recovery (Pty) Ltd,4920583702,PO-2026-00127,2026-09-01,2026-10-01,First National Bank,250655,4740218151,19401.42,2910.21,22311.63,3,B,0,,
INV-00243,INV-00243.pdf,SI2504272,SUP-0023,Modderfontein Chemicals (Pty) Ltd,4286297325,PO-2025-00349,2025-11-07,2025-12-07,Standard Bank,051001,9128660241,15013.04,2251.96,17265.0,2,A,0,,E08_ARITHMETIC
INV-00244,INV-00244.pdf,TI2607604,SUP-0042,Crown Mines Motor Spares (Pty) Ltd,4021856678,PO-2025-00117,2026-01-09,2026-03-10,Standard Bank,051001,200689969,97630.16,14644.52,112274.68,2,D,0,,
INV-00245,INV-00245.pdf,007997,SUP-0006,Highveld Lubricants (Pty) Ltd,4347064497,PO-2026-00432,2026-07-01,2026-08-15,First National Bank,250655,0173497462,10866.6,1629.99,12496.59,1,A,0,,
INV-00246,INV-00246.pdf,INV2508168,SUP-0003,Protea Hydraulics (Pty) Ltd,4709743620,PO-2025-00112,2025-11-19,2025-12-19,Investec,580105,783262215,31647.4,4747.11,36394.51,3,B,0,,E08_ARITHMETIC
INV-00247,INV-00247.pdf,008731,SUP-0015,Alberton Seal and Gasket (Pty) Ltd,4766946128,PO-2026-00096,2026-03-16,2026-04-15,First National Bank,250655,76774682715,9903.5,1485.53,11389.03,1,C,0,supplier_vat_number,E11_INVALID_TAX_INVOICE
INV-00248,INV-00248.pdf,005359,SUP-0007,Cape Conveyor Systems (Pty) Ltd,4566819266,PO-2025-00109,2025-11-07,2025-12-07,Investec,580105,1697533888,227999.44,34199.92,262199.36,3,C,0,,E09_DATE_ANOMALY
INV-00249,INV-00249.pdf,TI2603460,SUP-0040,Ophirton Hydraulic Rams (Pty) Ltd,4746494091,PO-2026-00198,2026-05-11,2026-06-10,Capitec Business,470010,2553281416,20529.7,3079.46,23609.16,2,A,0,,
INV-00250,INV-00250.pdf,TI2505360,SUP-0007,Cape Conveyor Systems (Pty) Ltd,4566819266,PO-2025-00177,2025-10-27,2025-12-11,Investec,580105,1697533888,35027.15,5254.07,40281.22,3,C,0,,
INV-00251,INV-00251.pdf,SI2607536,SUP-0016,Benoni Industrial Paints (Pty) Ltd,4688431792,PO-2025-00472,2026-01-19,2026-02-18,Capitec Business,470010,6520186947,15967.2,2395.08,18362.28,2,B,0,,
INV-00252,INV-00252.pdf,TI2604582,SUP-0043,New Centre Gas and Gear (Pty) Ltd,4763833892,PO-2026-00512,2026-02-18,2026-03-20,Investec,580105,1829516973,6391.11,958.67,7349.78,2,D,0,supplier_vat_number,E11_INVALID_TAX_INVOICE
INV-00253,INV-00253.pdf,003001,SUP-0001,Midrand Bearing Supplies (Pty) Ltd,4310265355,PO-2025-00424,2025-12-10,2026-02-08,First National Bank,250655,9308836478,44267.11,6640.07,50907.18,3,A,0,,E03_DUPLICATE
INV-00254,INV-00254.pdf,SI2608519,SUP-0008,Umgeni Valve and Pump (Pty) Ltd,4801010427,PO-2026-00146,2026-05-18,2026-07-17,Capitec Business,470010,2502045665,26611.16,3991.67,30602.83,1,A,0,,
INV-00255,INV-00255.pdf,002690,SUP-0024,Randburg Instrumentation (Pty) Ltd,4476453990,PO-2026-00179,2026-07-20,2026-08-19,Investec,580105,76652374914,24767.98,3715.2,28483.18,2,B,0,,E08_ARITHMETIC
INV-00256,INV-00256.pdf,007637,SUP-0025,Sasolburg Pipe and Fittings (Pty) Ltd,4728868642,PO-2026-00226,2026-07-17,2026-08-16,Standard Bank,051001,68910965089,5827.02,874.05,6701.07,2,A,0,,E08_ARITHMETIC
INV-00257,INV-00257.pdf,TI2605734,SUP-0033,Aeroton Castors (Pty) Ltd,4398129039,PO-2026-00363,2026-01-29,2026-03-15,Standard Bank,051001,737734820,291.64,43.75,335.39,1,A,1,,E01_PRICE_VARIANCE
INV-00258,INV-00258.pdf,SI2606498,SUP-0037,Denver Crane Services (Pty) Ltd,4445358060,PO-2026-00093,2026-06-24,2026-07-24,First National Bank,250655,4719531319,146078.12,21911.72,167989.84,2,A,1,,
INV-00259,INV-00259.pdf,TI2604160,SUP-0018,Springs Gearbox Services (Pty) Ltd,4292138514,PO-2026-00499,2026-07-20,2026-08-19,Standard Bank,051001,87770767045,15287.46,2293.12,17580.58,3,D,1,invoice_date,E11_INVALID_TAX_INVOICE
INV-00260,INV-00260.pdf,TI2608101,SUP-0034,Chamdor Forklift Spares (Pty) Ltd,4769493085,PO-2026-00067,2026-09-16,2026-10-31,Standard Bank,051001,924335587,10238.48,1535.77,11774.25,1,D,0,,
INV-00261,INV-00261.pdf,INV2606391,SUP-0027,Kya Sand Plastics (Pty) Ltd,4888235541,PO-2026-00423,2026-03-20,2026-04-19,Absa Bank,632005,2962016583,8690.28,1303.54,9993.82,1,C,0,,
INV-00262,INV-00262.pdf,INV2603726,SUP-0005,Boksburg Fastener Co (Pty) Ltd,4796728484,PO-2026-00011,2026-08-14,2026-09-13,Investec,580105,2849751901,1028.51,154.28,1182.79,2,B,1,,
INV-00263,INV-00263.pdf,005362,SUP-0007,Cape Conveyor Systems (Pty) Ltd,4566819266,PO-2025-00396,2025-12-11,2026-01-25,Investec,580105,1697533888,39605.68,5940.85,45546.53,2,A,0,,E08_ARITHMETIC
INV-00264,INV-00264.pdf,INV2506384,SUP-0027,Kya Sand Plastics (Pty) Ltd,4888235541,PO-2025-00447,2025-12-26,2026-01-25,Absa Bank,632005,2962016583,5834.82,875.22,6710.04,2,C,0,,
INV-00265,INV-00265.pdf,SI2603727,SUP-0005,Boksburg Fastener Co (Pty) Ltd,4796728484,PO-2026-00357,2026-03-16,2026-04-15,Investec,580105,2849751901,3301.26,495.19,3796.45,1,C,0,,
INV-00266,INV-00266.pdf,SI2602765,SUP-0044,Village Main Instruments (Pty) Ltd,4043496765,PO-2026-00479,2026-05-21,2026-06-20,Absa Bank,632005,696049115,52718.82,7907.82,60626.64,2,B,0,,
INV-00267,INV-00267.pdf,INV2604275,SUP-0023,Modderfontein Chemicals (Pty) Ltd,4286297325,PO-2026-00208,2026-08-18,2026-09-17,Absa Bank,632005,8456632750,1275.36,191.3,1466.66,1,A,0,,E06_BANK_CHANGE
INV-00268,INV-00268.pdf,INV2640453,SUP-0024,Randburg Instrumentation (Pty) Ltd,4476453990,PO-2026-00001,2026-06-23,2026-07-23,Investec,580105,76652374914,23550.48,3532.57,27083.05,1,D,0,,E12_GOODS_NOT_RECEIVED
INV-00269,INV-00269.pdf,INV2606388,SUP-0027,Kya Sand Plastics (Pty) Ltd,4888235541,PO-2026-00084,2026-07-06,2026-08-05,Absa Bank,632005,2962016583,37363.68,5604.55,42968.23,2,A,0,,E01_PRICE_VARIANCE
INV-00270,INV-00270.pdf,TI2605895,SUP-0028,Wadeville Hose and Coupling (Pty) Ltd,4374336397,PO-2026-00299,2026-04-02,2026-05-02,Nedbank,198765,1651987388,37790.32,5668.55,43458.87,1,D,0,,E02_QTY_OVER_BILLED
INV-00271,INV-00271.pdf,INV2552466,SUP-0030,Elandsfontein Rubber (Pty) Ltd,4324904261,PO-2025-00129,2025-11-28,2025-12-28,Nedbank,198765,827736293,16681.32,2502.2,19183.52,1,D,0,,E12_GOODS_NOT_RECEIVED
INV-00272,INV-00272.pdf,005901,SUP-0028,Wadeville Hose and Coupling (Pty) Ltd,4374336397,PO-2026-00333,2026-05-14,2026-06-13,Nedbank,198765,527771145,1865.0,279.75,2144.75,1,A,0,,E06_BANK_CHANGE
INV-00273,INV-00273.pdf,TI2608170A,SUP-0003,Protea Hydraulics (Pty) Ltd,4709743620,PO-2026-00457,2026-04-20,2026-05-15,Investec,580105,783262215,380158.5,57023.78,437182.28,1,D,1,,E03_DUPLICATE
INV-00274,INV-00274.pdf,TI2607630,SUP-0025,Sasolburg Pipe and Fittings (Pty) Ltd,4728868642,PO-2026-00425,2026-01-26,2026-02-25,Standard Bank,051001,68910965089,3547.16,532.07,4079.23,2,C,0,,
INV-00275,INV-00275.pdf,SI2508102,SUP-0034,Chamdor Forklift Spares (Pty) Ltd,4769493085,PO-2025-00142,2025-11-24,2026-01-08,Standard Bank,051001,924335587,22548.86,3382.33,25931.19,2,A,0,,
INV-00276,INV-00276.pdf,TI2607736,SUP-0029,Jet Park Packaging (Pty) Ltd,4206223375,PO-2026-00416,2026-04-13,2026-06-12,First National Bank,250655,294465182,3897.36,584.6,4481.96,1,B,0,,
INV-00277,INV-00277.pdf,INV2605842,SUP-0017,Roodepoort Motor Rewinds (Pty) Ltd,4443768103,PO-2026-00328,2026-05-20,2026-07-04,Investec,580105,04168918377,23358.96,3503.84,26862.8,1,A,0,,E01_PRICE_VARIANCE
INV-00278,INV-00278.pdf,SI2605747,SUP-0033,Aeroton Castors (Pty) Ltd,4398129039,PO-2026-00223,2026-05-27,2026-07-11,Standard Bank,051001,737734820,21175.58,3176.34,24351.92,2,B,0,,
INV-00279,INV-00279.pdf,SI2604579,SUP-0043,New Centre Gas and Gear (Pty) Ltd,4763833892,PO-2026-00489,2026-01-26,2026-02-25,Investec,580105,1829516973,1889.1,283.37,2172.47,1,C,0,,
INV-00280,INV-00280.pdf,TI2606723,SUP-0041,City Deep Cold Storage Spares (Pty) Ltd,4587048565,PO-2026-00157,2026-01-27,2026-03-28,Nedbank,198765,2101929685,29756.77,4463.52,34220.29,2,B,0,,E03_DUPLICATE
INV-00281,INV-00281.pdf,TI2507543,SUP-0016,Benoni Industrial Paints (Pty) Ltd,4688431792,PO-2025-00231,2025-12-18,2026-01-17,Capitec Business,470010,6520186947,17878.65,2681.8,20560.45,1,B,1,,
INV-00282,INV-00282.pdf,TI2603315,SUP-0030,Elandsfontein Rubber (Pty) Ltd,4324904261,PO-2025-00490,2026-01-06,2026-02-05,Nedbank,198765,827736293,6940.38,1041.06,7981.44,3,B,1,,
INV-00283,INV-00283.pdf,INV2505121,SUP-0036,Booysens Battery Centre (Pty) Ltd,4655761019,PO-2025-00312,2025-12-15,2026-01-14,Capitec Business,470010,2238708796,9765.92,1464.89,11230.81,2,B,0,,E01_PRICE_VARIANCE
INV-00284,INV-00284.pdf,003324,SUP-0030,Elandsfontein Rubber (Pty) Ltd,4324904261,PO-2026-00413,2026-08-21,2026-09-20,Nedbank,198765,827736293,54225.0,8133.75,62358.75,1,B,0,,
