grn_number,po_number,supplier_id,receipt_date,received_by,warehouse
GRN-2026-00001,PO-2026-00002,SUP-0044,2026-05-27,W. Mabaso,WH-B Wadeville
GRN-2026-00002,PO-2026-00003,SUP-0024,2026-01-27,O. Mthembu,WH-B Wadeville
GRN-2025-00003,PO-2025-00004,SUP-0033,2025-12-01,W. Mabaso,WH-A Sandton
GRN-2026-00004,PO-2026-00005,SUP-0002,2026-07-27,W. Mabaso,WH-A Sandton
GRN-2026-00005,PO-2026-00006,SUP-0039,2026-08-04,O. Mthembu,WH-B Wadeville
GRN-2026-00006,PO-2025-00007,SUP-0022,2026-01-01,E. du Plessis,WH-B Wadeville
GRN-2026-00007,PO-2026-00008,SUP-0030,2026-08-13,W. Mabaso,WH-A Sandton
GRN-2025-00008,PO-2025-00009,SUP-0043,2025-12-22,Z. Jacobs,WH-A Sandton
GRN-2026-00009,PO-2026-00010,SUP-0044,2026-05-18,W. Mabaso,WH-B Wadeville
GRN-2026-00010,PO-2026-00011,SUP-0005,2026-08-07,H. Ngobeni,WH-A Sandton
GRN-2026-00011,PO-2026-00012,SUP-0035,2026-04-07,H. Ngobeni,WH-A Sandton
GRN-2025-00012,PO-2025-00013,SUP-0036,2025-12-16,Z. Jacobs,WH-B Wadeville
GRN-2026-00013,PO-2026-00014,SUP-0020,2026-08-17,H. Ngobeni,WH-A Sandton
GRN-2025-00014,PO-2025-00015,SUP-0039,2025-10-23,Z. Jacobs,WH-B Wadeville
GRN-2026-00015,PO-2026-00016,SUP-0026,2026-05-18,E. du Plessis,WH-A Sandton
GRN-2025-00016,PO-2025-00017,SUP-0010,2025-12-02,E. du Plessis,WH-B Wadeville
GRN-2026-00017,PO-2026-00018,SUP-0041,2026-01-27,W. Mabaso,WH-B Wadeville
GRN-2025-00018,PO-2025-00019,SUP-0031,2025-11-10,Z. Jacobs,WH-A Sandton
GRN-2025-00019,PO-2025-00020,SUP-0038,2025-11-20,Z. Jacobs,WH-A Sandton
GRN-2026-00020,PO-2026-00021,SUP-0026,2026-01-23,H. Ngobeni,WH-B Wadeville
GRN-2026-00021,PO-2026-00022,SUP-0030,2026-08-03,E. du Plessis,WH-A Sandton
GRN-2025-00022,PO-2025-00023,SUP-0027,2025-11-13,W. Mabaso,WH-B Wadeville
GRN-2026-00023,PO-2026-00024,SUP-0013,2026-04-17,W. Mabaso,WH-A Sandton
GRN-2026-00024,PO-2026-00025,SUP-0045,2026-07-13,W. Mabaso,WH-B Wadeville
GRN-2026-00025,PO-2026-00026,SUP-0031,2026-06-01,E. du Plessis,WH-B Wadeville
GRN-2026-00026,PO-2026-00027,SUP-0002,2026-02-10,O. Mthembu,WH-B Wadeville
GRN-2025-00027,PO-2025-00028,SUP-0024,2025-12-26,W. Mabaso,WH-B Wadeville
GRN-2025-00028,PO-2025-00029,SUP-0030,2025-11-20,O. Mthembu,WH-B Wadeville
GRN-2026-00029,PO-2026-00030,SUP-0030,2026-02-02,Z. Jacobs,WH-A Sandton
GRN-2026-00030,PO-2026-00031,SUP-0024,2026-05-05,W. Mabaso,WH-A Sandton
GRN-2025-00031,PO-2025-00032,SUP-0006,2025-11-03,W. Mabaso,WH-A Sandton
GRN-2026-00032,PO-2026-00033,SUP-0020,2026-07-03,Z. Jacobs,WH-B Wadeville
GRN-2025-00033,PO-2025-00034,SUP-0037,2025-10-10,H. Ngobeni,WH-B Wadeville
GRN-2026-00034,PO-2026-00035,SUP-0010,2026-04-02,W. Mabaso,WH-A Sandton
GRN-2026-00035,PO-2026-00036,SUP-0028,2026-04-20,Z. Jacobs,WH-B Wadeville
GRN-2025-00036,PO-2025-00037,SUP-0031,2025-10-24,Z. Jacobs,WH-A Sandton
GRN-2026-00037,PO-2025-00038,SUP-0041,2026-01-05,O. Mthembu,WH-B Wadeville
GRN-2025-00038,PO-2025-00039,SUP-0040,2025-11-03,E. du Plessis,WH-A Sandton
GRN-2026-00039,PO-2026-00040,SUP-0018,2026-08-31,O. Mthembu,WH-B Wadeville
GRN-2026-00040,PO-2026-00041,SUP-0045,2026-08-13,Z. Jacobs,WH-B Wadeville
GRN-2025-00041,PO-2025-00043,SUP-0028,2025-12-15,H. Ngobeni,WH-A Sandton
GRN-2026-00042,PO-2026-00044,SUP-0041,2026-06-22,W. Mabaso,WH-B Wadeville
GRN-2026-00043,PO-2026-00045,SUP-0035,2026-09-14,E. du Plessis,WH-B Wadeville
GRN-2026-00044,PO-2026-00046,SUP-0040,2026-05-25,Z. Jacobs,WH-B Wadeville
GRN-2025-00045,PO-2025-00047,SUP-0026,2025-11-04,Z. Jacobs,WH-A Sandton
GRN-2026-00046,PO-2026-00048,SUP-0030,2026-07-24,W. Mabaso,WH-B Wadeville
GRN-2026-00047,PO-2026-00049,SUP-0032,2026-07-17,W. Mabaso,WH-A Sandton
GRN-2026-00048,PO-2025-00051,SUP-0005,2026-01-01,O. Mthembu,WH-B Wadeville
GRN-2026-00049,PO-2026-00052,SUP-0036,2026-08-03,H. Ngobeni,WH-A Sandton
GRN-2026-00050,PO-2026-00053,SUP-0025,2026-07-30,W. Mabaso,WH-A Sandton
GRN-2025-00051,PO-2025-00054,SUP-0002,2025-12-04,O. Mthembu,WH-B Wadeville
GRN-2026-00052,PO-2026-00055,SUP-0024,2026-01-20,O. Mthembu,WH-A Sandton
GRN-2025-00053,PO-2025-00056,SUP-0010,2025-10-09,H. Ngobeni,WH-A Sandton
GRN-2026-00054,PO-2026-00057,SUP-0045,2026-06-09,E. du Plessis,WH-A Sandton
GRN-2026-00055,PO-2026-00058,SUP-0044,2026-07-13,W. Mabaso,WH-B Wadeville
GRN-2026-00056,PO-2026-00059,SUP-0026,2026-02-11,O. Mthembu,WH-B Wadeville
GRN-2026-00057,PO-2026-00060,SUP-0015,2026-08-04,H. Ngobeni,WH-B Wadeville
GRN-2025-00058,PO-2025-00061,SUP-0008,2025-11-17,Z. Jacobs,WH-B Wadeville
GRN-2026-00059,PO-2026-00062,SUP-0018,2026-04-27,W. Mabaso,WH-A Sandton
GRN-2026-00060,PO-2026-00064,SUP-0005,2026-04-14,H. Ngobeni,WH-B Wadeville
GRN-2025-00061,PO-2025-00065,SUP-0041,2025-11-13,O. Mthembu,WH-A Sandton
GRN-2025-00062,PO-2025-00066,SUP-0009,2025-10-20,W. Mabaso,WH-B Wadeville
GRN-2026-00063,PO-2026-00067,SUP-0034,2026-09-14,Z. Jacobs,WH-B Wadeville
GRN-2026-00064,PO-2026-00068,SUP-0045,2026-07-06,Z. Jacobs,WH-A Sandton
GRN-2026-00065,PO-2026-00070,SUP-0017,2026-03-05,E. du Plessis,WH-B Wadeville
GRN-2026-00066,PO-2026-00071,SUP-0044,2026-03-20,E. du Plessis,WH-B Wadeville
GRN-2026-00067,PO-2026-00072,SUP-0001,2026-04-24,Z. Jacobs,WH-A Sandton
GRN-2026-00068,PO-2026-00074,SUP-0036,2026-03-09,H. Ngobeni,WH-B Wadeville
GRN-2026-00069,PO-2026-00075,SUP-0016,2026-03-03,W. Mabaso,WH-A Sandton
GRN-2025-00070,PO-2025-00076,SUP-0024,2025-12-22,H. Ngobeni,WH-A Sandton
GRN-2026-00071,PO-2026-00077,SUP-0005,2026-09-02,O. Mthembu,WH-B Wadeville
GRN-2026-00072,PO-2026-00078,SUP-0011,2026-06-29,H. Ngobeni,WH-B Wadeville
GRN-2026-00073,PO-2026-00079,SUP-0035,2026-04-20,Z. Jacobs,WH-B Wadeville
GRN-2026-00074,PO-2026-00080,SUP-0017,2026-08-18,H. Ngobeni,WH-B Wadeville
GRN-2026-00075,PO-2026-00081,SUP-0004,2026-01-23,H. Ngobeni,WH-B Wadeville
GRN-2026-00076,PO-2026-00082,SUP-0009,2026-06-25,E. du Plessis,WH-A Sandton
GRN-2026-00077,PO-2026-00083,SUP-0026,2026-01-15,E. du Plessis,WH-B Wadeville
GRN-2026-00078,PO-2026-00084,SUP-0027,2026-07-06,E. du Plessis,WH-A Sandton
GRN-2026-00079,PO-2026-00085,SUP-0009,2026-01-28,O. Mthembu,WH-A Sandton
GRN-2026-00080,PO-2026-00086,SUP-0041,2026-06-25,E. du Plessis,WH-A Sandton
GRN-2026-00081,PO-2026-00087,SUP-0040,2026-05-13,O. Mthembu,WH-A Sandton
GRN-2026-00082,PO-2026-00088,SUP-0041,2026-04-14,O. Mthembu,WH-A Sandton
GRN-2026-00083,PO-2026-00089,SUP-0017,2026-02-12,E. du Plessis,WH-B Wadeville
GRN-2026-00084,PO-2026-00090,SUP-0034,2026-02-11,O. Mthembu,WH-A Sandton
GRN-2025-00085,PO-2025-00091,SUP-0004,2025-11-20,E. du Plessis,WH-B Wadeville
GRN-2026-00086,PO-2026-00092,SUP-0010,2026-03-30,H. Ngobeni,WH-B Wadeville
GRN-2026-00087,PO-2026-00093,SUP-0037,2026-06-22,H. Ngobeni,WH-A Sandton
GRN-2026-00088,PO-2026-00094,SUP-0044,2026-02-09,O. Mthembu,WH-B Wadeville
GRN-2026-00089,PO-2026-00095,SUP-0026,2026-06-24,E. du Plessis,WH-A Sandton
GRN-2026-00090,PO-2026-00096,SUP-0015,2026-03-16,Z. Jacobs,WH-B Wadeville
GRN-2026-00091,PO-2026-00097,SUP-0030,2026-06-16,Z. Jacobs,WH-A Sandton
GRN-2026-00092,PO-2026-00098,SUP-0033,2026-02-16,H. Ngobeni,WH-B Wadeville
GRN-2026-00093,PO-2026-00099,SUP-0003,2026-02-17,E. du Plessis,WH-A Sandton
GRN-2025-00094,PO-2025-00100,SUP-0040,2025-12-10,Z. Jacobs,WH-A Sandton
GRN-2026-00095,PO-2025-00101,SUP-0027,2026-01-01,H. Ngobeni,WH-A Sandton
GRN-2026-00096,PO-2026-00102,SUP-0034,2026-03-16,E. du Plessis,WH-B Wadeville
GRN-2026-00097,PO-2026-00103,SUP-0032,2026-07-06,W. Mabaso,WH-B Wadeville
GRN-2026-00098,PO-2026-00104,SUP-0012,2026-01-27,H. Ngobeni,WH-B Wadeville
GRN-2026-00099,PO-2026-00105,SUP-0034,2026-09-08,E. du Plessis,WH-B Wadeville
GRN-2026-00100,PO-2026-00106,SUP-0032,2026-05-11,O. Mthembu,WH-B Wadeville
GRN-2026-00101,PO-2026-00107,SUP-0036,2026-02-18,Z. Jacobs,WH-B Wadeville
GRN-2026-00102,PO-2026-00108,SUP-0032,2026-02-10,Z. Jacobs,WH-B Wadeville
GRN-2025-00103,PO-2025-00109,SUP-0007,2025-12-16,W. Mabaso,WH-B Wadeville
GRN-2026-00104,PO-2026-00110,SUP-0005,2026-06-08,E. du Plessis,WH-A Sandton
GRN-2026-00105,PO-2026-00111,SUP-0012,2026-08-31,H. Ngobeni,WH-B Wadeville
GRN-2025-00106,PO-2025-00112,SUP-0003,2025-11-13,Z. Jacobs,WH-B Wadeville
GRN-2026-00107,PO-2026-00113,SUP-0016,2026-05-28,Z. Jacobs,WH-B Wadeville
GRN-2026-00108,PO-2026-00114,SUP-0029,2026-07-20,W. Mabaso,WH-B Wadeville
GRN-2026-00109,PO-2026-00115,SUP-0041,2026-01-19,O. Mthembu,WH-B Wadeville
GRN-2026-00110,PO-2026-00116,SUP-0035,2026-07-27,E. du Plessis,WH-B Wadeville
GRN-2026-00111,PO-2025-00117,SUP-0042,2026-01-07,O. Mthembu,WH-B Wadeville
GRN-2026-00112,PO-2026-00118,SUP-0040,2026-07-20,W. Mabaso,WH-A Sandton
GRN-2026-00113,PO-2025-00119,SUP-0043,2026-01-05,W. Mabaso,WH-A Sandton
GRN-2025-00114,PO-2025-00120,SUP-0003,2025-10-14,E. du Plessis,WH-A Sandton
GRN-2026-00115,PO-2026-00121,SUP-0023,2026-05-22,W. Mabaso,WH-A Sandton
GRN-2026-00116,PO-2026-00122,SUP-0005,2026-07-17,O. Mthembu,WH-B Wadeville
GRN-2026-00117,PO-2026-00123,SUP-0001,2026-05-27,H. Ngobeni,WH-B Wadeville
GRN-2026-00118,PO-2026-00124,SUP-0008,2026-03-16,Z. Jacobs,WH-B Wadeville
GRN-2026-00119,PO-2026-00125,SUP-0038,2026-07-14,W. Mabaso,WH-B Wadeville
GRN-2026-00120,PO-2026-00127,SUP-0035,2026-08-26,O. Mthembu,WH-A Sandton
GRN-2026-00121,PO-2026-00128,SUP-0023,2026-04-27,E. du Plessis,WH-A Sandton
GRN-2026-00122,PO-2026-00130,SUP-0007,2026-03-02,W. Mabaso,WH-B Wadeville
GRN-2025-00123,PO-2025-00131,SUP-0009,2025-10-20,E. du Plessis,WH-A Sandton
GRN-2026-00124,PO-2026-00132,SUP-0018,2026-03-24,Z. Jacobs,WH-A Sandton
GRN-2026-00125,PO-2026-00133,SUP-0043,2026-04-29,O. Mthembu,WH-B Wadeville
GRN-2026-00126,PO-2026-00134,SUP-0007,2026-07-13,W. Mabaso,WH-A Sandton
GRN-2026-00127,PO-2026-00135,SUP-0028,2026-08-03,H. Ngobeni,WH-A Sandton
GRN-2026-00128,PO-2026-00137,SUP-0008,2026-03-02,Z. Jacobs,WH-B Wadeville
GRN-2026-00129,PO-2026-00138,SUP-0018,2026-06-26,O. Mthembu,WH-A Sandton
GRN-2026-00130,PO-2025-00139,SUP-0038,2026-01-15,E. du Plessis,WH-B Wadeville
GRN-2026-00131,PO-2026-00140,SUP-0043,2026-03-31,H. Ngobeni,WH-B Wadeville
GRN-2026-00132,PO-2026-00141,SUP-0031,2026-05-25,H. Ngobeni,WH-B Wadeville
GRN-2025-00133,PO-2025-00142,SUP-0034,2025-11-17,H. Ngobeni,WH-B Wadeville
GRN-2026-00134,PO-2026-00143,SUP-0005,2026-09-14,W. Mabaso,WH-A Sandton
GRN-2026-00135,PO-2026-00144,SUP-0007,2026-07-10,E. du Plessis,WH-B Wadeville
GRN-2025-00136,PO-2025-00145,SUP-0032,2025-12-01,O. Mthembu,WH-B Wadeville
GRN-2026-00137,PO-2026-00146,SUP-0008,2026-05-18,Z. Jacobs,WH-A Sandton
GRN-2025-00138,PO-2025-00147,SUP-0013,2025-10-30,Z. Jacobs,WH-A Sandton
GRN-2026-00139,PO-2026-00148,SUP-0028,2026-07-20,W. Mabaso,WH-B Wadeville
GRN-2026-00140,PO-2026-00149,SUP-0035,2026-03-31,O. Mthembu,WH-B Wadeville
GRN-2026-00141,PO-2026-00150,SUP-0037,2026-04-21,W. Mabaso,WH-A Sandton
GRN-2025-00142,PO-2025-00152,SUP-0010,2025-11-25,O. Mthembu,WH-A Sandton
GRN-2025-00143,PO-2025-00153,SUP-0013,2025-10-30,Z. Jacobs,WH-B Wadeville
GRN-2026-00144,PO-2026-00154,SUP-0041,2026-03-17,H. Ngobeni,WH-A Sandton
GRN-2025-00145,PO-2025-00155,SUP-0020,2025-11-28,Z. Jacobs,WH-A Sandton
GRN-2026-00146,PO-2026-00156,SUP-0031,2026-04-17,O. Mthembu,WH-B Wadeville
GRN-2026-00147,PO-2026-00157,SUP-0041,2026-01-23,Z. Jacobs,WH-A Sandton
GRN-2026-00148,PO-2026-00158,SUP-0033,2026-07-27,W. Mabaso,WH-B Wadeville
GRN-2026-00149,PO-2026-00159,SUP-0031,2026-08-18,O. Mthembu,WH-A Sandton
GRN-2025-00150,PO-2025-00160,SUP-0040,2025-11-03,E. du Plessis,WH-B Wadeville
GRN-2026-00151,PO-2026-00161,SUP-0008,2026-04-30,E. du Plessis,WH-A Sandton
GRN-2025-00152,PO-2025-00162,SUP-0003,2025-10-20,O. Mthembu,WH-A Sandton
GRN-2025-00153,PO-2025-00163,SUP-0035,2025-10-16,H. Ngobeni,WH-A Sandton
GRN-2025-00154,PO-2025-00164,SUP-0030,2025-11-24,O. Mthembu,WH-A Sandton
GRN-2026-00155,PO-2026-00166,SUP-0024,2026-07-20,O. Mthembu,WH-B Wadeville
GRN-2026-00156,PO-2026-00167,SUP-0030,2026-05-20,H. Ngobeni,WH-B Wadeville
GRN-2026-00157,PO-2026-00168,SUP-0041,2026-02-13,O. Mthembu,WH-A Sandton
GRN-2026-00158,PO-2026-00169,SUP-0020,2026-04-17,H. Ngobeni,WH-A Sandton
GRN-2026-00159,PO-2026-00170,SUP-0026,2026-08-03,Z. Jacobs,WH-B Wadeville
GRN-2026-00160,PO-2026-00171,SUP-0001,2026-07-14,Z. Jacobs,WH-B Wadeville
GRN-2025-00161,PO-2025-00172,SUP-0042,2025-11-21,H. Ngobeni,WH-A Sandton
GRN-2025-00162,PO-2025-00173,SUP-0036,2025-11-28,H. Ngobeni,WH-A Sandton
GRN-2026-00163,PO-2026-00174,SUP-0018,2026-05-05,E. du Plessis,WH-B Wadeville
GRN-2025-00164,PO-2025-00175,SUP-0035,2025-11-10,E. du Plessis,WH-B Wadeville
GRN-2025-00165,PO-2025-00176,SUP-0036,2025-11-04,H. Ngobeni,WH-B Wadeville
GRN-2025-00166,PO-2025-00177,SUP-0007,2025-10-23,W. Mabaso,WH-A Sandton
GRN-2026-00167,PO-2026-00178,SUP-0041,2026-09-02,H. Ngobeni,WH-B Wadeville
GRN-2026-00168,PO-2026-00179,SUP-0024,2026-07-13,O. Mthembu,WH-A Sandton
GRN-2026-00169,PO-2026-00180,SUP-0001,2026-08-03,O. Mthembu,WH-B Wadeville
GRN-2025-00170,PO-2025-00181,SUP-0030,2025-11-25,W. Mabaso,WH-B Wadeville
GRN-2026-00171,PO-2026-00182,SUP-0036,2026-08-10,H. Ngobeni,WH-A Sandton
GRN-2026-00172,PO-2026-00184,SUP-0016,2026-07-10,Z. Jacobs,WH-B Wadeville
GRN-2026-00173,PO-2026-00185,SUP-0011,2026-07-23,H. Ngobeni,WH-B Wadeville
GRN-2026-00174,PO-2026-00186,SUP-0024,2026-05-11,E. du Plessis,WH-B Wadeville
GRN-2026-00175,PO-2026-00187,SUP-0031,2026-05-26,W. Mabaso,WH-B Wadeville
GRN-2026-00176,PO-2025-00188,SUP-0004,2026-01-02,W. Mabaso,WH-A Sandton
GRN-2025-00177,PO-2025-00189,SUP-0029,2025-11-24,E. du Plessis,WH-A Sandton
GRN-2025-00178,PO-2025-00190,SUP-0001,2025-11-10,H. Ngobeni,WH-B Wadeville
GRN-2026-00179,PO-2026-00191,SUP-0018,2026-08-11,H. Ngobeni,WH-B Wadeville
GRN-2025-00180,PO-2025-00193,SUP-0042,2025-10-24,Z. Jacobs,WH-A Sandton
GRN-2025-00181,PO-2025-00194,SUP-0040,2025-12-01,H. Ngobeni,WH-B Wadeville
GRN-2026-00182,PO-2026-00195,SUP-0038,2026-03-26,Z. Jacobs,WH-A Sandton
GRN-2026-00183,PO-2026-00196,SUP-0003,2026-06-26,Z. Jacobs,WH-B Wadeville
GRN-2026-00184,PO-2026-00198,SUP-0040,2026-05-06,E. du Plessis,WH-A Sandton
GRN-2026-00185,PO-2025-00199,SUP-0023,2026-01-08,H. Ngobeni,WH-B Wadeville
GRN-2025-00186,PO-2025-00200,SUP-0039,2025-11-21,O. Mthembu,WH-A Sandton
GRN-2026-00187,PO-2026-00202,SUP-0034,2026-07-31,W. Mabaso,WH-B Wadeville
GRN-2025-00188,PO-2025-00203,SUP-0035,2025-12-15,W. Mabaso,WH-B Wadeville
GRN-2026-00189,PO-2026-00204,SUP-0030,2026-07-07,O. Mthembu,WH-B Wadeville
GRN-2026-00190,PO-2026-00205,SUP-0024,2026-02-02,H. Ngobeni,WH-A Sandton
GRN-2026-00191,PO-2026-00206,SUP-0026,2026-03-02,Z. Jacobs,WH-B Wadeville
GRN-2025-00192,PO-2025-00207,SUP-0006,2025-12-04,E. du Plessis,WH-A Sandton
GRN-2026-00193,PO-2026-00208,SUP-0023,2026-08-12,W. Mabaso,WH-A Sandton
GRN-2025-00194,PO-2025-00211,SUP-0041,2025-12-25,O. Mthembu,WH-A Sandton
GRN-2026-00195,PO-2026-00212,SUP-0003,2026-06-29,W. Mabaso,WH-A Sandton
GRN-2026-00196,PO-2026-00213,SUP-0031,2026-07-21,O. Mthembu,WH-B Wadeville
GRN-2026-00197,PO-2026-00214,SUP-0018,2026-06-11,W. Mabaso,WH-A Sandton
GRN-2026-00198,PO-2026-00215,SUP-0033,2026-01-23,H. Ngobeni,WH-B Wadeville
GRN-2026-00199,PO-2026-00216,SUP-0010,2026-03-23,Z. Jacobs,WH-B Wadeville
GRN-2026-00200,PO-2026-00217,SUP-0044,2026-08-28,W. Mabaso,WH-B Wadeville
GRN-2026-00201,PO-2026-00218,SUP-0006,2026-07-28,W. Mabaso,WH-A Sandton
GRN-2026-00202,PO-2026-00220,SUP-0039,2026-06-17,E. du Plessis,WH-A Sandton
GRN-2026-00203,PO-2026-00221,SUP-0030,2026-04-16,W. Mabaso,WH-A Sandton
GRN-2025-00204,PO-2025-00222,SUP-0039,2025-12-31,E. du Plessis,WH-A Sandton
GRN-2026-00205,PO-2026-00223,SUP-0033,2026-05-21,E. du Plessis,WH-B Wadeville
GRN-2026-00206,PO-2026-00225,SUP-0022,2026-05-20,O. Mthembu,WH-A Sandton
GRN-2026-00207,PO-2026-00226,SUP-0025,2026-07-08,Z. Jacobs,WH-B Wadeville
GRN-2026-00208,PO-2026-00227,SUP-0039,2026-03-10,Z. Jacobs,WH-B Wadeville
GRN-2026-00209,PO-2026-00228,SUP-0028,2026-08-25,H. Ngobeni,WH-B Wadeville
GRN-2025-00210,PO-2025-00229,SUP-0039,2025-11-03,H. Ngobeni,WH-A Sandton
GRN-2025-00211,PO-2025-00230,SUP-0003,2025-11-24,E. du Plessis,WH-B Wadeville
GRN-2025-00212,PO-2025-00231,SUP-0016,2025-12-18,E. du Plessis,WH-B Wadeville
GRN-2026-00213,PO-2026-00232,SUP-0023,2026-05-25,Z. Jacobs,WH-B Wadeville
GRN-2025-00214,PO-2025-00233,SUP-0006,2025-12-29,W. Mabaso,WH-B Wadeville
GRN-2025-00215,PO-2025-00234,SUP-0029,2025-12-29,O. Mthembu,WH-B Wadeville
GRN-2026-00216,PO-2026-00235,SUP-0043,2026-07-10,H. Ngobeni,WH-B Wadeville
GRN-2026-00217,PO-2026-00236,SUP-0042,2026-07-31,Z. Jacobs,WH-B Wadeville
GRN-2026-00218,PO-2026-00238,SUP-0004,2026-01-29,E. du Plessis,WH-A Sandton
GRN-2026-00219,PO-2026-00239,SUP-0023,2026-08-31,E. du Plessis,WH-A Sandton
GRN-2026-00220,PO-2026-00240,SUP-0016,2026-06-12,W. Mabaso,WH-A Sandton
GRN-2026-00221,PO-2026-00241,SUP-0003,2026-06-22,W. Mabaso,WH-A Sandton
GRN-2026-00222,PO-2026-00242,SUP-0012,2026-02-26,H. Ngobeni,WH-B Wadeville
GRN-2026-00223,PO-2026-00243,SUP-0039,2026-05-18,W. Mabaso,WH-A Sandton
GRN-2026-00224,PO-2026-00244,SUP-0031,2026-03-23,W. Mabaso,WH-B Wadeville
GRN-2025-00225,PO-2025-00245,SUP-0041,2025-12-17,W. Mabaso,WH-B Wadeville
GRN-2025-00226,PO-2025-00246,SUP-0034,2025-11-17,O. Mthembu,WH-B Wadeville
GRN-2025-00227,PO-2025-00247,SUP-0004,2025-12-04,Z. Jacobs,WH-A Sandton
GRN-2025-00228,PO-2025-00249,SUP-0004,2025-10-20,W. Mabaso,WH-B Wadeville
GRN-2025-00229,PO-2025-00250,SUP-0029,2025-10-22,E. du Plessis,WH-B Wadeville
GRN-2026-00230,PO-2026-00251,SUP-0010,2026-07-15,W. Mabaso,WH-A Sandton
GRN-2026-00231,PO-2026-00252,SUP-0043,2026-07-30,O. Mthembu,WH-B Wadeville
GRN-2026-00232,PO-2026-00253,SUP-0028,2026-08-17,W. Mabaso,WH-A Sandton
GRN-2026-00233,PO-2026-00254,SUP-0028,2026-04-15,E. du Plessis,WH-A Sandton
GRN-2025-00234,PO-2025-00255,SUP-0030,2025-12-04,W. Mabaso,WH-B Wadeville
GRN-2025-00235,PO-2025-00256,SUP-0042,2025-10-27,O. Mthembu,WH-A Sandton
GRN-2026-00236,PO-2026-00257,SUP-0003,2026-05-28,W. Mabaso,WH-A Sandton
GRN-2026-00237,PO-2026-00258,SUP-0002,2026-04-20,E. du Plessis,WH-B Wadeville
GRN-2026-00238,PO-2026-00259,SUP-0030,2026-08-17,O. Mthembu,WH-B Wadeville
GRN-2025-00239,PO-2025-00260,SUP-0025,2025-12-29,Z. Jacobs,WH-B Wadeville
GRN-2025-00240,PO-2025-00261,SUP-0033,2025-10-20,Z. Jacobs,WH-A Sandton
GRN-2025-00241,PO-2025-00262,SUP-0026,2025-12-29,E. du Plessis,WH-A Sandton
GRN-2025-00242,PO-2025-00263,SUP-0031,2025-11-17,W. Mabaso,WH-A Sandton
GRN-2026-00243,PO-2026-00264,SUP-0002,2026-09-07,Z. Jacobs,WH-A Sandton
GRN-2026-00244,PO-2026-00265,SUP-0039,2026-08-05,W. Mabaso,WH-B Wadeville
GRN-2025-00245,PO-2025-00266,SUP-0008,2025-10-09,H. Ngobeni,WH-A Sandton
GRN-2026-00246,PO-2026-00267,SUP-0005,2026-02-25,H. Ngobeni,WH-B Wadeville
GRN-2026-00247,PO-2026-00268,SUP-0012,2026-06-22,E. du Plessis,WH-B Wadeville
GRN-2026-00248,PO-2025-00269,SUP-0045,2026-01-12,W. Mabaso,WH-B Wadeville
GRN-2026-00249,PO-2026-00270,SUP-0033,2026-06-15,W. Mabaso,WH-B Wadeville
GRN-2025-00250,PO-2025-00271,SUP-0015,2025-12-22,O. Mthembu,WH-A Sandton
GRN-2026-00251,PO-2026-00272,SUP-0037,2026-01-12,H. Ngobeni,WH-B Wadeville
GRN-2026-00252,PO-2026-00273,SUP-0034,2026-06-29,H. Ngobeni,WH-A Sandton
GRN-2026-00253,PO-2026-00275,SUP-0036,2026-05-27,W. Mabaso,WH-A Sandton
GRN-2025-00254,PO-2025-00276,SUP-0024,2025-12-08,E. du Plessis,WH-A Sandton
GRN-2025-00255,PO-2025-00277,SUP-0006,2025-11-03,W. Mabaso,WH-A Sandton
GRN-2025-00256,PO-2025-00278,SUP-0013,2025-11-10,H. Ngobeni,WH-A Sandton
GRN-2026-00257,PO-2026-00279,SUP-0045,2026-08-18,Z. Jacobs,WH-A Sandton
GRN-2026-00258,PO-2026-00280,SUP-0035,2026-05-08,Z. Jacobs,WH-B Wadeville
GRN-2026-00259,PO-2026-00281,SUP-0039,2026-01-23,H. Ngobeni,WH-A Sandton
GRN-2026-00260,PO-2026-00282,SUP-0039,2026-03-23,W. Mabaso,WH-B Wadeville
GRN-2025-00261,PO-2025-00283,SUP-0022,2025-12-15,Z. Jacobs,WH-B Wadeville
GRN-2026-00262,PO-2026-00284,SUP-0018,2026-06-08,E. du Plessis,WH-B Wadeville
GRN-2026-00263,PO-2026-00285,SUP-0044,2026-02-20,W. Mabaso,WH-A Sandton
GRN-2025-00264,PO-2025-00286,SUP-0045,2025-12-01,Z. Jacobs,WH-B Wadeville
GRN-2026-00265,PO-2026-00287,SUP-0002,2026-07-27,W. Mabaso,WH-A Sandton
GRN-2025-00266,PO-2025-00288,SUP-0020,2025-12-22,H. Ngobeni,WH-A Sandton
GRN-2026-00267,PO-2026-00289,SUP-0006,2026-04-13,H. Ngobeni,WH-B Wadeville
GRN-2026-00268,PO-2026-00290,SUP-0038,2026-09-08,Z. Jacobs,WH-A Sandton
GRN-2026-00269,PO-2026-00291,SUP-0040,2026-07-13,E. du Plessis,WH-B Wadeville
GRN-2026-00270,PO-2026-00292,SUP-0036,2026-06-15,E. du Plessis,WH-A Sandton
GRN-2026-00271,PO-2026-00293,SUP-0044,2026-04-16,Z. Jacobs,WH-A Sandton
GRN-2026-00272,PO-2026-00295,SUP-0003,2026-08-21,Z. Jacobs,WH-A Sandton
GRN-2026-00273,PO-2026-00296,SUP-0042,2026-08-03,H. Ngobeni,WH-A Sandton
GRN-2026-00274,PO-2026-00298,SUP-0002,2026-03-16,O. Mthembu,WH-A Sandton
GRN-2026-00275,PO-2026-00299,SUP-0028,2026-03-24,E. du Plessis,WH-B Wadeville
GRN-2026-00276,PO-2026-00300,SUP-0033,2026-03-09,W. Mabaso,WH-A Sandton
GRN-2026-00277,PO-2026-00301,SUP-0035,2026-05-21,Z. Jacobs,WH-A Sandton
GRN-2025-00278,PO-2025-00302,SUP-0023,2025-12-05,O. Mthembu,WH-A Sandton
GRN-2026-00279,PO-2026-00303,SUP-0041,2026-06-08,W. Mabaso,WH-A Sandton
GRN-2026-00280,PO-2026-00304,SUP-0043,2026-08-17,Z. Jacobs,WH-A Sandton
GRN-2025-00281,PO-2025-00305,SUP-0037,2025-12-29,H. Ngobeni,WH-A Sandton
GRN-2025-00282,PO-2025-00306,SUP-0035,2025-10-27,E. du Plessis,WH-A Sandton
GRN-2025-00283,PO-2025-00308,SUP-0018,2025-10-20,Z. Jacobs,WH-A Sandton
GRN-2026-00284,PO-2026-00310,SUP-0001,2026-09-08,H. Ngobeni,WH-A Sandton
GRN-2025-00285,PO-2025-00311,SUP-0012,2025-11-17,O. Mthembu,WH-A Sandton
GRN-2025-00286,PO-2025-00312,SUP-0036,2025-12-10,E. du Plessis,WH-B Wadeville
GRN-2026-00287,PO-2025-00313,SUP-0002,2026-01-12,W. Mabaso,WH-B Wadeville
GRN-2026-00288,PO-2026-00314,SUP-0023,2026-06-01,Z. Jacobs,WH-A Sandton
GRN-2025-00289,PO-2025-00315,SUP-0006,2025-11-20,E. du Plessis,WH-A Sandton
GRN-2025-00290,PO-2025-00316,SUP-0040,2025-11-03,H. Ngobeni,WH-A Sandton
GRN-2026-00291,PO-2026-00317,SUP-0005,2026-03-12,W. Mabaso,WH-B Wadeville
GRN-2026-00292,PO-2026-00318,SUP-0010,2026-04-23,H. Ngobeni,WH-A Sandton
GRN-2026-00293,PO-2026-00319,SUP-0035,2026-08-27,E. du Plessis,WH-A Sandton
GRN-2026-00294,PO-2026-00320,SUP-0020,2026-07-31,E. du Plessis,WH-A Sandton
GRN-2025-00295,PO-2025-00321,SUP-0022,2025-12-29,Z. Jacobs,WH-B Wadeville
GRN-2026-00296,PO-2026-00322,SUP-0044,2026-04-30,Z. Jacobs,WH-A Sandton
GRN-2025-00297,PO-2025-00323,SUP-0037,2025-10-29,Z. Jacobs,WH-B Wadeville
GRN-2025-00298,PO-2025-00324,SUP-0025,2025-11-13,E. du Plessis,WH-B Wadeville
GRN-2026-00299,PO-2026-00326,SUP-0006,2026-06-04,O. Mthembu,WH-A Sandton
GRN-2026-00300,PO-2026-00327,SUP-0033,2026-06-15,Z. Jacobs,WH-B Wadeville
GRN-2026-00301,PO-2026-00328,SUP-0017,2026-05-11,H. Ngobeni,WH-A Sandton
GRN-2025-00302,PO-2025-00329,SUP-0024,2025-12-01,W. Mabaso,WH-B Wadeville
GRN-2026-00303,PO-2026-00331,SUP-0031,2026-02-02,O. Mthembu,WH-A Sandton
GRN-2026-00304,PO-2026-00332,SUP-0045,2026-04-30,Z. Jacobs,WH-B Wadeville
GRN-2026-00305,PO-2026-00333,SUP-0028,2026-05-11,O. Mthembu,WH-A Sandton
GRN-2026-00306,PO-2026-00334,SUP-0022,2026-06-01,H. Ngobeni,WH-A Sandton
GRN-2026-00307,PO-2026-00335,SUP-0013,2026-02-09,W. Mabaso,WH-B Wadeville
GRN-2026-00308,PO-2026-00336,SUP-0041,2026-07-31,E. du Plessis,WH-B Wadeville
GRN-2026-00309,PO-2025-00337,SUP-0033,2026-01-05,H. Ngobeni,WH-A Sandton
GRN-2026-00310,PO-2026-00338,SUP-0044,2026-02-23,O. Mthembu,WH-A Sandton
GRN-2026-00311,PO-2026-00339,SUP-0044,2026-08-10,E. du Plessis,WH-B Wadeville
GRN-2025-00312,PO-2025-00340,SUP-0034,2025-12-09,H. Ngobeni,WH-A Sandton
GRN-2026-00313,PO-2026-00341,SUP-0010,2026-09-08,E. du Plessis,WH-A Sandton
GRN-2026-00314,PO-2026-00342,SUP-0016,2026-05-04,E. du Plessis,WH-B Wadeville
GRN-2026-00315,PO-2025-00343,SUP-0017,2026-01-07,Z. Jacobs,WH-A Sandton
GRN-2025-00316,PO-2025-00344,SUP-0026,2025-12-03,H. Ngobeni,WH-B Wadeville
GRN-2026-00317,PO-2026-00345,SUP-0017,2026-02-17,O. Mthembu,WH-B Wadeville
GRN-2025-00318,PO-2025-00346,SUP-0005,2025-12-16,E. du Plessis,WH-A Sandton
GRN-2026-00319,PO-2026-00347,SUP-0001,2026-06-10,O. Mthembu,WH-B Wadeville
GRN-2025-00320,PO-2025-00348,SUP-0041,2025-11-24,H. Ngobeni,WH-B Wadeville
GRN-2025-00321,PO-2025-00349,SUP-0023,2025-11-06,W. Mabaso,WH-B Wadeville
GRN-2026-00322,PO-2026-00350,SUP-0044,2026-02-11,W. Mabaso,WH-A Sandton
GRN-2026-00323,PO-2026-00352,SUP-0020,2026-02-02,O. Mthembu,WH-A Sandton
GRN-2026-00324,PO-2026-00353,SUP-0040,2026-03-02,Z. Jacobs,WH-A Sandton
GRN-2026-00325,PO-2026-00354,SUP-0042,2026-05-15,W. Mabaso,WH-B Wadeville
GRN-2025-00326,PO-2025-00355,SUP-0009,2025-12-11,O. Mthembu,WH-B Wadeville
GRN-2025-00327,PO-2025-00356,SUP-0006,2025-12-29,E. du Plessis,WH-B Wadeville
GRN-2026-00328,PO-2026-00357,SUP-0005,2026-03-09,H. Ngobeni,WH-B Wadeville
GRN-2026-00329,PO-2026-00358,SUP-0003,2026-08-17,E. du Plessis,WH-A Sandton
GRN-2025-00330,PO-2025-00359,SUP-0026,2025-11-03,W. Mabaso,WH-A Sandton
GRN-2025-00331,PO-2025-00360,SUP-0037,2025-11-14,Z. Jacobs,WH-A Sandton
GRN-2026-00332,PO-2026-00361,SUP-0025,2026-08-24,E. du Plessis,WH-A Sandton
GRN-2026-00333,PO-2026-00362,SUP-0015,2026-06-30,Z. Jacobs,WH-A Sandton
GRN-2026-00334,PO-2026-00363,SUP-0033,2026-01-22,W. Mabaso,WH-A Sandton
GRN-2026-00335,PO-2026-00364,SUP-0030,2026-08-05,Z. Jacobs,WH-A Sandton
GRN-2026-00336,PO-2026-00365,SUP-0034,2026-04-29,Z. Jacobs,WH-A Sandton
GRN-2026-00337,PO-2026-00366,SUP-0007,2026-06-19,O. Mthembu,WH-A Sandton
GRN-2025-00338,PO-2025-00367,SUP-0017,2025-12-31,W. Mabaso,WH-B Wadeville
GRN-2025-00339,PO-2025-00369,SUP-0034,2025-11-27,W. Mabaso,WH-B Wadeville
GRN-2025-00340,PO-2025-00370,SUP-0029,2025-12-15,W. Mabaso,WH-B Wadeville
GRN-2026-00341,PO-2026-00371,SUP-0020,2026-03-02,O. Mthembu,WH-B Wadeville
GRN-2026-00342,PO-2026-00372,SUP-0007,2026-04-21,O. Mthembu,WH-B Wadeville
GRN-2026-00343,PO-2026-00373,SUP-0039,2026-05-29,W. Mabaso,WH-A Sandton
GRN-2026-00344,PO-2026-00374,SUP-0028,2026-03-09,H. Ngobeni,WH-B Wadeville
GRN-2026-00345,PO-2026-00375,SUP-0038,2026-07-31,E. du Plessis,WH-B Wadeville
GRN-2026-00346,PO-2026-00376,SUP-0012,2026-08-10,O. Mthembu,WH-B Wadeville
GRN-2026-00347,PO-2026-00378,SUP-0016,2026-08-20,H. Ngobeni,WH-A Sandton
GRN-2026-00348,PO-2026-00379,SUP-0042,2026-08-07,H. Ngobeni,WH-B Wadeville
GRN-2026-00349,PO-2026-00380,SUP-0003,2026-01-21,W. Mabaso,WH-A Sandton
GRN-2026-00350,PO-2026-00381,SUP-0004,2026-01-07,W. Mabaso,WH-A Sandton
GRN-2026-00351,PO-2026-00382,SUP-0015,2026-04-27,E. du Plessis,WH-A Sandton
GRN-2026-00352,PO-2026-00383,SUP-0027,2026-02-09,H. Ngobeni,WH-A Sandton
GRN-2025-00353,PO-2025-00384,SUP-0033,2025-11-18,Z. Jacobs,WH-B Wadeville
GRN-2025-00354,PO-2025-00386,SUP-0022,2025-12-15,E. du Plessis,WH-B Wadeville
GRN-2025-00355,PO-2025-00387,SUP-0013,2025-10-14,O. Mthembu,WH-A Sandton
GRN-2026-00356,PO-2026-00388,SUP-0035,2026-08-17,H. Ngobeni,WH-B Wadeville
GRN-2026-00357,PO-2026-00390,SUP-0026,2026-02-16,H. Ngobeni,WH-B Wadeville
GRN-2026-00358,PO-2026-00391,SUP-0027,2026-04-27,W. Mabaso,WH-B Wadeville
GRN-2026-00359,PO-2026-00392,SUP-0020,2026-03-16,W. Mabaso,WH-B Wadeville
GRN-2026-00360,PO-2026-00393,SUP-0023,2026-01-26,W. Mabaso,WH-A Sandton
GRN-2025-00361,PO-2025-00394,SUP-0031,2025-12-10,H. Ngobeni,WH-A Sandton
GRN-2026-00362,PO-2026-00395,SUP-0035,2026-08-31,E. du Plessis,WH-A Sandton
GRN-2025-00363,PO-2025-00396,SUP-0007,2025-12-04,O. Mthembu,WH-B Wadeville
GRN-2025-00364,PO-2025-00397,SUP-0017,2025-12-15,O. Mthembu,WH-A Sandton
GRN-2026-00365,PO-2026-00400,SUP-0045,2026-07-16,Z. Jacobs,WH-B Wadeville
GRN-2026-00366,PO-2026-00401,SUP-0009,2026-05-04,H. Ngobeni,WH-A Sandton
GRN-2026-00367,PO-2026-00402,SUP-0042,2026-04-06,H. Ngobeni,WH-A Sandton
GRN-2026-00368,PO-2026-00403,SUP-0022,2026-06-08,H. Ngobeni,WH-A Sandton
GRN-2025-00369,PO-2025-00404,SUP-0010,2025-12-10,E. du Plessis,WH-A Sandton
GRN-2026-00370,PO-2026-00405,SUP-0043,2026-02-20,W. Mabaso,WH-A Sandton
GRN-2025-00371,PO-2025-00406,SUP-0025,2025-12-08,E. du Plessis,WH-B Wadeville
GRN-2026-00372,PO-2026-00408,SUP-0010,2026-06-08,O. Mthembu,WH-B Wadeville
GRN-2026-00373,PO-2026-00409,SUP-0008,2026-03-02,O. Mthembu,WH-A Sandton
GRN-2025-00374,PO-2025-00410,SUP-0009,2025-10-24,H. Ngobeni,WH-A Sandton
GRN-2026-00375,PO-2026-00411,SUP-0033,2026-08-31,W. Mabaso,WH-B Wadeville
GRN-2026-00376,PO-2026-00412,SUP-0020,2026-07-07,Z. Jacobs,WH-B Wadeville
GRN-2026-00377,PO-2026-00413,SUP-0030,2026-08-17,W. Mabaso,WH-A Sandton
GRN-2026-00378,PO-2026-00414,SUP-0042,2026-05-29,O. Mthembu,WH-B Wadeville
GRN-2026-00379,PO-2025-00415,SUP-0036,2026-01-01,Z. Jacobs,WH-A Sandton
GRN-2026-00380,PO-2026-00416,SUP-0029,2026-04-06,Z. Jacobs,WH-A Sandton
GRN-2025-00381,PO-2025-00417,SUP-0025,2025-12-17,O. Mthembu,WH-B Wadeville
GRN-2026-00382,PO-2026-00418,SUP-0001,2026-04-27,Z. Jacobs,WH-A Sandton
GRN-2025-00383,PO-2025-00419,SUP-0043,2025-10-27,H. Ngobeni,WH-B Wadeville
GRN-2026-00384,PO-2026-00420,SUP-0031,2026-08-12,Z. Jacobs,WH-B Wadeville
GRN-2026-00385,PO-2026-00422,SUP-0013,2026-04-24,W. Mabaso,WH-A Sandton
GRN-2026-00386,PO-2026-00423,SUP-0027,2026-03-17,W. Mabaso,WH-B Wadeville
GRN-2025-00387,PO-2025-00424,SUP-0001,2025-12-03,H. Ngobeni,WH-A Sandton
GRN-2026-00388,PO-2026-00425,SUP-0025,2026-01-15,O. Mthembu,WH-A Sandton
GRN-2025-00389,PO-2025-00426,SUP-0038,2025-10-31,H. Ngobeni,WH-B Wadeville
GRN-2026-00390,PO-2026-00427,SUP-0025,2026-09-07,Z. Jacobs,WH-A Sandton
GRN-2025-00391,PO-2025-00428,SUP-0002,2025-11-11,E. du Plessis,WH-A Sandton
GRN-2026-00392,PO-2026-00430,SUP-0045,2026-02-24,W. Mabaso,WH-A Sandton
GRN-2026-00393,PO-2026-00431,SUP-0035,2026-04-14,E. du Plessis,WH-B Wadeville
GRN-2026-00394,PO-2026-00432,SUP-0006,2026-06-29,H. Ngobeni,WH-A Sandton
GRN-2026-00395,PO-2026-00433,SUP-0031,2026-01-26,Z. Jacobs,WH-B Wadeville
GRN-2026-00396,PO-2026-00434,SUP-0038,2026-03-05,H. Ngobeni,WH-A Sandton
GRN-2026-00397,PO-2025-00435,SUP-0022,2026-01-19,Z. Jacobs,WH-B Wadeville
GRN-2026-00398,PO-2026-00436,SUP-0015,2026-06-04,Z. Jacobs,WH-B Wadeville
GRN-2026-00399,PO-2026-00437,SUP-0018,2026-03-23,E. du Plessis,WH-B Wadeville
GRN-2026-00400,PO-2026-00438,SUP-0028,2026-04-20,O. Mthembu,WH-A Sandton
GRN-2026-00401,PO-2026-00439,SUP-0018,2026-06-11,O. Mthembu,WH-A Sandton
GRN-2025-00402,PO-2025-00440,SUP-0036,2025-10-20,W. Mabaso,WH-B Wadeville
GRN-2026-00403,PO-2026-00441,SUP-0026,2026-07-01,Z. Jacobs,WH-A Sandton
GRN-2025-00404,PO-2025-00442,SUP-0001,2025-11-03,E. du Plessis,WH-B Wadeville
GRN-2026-00405,PO-2026-00443,SUP-0043,2026-04-14,E. du Plessis,WH-A Sandton
GRN-2026-00406,PO-2026-00444,SUP-0023,2026-06-04,H. Ngobeni,WH-A Sandton
GRN-2026-00407,PO-2026-00445,SUP-0033,2026-03-31,E. du Plessis,WH-B Wadeville
GRN-2026-00408,PO-2026-00446,SUP-0033,2026-05-29,O. Mthembu,WH-A Sandton
GRN-2025-00409,PO-2025-00447,SUP-0027,2025-12-25,Z. Jacobs,WH-B Wadeville
GRN-2026-00410,PO-2026-00448,SUP-0035,2026-03-02,H. Ngobeni,WH-A Sandton
GRN-2026-00411,PO-2026-00449,SUP-0039,2026-08-24,E. du Plessis,WH-A Sandton
GRN-2026-00412,PO-2026-00450,SUP-0037,2026-07-08,H. Ngobeni,WH-B Wadeville
GRN-2026-00413,PO-2026-00451,SUP-0032,2026-05-18,Z. Jacobs,WH-B Wadeville
GRN-2026-00414,PO-2026-00452,SUP-0044,2026-01-28,E. du Plessis,WH-A Sandton
GRN-2026-00415,PO-2026-00453,SUP-0044,2026-05-26,W. Mabaso,WH-A Sandton
GRN-2026-00416,PO-2026-00455,SUP-0011,2026-05-11,O. Mthembu,WH-B Wadeville
GRN-2026-00417,PO-2026-00456,SUP-0037,2026-08-13,O. Mthembu,WH-B Wadeville
GRN-2026-00418,PO-2026-00457,SUP-0003,2026-04-13,W. Mabaso,WH-A Sandton
GRN-2026-00419,PO-2026-00458,SUP-0020,2026-07-14,H. Ngobeni,WH-B Wadeville
GRN-2026-00420,PO-2026-00460,SUP-0028,2026-01-14,Z. Jacobs,WH-A Sandton
GRN-2026-00421,PO-2026-00461,SUP-0026,2026-07-29,Z. Jacobs,WH-B Wadeville
GRN-2026-00422,PO-2026-00462,SUP-0011,2026-06-15,H. Ngobeni,WH-B Wadeville
GRN-2026-00423,PO-2026-00463,SUP-0038,2026-03-26,W. Mabaso,WH-B Wadeville
GRN-2026-00424,PO-2026-00464,SUP-0028,2026-08-21,E. du Plessis,WH-A Sandton
GRN-2026-00425,PO-2026-00465,SUP-0002,2026-09-15,E. du Plessis,WH-A Sandton
GRN-2026-00426,PO-2026-00466,SUP-0016,2026-06-16,E. du Plessis,WH-B Wadeville
GRN-2026-00427,PO-2026-00467,SUP-0038,2026-06-01,Z. Jacobs,WH-B Wadeville
GRN-2026-00428,PO-2026-00468,SUP-0031,2026-09-08,E. du Plessis,WH-B Wadeville
GRN-2026-00429,PO-2026-00469,SUP-0029,2026-07-13,O. Mthembu,WH-B Wadeville
GRN-2026-00430,PO-2026-00470,SUP-0027,2026-05-11,Z. Jacobs,WH-A Sandton
GRN-2026-00431,PO-2026-00471,SUP-0024,2026-03-03,E. du Plessis,WH-B Wadeville
GRN-2026-00432,PO-2025-00472,SUP-0016,2026-01-12,O. Mthembu,WH-A Sandton
GRN-2026-00433,PO-2026-00473,SUP-0024,2026-06-08,H. Ngobeni,WH-B Wadeville
GRN-2026-00434,PO-2026-00474,SUP-0042,2026-07-20,H. Ngobeni,WH-A Sandton
GRN-2026-00435,PO-2026-00475,SUP-0041,2026-08-05,W. Mabaso,WH-B Wadeville
GRN-2026-00436,PO-2026-00476,SUP-0001,2026-02-27,W. Mabaso,WH-A Sandton
GRN-2026-00437,PO-2026-00477,SUP-0033,2026-04-06,W. Mabaso,WH-A Sandton
GRN-2025-00438,PO-2025-00478,SUP-0002,2025-12-15,O. Mthembu,WH-B Wadeville
GRN-2026-00439,PO-2026-00479,SUP-0044,2026-05-18,W. Mabaso,WH-A Sandton
GRN-2026-00440,PO-2026-00480,SUP-0045,2026-05-15,O. Mthembu,WH-A Sandton
GRN-2025-00441,PO-2025-00481,SUP-0044,2025-12-29,W. Mabaso,WH-B Wadeville
GRN-2025-00442,PO-2025-00482,SUP-0007,2025-12-18,H. Ngobeni,WH-B Wadeville
GRN-2026-00443,PO-2026-00483,SUP-0045,2026-05-18,W. Mabaso,WH-A Sandton
GRN-2026-00444,PO-2026-00484,SUP-0038,2026-06-11,O. Mthembu,WH-B Wadeville
GRN-2026-00445,PO-2026-00485,SUP-0028,2026-03-16,E. du Plessis,WH-A Sandton
GRN-2025-00446,PO-2025-00486,SUP-0003,2025-12-15,H. Ngobeni,WH-A Sandton
GRN-2026-00447,PO-2026-00487,SUP-0012,2026-08-21,O. Mthembu,WH-B Wadeville
GRN-2025-00448,PO-2025-00488,SUP-0001,2025-11-03,E. du Plessis,WH-A Sandton
GRN-2026-00449,PO-2026-00489,SUP-0043,2026-01-20,O. Mthembu,WH-B Wadeville
GRN-2026-00450,PO-2025-00490,SUP-0030,2026-01-05,Z. Jacobs,WH-B Wadeville
GRN-2025-00451,PO-2025-00491,SUP-0045,2025-12-29,W. Mabaso,WH-A Sandton
GRN-2026-00452,PO-2026-00492,SUP-0020,2026-08-12,O. Mthembu,WH-A Sandton
GRN-2026-00453,PO-2026-00493,SUP-0010,2026-02-20,W. Mabaso,WH-B Wadeville
GRN-2026-00454,PO-2025-00494,SUP-0044,2026-01-05,E. du Plessis,WH-B Wadeville
GRN-2026-00455,PO-2026-00495,SUP-0042,2026-07-27,W. Mabaso,WH-A Sandton
GRN-2026-00456,PO-2026-00496,SUP-0008,2026-03-17,Z. Jacobs,WH-A Sandton
GRN-2026-00457,PO-2026-00497,SUP-0011,2026-02-17,H. Ngobeni,WH-B Wadeville
GRN-2026-00458,PO-2026-00498,SUP-0010,2026-01-12,Z. Jacobs,WH-B Wadeville
GRN-2026-00459,PO-2026-00499,SUP-0018,2026-07-13,H. Ngobeni,WH-B Wadeville
GRN-2026-00460,PO-2026-00500,SUP-0032,2026-03-13,Z. Jacobs,WH-A Sandton
GRN-2026-00461,PO-2026-00501,SUP-0003,2026-01-27,W. Mabaso,WH-B Wadeville
GRN-2026-00462,PO-2026-00502,SUP-0043,2026-09-09,W. Mabaso,WH-B Wadeville
GRN-2026-00463,PO-2026-00503,SUP-0025,2026-05-07,Z. Jacobs,WH-B Wadeville
GRN-2025-00464,PO-2025-00504,SUP-0043,2025-12-11,Z. Jacobs,WH-B Wadeville
GRN-2025-00465,PO-2025-00505,SUP-0015,2025-11-07,O. Mthembu,WH-B Wadeville
GRN-2026-00466,PO-2026-00506,SUP-0036,2026-04-10,H. Ngobeni,WH-A Sandton
GRN-2025-00467,PO-2025-00507,SUP-0038,2025-10-30,O. Mthembu,WH-B Wadeville
GRN-2025-00468,PO-2025-00508,SUP-0025,2025-12-22,O. Mthembu,WH-A Sandton
GRN-2026-00469,PO-2026-00510,SUP-0031,2026-03-03,W. Mabaso,WH-B Wadeville
GRN-2026-00470,PO-2026-00512,SUP-0043,2026-02-10,O. Mthembu,WH-A Sandton
GRN-2025-00471,PO-2025-00513,SUP-0020,2025-12-01,E. du Plessis,WH-A Sandton
GRN-2025-00472,PO-2025-00515,SUP-0015,2025-10-31,H. Ngobeni,WH-A Sandton
GRN-2026-00473,PO-2026-00516,SUP-0007,2026-07-10,E. du Plessis,WH-B Wadeville
GRN-2026-00474,PO-2026-00517,SUP-0028,2026-04-27,W. Mabaso,WH-B Wadeville
GRN-2026-00475,PO-2026-00518,SUP-0031,2026-03-02,O. Mthembu,WH-A Sandton
GRN-2026-00476,PO-2026-00519,SUP-0013,2026-02-12,W. Mabaso,WH-A Sandton
GRN-2026-00477,PO-2025-00520,SUP-0020,2026-01-19,Z. Jacobs,WH-A Sandton
