grn_number,po_number,line_no,item_code,qty_received
GRN-2026-00001,PO-2026-00002,1,INS-PRS16,50
GRN-2026-00002,PO-2026-00003,1,INS-PRS16,1
GRN-2026-00002,PO-2026-00003,2,INS-TMP01,2
GRN-2025-00003,PO-2025-00004,1,HDW-PDL50,4
GRN-2025-00003,PO-2025-00004,2,HDW-CST100,6
GRN-2026-00004,PO-2026-00005,1,STL-PL6MS,1
GRN-2026-00004,PO-2026-00005,2,STL-ANG40,2
GRN-2026-00004,PO-2026-00005,3,STL-SQ50,2
GRN-2026-00005,PO-2026-00006,1,PLA-PER06,1
GRN-2026-00005,PO-2026-00006,2,PLA-HDPE10,50
GRN-2026-00006,PO-2025-00007,1,PNU-CMP75,12
GRN-2026-00006,PO-2025-00007,2,PNU-CYL63,1
GRN-2026-00006,PO-2025-00007,3,PNU-FRL12,6
GRN-2026-00007,PO-2026-00008,1,SEL-GSK150,1
GRN-2026-00007,PO-2026-00008,2,SEL-OIL45,1
GRN-2026-00007,PO-2026-00008,3,SEL-ORK01,10
GRN-2025-00008,PO-2025-00009,1,WLD-HLM01,18
GRN-2025-00008,PO-2025-00009,2,WLD-MIG08,1
GRN-2025-00008,PO-2025-00009,3,WLD-E6013,8
GRN-2026-00009,PO-2026-00010,1,INS-PRS16,3
GRN-2026-00009,PO-2026-00010,2,INS-TMP01,4
GRN-2026-00010,PO-2026-00011,1,FST-M12X60,1
GRN-2026-00010,PO-2026-00011,2,FST-ANC12,2
GRN-2026-00011,PO-2026-00012,1,STL-PL6MS,5
GRN-2025-00012,PO-2025-00013,1,ELE-BAT100,3
GRN-2025-00012,PO-2025-00013,2,ELE-CB63,1
GRN-2025-00012,PO-2025-00013,3,ELE-CON40,5
GRN-2026-00013,PO-2026-00014,1,DRV-SPB2120,50
GRN-2025-00014,PO-2025-00015,1,PLA-HDPE10,25
GRN-2026-00015,PO-2026-00016,1,STL-PL6MS,6
GRN-2026-00015,PO-2026-00016,2,STL-ANG40,1
GRN-2025-00016,PO-2025-00017,1,TLS-TRQ34,2
GRN-2026-00017,PO-2026-00018,1,REF-CMP15,25
GRN-2026-00017,PO-2026-00018,2,REF-GAS404,3
GRN-2025-00018,PO-2025-00019,1,PPE-BOOT8,5
GRN-2025-00019,PO-2025-00020,1,FST-ANC12,1
GRN-2026-00020,PO-2026-00021,1,STL-RD304,5
GRN-2026-00020,PO-2026-00021,2,STL-ANG40,5
GRN-2026-00020,PO-2026-00021,3,STL-SQ50,6
GRN-2026-00021,PO-2026-00022,1,SEL-OIL45,8
GRN-2025-00022,PO-2025-00023,1,PLA-HDPE10,8
GRN-2026-00023,PO-2026-00024,1,WLD-MIG08,3
GRN-2026-00023,PO-2026-00024,2,WLD-HLM01,1
GRN-2026-00023,PO-2026-00024,3,WLD-E6013,4
GRN-2026-00024,PO-2026-00025,1,PIP-GAL50,8
GRN-2026-00025,PO-2026-00026,1,PPE-BOOT8,12
GRN-2026-00025,PO-2026-00026,2,PPE-GLV10,25
GRN-2026-00026,PO-2026-00027,1,STL-ANG40,12
GRN-2026-00026,PO-2026-00027,2,STL-SQ50,1
GRN-2026-00026,PO-2026-00027,3,STL-PL6MS,25
GRN-2025-00027,PO-2025-00028,1,INS-TMP01,3
GRN-2025-00028,PO-2025-00029,1,SEL-ORK01,20
GRN-2026-00029,PO-2026-00030,1,SEL-ORK01,2
GRN-2026-00029,PO-2026-00030,2,SEL-OIL45,1
GRN-2026-00030,PO-2026-00031,1,INS-TMP01,2
GRN-2025-00031,PO-2025-00032,1,LUB-EP220,5
GRN-2026-00032,PO-2026-00033,1,BRG-22216,25
GRN-2026-00032,PO-2026-00033,2,DRV-SPB2120,1
GRN-2025-00033,PO-2025-00034,1,MHD-FRK25,3
GRN-2026-00034,PO-2026-00035,1,TLS-DRL18,2
GRN-2026-00034,PO-2026-00035,2,TLS-GRN230,2
GRN-2026-00034,PO-2026-00035,3,TLS-TRQ34,2
GRN-2026-00035,PO-2026-00036,1,HYD-FIT12,1
GRN-2025-00036,PO-2025-00037,1,PPE-BOOT8,8
GRN-2025-00036,PO-2025-00037,2,PPE-GLV10,1
GRN-2026-00037,PO-2025-00038,1,REF-GAS404,2
GRN-2025-00038,PO-2025-00039,1,HYD-FIT12,2
GRN-2025-00038,PO-2025-00039,2,HYD-2SN12,10
GRN-2025-00038,PO-2025-00039,3,HYD-CYL80,12
GRN-2025-00038,PO-2025-00039,4,HYD-PMP45,4
GRN-2026-00039,PO-2026-00040,1,BRG-22216,1
GRN-2026-00039,PO-2026-00040,2,DRV-SPB2120,6
GRN-2026-00039,PO-2026-00040,3,BRG-6205,3
GRN-2026-00039,PO-2026-00040,4,DRV-TL2517,1
GRN-2026-00040,PO-2026-00041,1,PIP-GAL50,8
GRN-2026-00040,PO-2026-00041,2,PIP-FLG80,2
GRN-2025-00041,PO-2025-00043,1,HYD-2SN12,50
GRN-2025-00041,PO-2025-00043,2,HYD-CYL80,2
GRN-2025-00041,PO-2025-00043,3,HYD-FIT12,6
GRN-2025-00041,PO-2025-00043,4,HYD-PMP45,2
GRN-2026-00042,PO-2026-00044,1,REF-CMP15,5
GRN-2026-00042,PO-2026-00044,2,REF-GAS404,1
GRN-2026-00043,PO-2026-00045,1,STL-PL6MS,3
GRN-2026-00043,PO-2026-00045,2,STL-RD304,3
GRN-2026-00043,PO-2026-00045,3,STL-SQ50,2
GRN-2026-00044,PO-2026-00046,1,HYD-CYL80,10
GRN-2026-00044,PO-2026-00046,2,HYD-2SN12,2
GRN-2025-00045,PO-2025-00047,1,STL-SQ50,3
GRN-2025-00045,PO-2025-00047,2,STL-ANG40,6
GRN-2025-00045,PO-2025-00047,3,STL-PL6MS,8
GRN-2025-00045,PO-2025-00047,4,STL-RD304,31
GRN-2026-00046,PO-2026-00048,1,SEL-OIL45,4
GRN-2026-00046,PO-2026-00048,2,SEL-GSK150,5
GRN-2026-00046,PO-2026-00048,3,SEL-ORK01,8
GRN-2026-00047,PO-2026-00049,1,HDW-PDL50,1
GRN-2026-00047,PO-2026-00049,2,HDW-CST100,1
GRN-2026-00048,PO-2025-00051,1,FST-NUTM12,4
GRN-2026-00048,PO-2025-00051,2,FST-ANC12,1
GRN-2026-00048,PO-2025-00051,3,FST-M12X60,2
GRN-2026-00049,PO-2026-00052,1,ELE-CB63,10
GRN-2026-00049,PO-2026-00052,2,ELE-CON40,44
GRN-2026-00050,PO-2026-00053,1,PIP-FLG80,1
GRN-2025-00051,PO-2025-00054,1,STL-SQ50,2
GRN-2025-00051,PO-2025-00054,2,STL-PL6MS,10
GRN-2025-00051,PO-2025-00054,3,STL-RD304,2
GRN-2025-00051,PO-2025-00054,4,STL-ANG40,1
GRN-2026-00052,PO-2026-00055,1,INS-PRS16,2
GRN-2026-00052,PO-2026-00055,2,INS-TMP01,12
GRN-2025-00053,PO-2025-00056,1,TLS-TRQ34,10
GRN-2025-00053,PO-2025-00056,2,TLS-DRL18,25
GRN-2025-00053,PO-2025-00056,3,TLS-GRN230,1
GRN-2026-00054,PO-2026-00057,1,PIP-GAL50,4
GRN-2026-00054,PO-2026-00057,2,PIP-FLG80,2
GRN-2026-00055,PO-2026-00058,1,INS-TMP01,8
GRN-2026-00056,PO-2026-00059,1,STL-SQ50,3
GRN-2026-00057,PO-2026-00060,1,SEL-GSK150,1
GRN-2025-00058,PO-2025-00061,1,VLV-BF100,1
GRN-2026-00059,PO-2026-00062,1,BRG-22216,10
GRN-2026-00059,PO-2026-00062,2,DRV-TL2517,8
GRN-2026-00059,PO-2026-00062,3,DRV-SPB2120,3
GRN-2026-00059,PO-2026-00062,4,BRG-6205,12
GRN-2026-00060,PO-2026-00064,1,FST-ANC12,3
GRN-2026-00060,PO-2026-00064,2,FST-M12X60,10
GRN-2026-00060,PO-2026-00064,3,FST-NUTM12,8
GRN-2025-00061,PO-2025-00065,1,REF-GAS404,25
GRN-2025-00062,PO-2025-00066,1,PPE-GLV10,1
GRN-2026-00063,PO-2026-00067,1,MHD-FRK25,1
GRN-2026-00064,PO-2026-00068,1,PIP-FLG80,2
GRN-2026-00064,PO-2026-00068,2,PIP-GAL50,2
GRN-2026-00065,PO-2026-00070,1,MTR-REW11,5
GRN-2026-00065,PO-2026-00070,2,MTR-55KW4,4
GRN-2026-00066,PO-2026-00071,1,INS-PRS16,6
GRN-2026-00066,PO-2026-00071,2,INS-TMP01,1
GRN-2026-00067,PO-2026-00072,1,DRV-TL2517,10
GRN-2026-00068,PO-2026-00074,1,ELE-CB63,1
GRN-2026-00068,PO-2026-00074,2,ELE-CON40,25
GRN-2026-00068,PO-2026-00074,3,ELE-SWA4C,20
GRN-2026-00068,PO-2026-00074,4,ELE-BAT100,4
GRN-2026-00069,PO-2026-00075,1,PNT-PRM20,5
GRN-2026-00069,PO-2026-00075,2,PNT-EPX20,4
GRN-2025-00070,PO-2025-00076,1,INS-TMP01,2
GRN-2025-00070,PO-2025-00076,2,INS-PRS16,1
GRN-2026-00071,PO-2026-00077,1,FST-M12X60,12
GRN-2026-00071,PO-2026-00077,2,FST-NUTM12,4
GRN-2026-00072,PO-2026-00078,1,ABR-CUT230,1
GRN-2026-00073,PO-2026-00079,1,STL-SQ50,12
GRN-2026-00074,PO-2026-00080,1,MTR-REW11,2
GRN-2026-00075,PO-2026-00081,1,ELE-CON40,1
GRN-2026-00075,PO-2026-00081,2,ELE-BAT100,1
GRN-2026-00075,PO-2026-00081,3,ELE-CB63,20
GRN-2026-00076,PO-2026-00082,1,PPE-HRN01,12
GRN-2026-00077,PO-2026-00083,1,STL-PL6MS,4
GRN-2026-00078,PO-2026-00084,1,PLA-HDPE10,4
GRN-2026-00078,PO-2026-00084,2,PLA-PER06,8
GRN-2026-00079,PO-2026-00085,1,PPE-HAT01,3
GRN-2026-00079,PO-2026-00085,2,PPE-BOOT8,3
GRN-2026-00080,PO-2026-00086,1,REF-CMP15,6
GRN-2026-00081,PO-2026-00087,1,HYD-PMP45,2
GRN-2026-00081,PO-2026-00087,2,HYD-2SN12,1
GRN-2026-00082,PO-2026-00088,1,REF-GAS404,20
GRN-2026-00082,PO-2026-00088,2,REF-CMP15,32
GRN-2026-00083,PO-2026-00089,1,MTR-REW11,20
GRN-2026-00083,PO-2026-00089,2,MTR-55KW4,5
GRN-2026-00084,PO-2026-00090,1,MHD-SLG03,1
GRN-2026-00084,PO-2026-00090,2,MHD-FRK25,1
GRN-2025-00085,PO-2025-00091,1,ELE-CB63,4
GRN-2025-00085,PO-2025-00091,2,ELE-SWA4C,3
GRN-2026-00086,PO-2026-00092,1,TLS-GRN230,1
GRN-2026-00086,PO-2026-00092,2,TLS-DRL18,2
GRN-2026-00086,PO-2026-00092,3,TLS-TRQ34,25
GRN-2026-00087,PO-2026-00093,1,MHD-FRK25,10
GRN-2026-00087,PO-2026-00093,2,MHD-SLG03,3
GRN-2026-00088,PO-2026-00094,1,INS-PRS16,20
GRN-2026-00089,PO-2026-00095,1,STL-SQ50,3
GRN-2026-00089,PO-2026-00095,2,STL-ANG40,3
GRN-2026-00089,PO-2026-00095,3,STL-PL6MS,2
GRN-2026-00090,PO-2026-00096,1,SEL-GSK150,50
GRN-2026-00091,PO-2026-00097,1,SEL-ORK01,3
GRN-2026-00091,PO-2026-00097,2,SEL-OIL45,6
GRN-2026-00092,PO-2026-00098,1,HDW-PDL50,1
GRN-2026-00092,PO-2026-00098,2,HDW-CST100,8
GRN-2026-00093,PO-2026-00099,1,HYD-FIT12,20
GRN-2025-00094,PO-2025-00100,1,HYD-FIT12,25
GRN-2026-00095,PO-2025-00101,1,PLA-PER06,17
GRN-2026-00095,PO-2025-00101,2,PLA-HDPE10,4
GRN-2026-00096,PO-2026-00102,1,MHD-FRK25,3
GRN-2026-00096,PO-2026-00102,2,MHD-SLG03,8
GRN-2026-00097,PO-2026-00103,1,HDW-PDL50,8
GRN-2026-00097,PO-2026-00103,2,HDW-CST100,10
GRN-2026-00098,PO-2026-00104,1,PNU-CMP75,2
GRN-2026-00098,PO-2026-00104,2,PNU-FRL12,1
GRN-2026-00098,PO-2026-00104,3,PNU-CYL63,2
GRN-2026-00099,PO-2026-00105,1,MHD-FRK25,10
GRN-2026-00099,PO-2026-00105,2,MHD-SLG03,2
GRN-2026-00100,PO-2026-00106,1,HDW-CST100,1
GRN-2026-00101,PO-2026-00107,1,ELE-CON40,4
GRN-2026-00102,PO-2026-00108,1,HDW-CST100,2
GRN-2026-00102,PO-2026-00108,2,HDW-PDL50,6
GRN-2025-00103,PO-2025-00109,1,CNV-BLT650,4
GRN-2025-00103,PO-2025-00109,2,CNV-PUL400,20
GRN-2025-00103,PO-2025-00109,3,CNV-IDL152,4
GRN-2026-00104,PO-2026-00110,1,FST-NUTM12,20
GRN-2026-00105,PO-2026-00111,1,PNU-FRL12,1
GRN-2026-00105,PO-2026-00111,2,PNU-CMP75,19
GRN-2025-00106,PO-2025-00112,1,HYD-CYL80,3
GRN-2025-00106,PO-2025-00112,2,HYD-FIT12,1
GRN-2025-00106,PO-2025-00112,3,HYD-PMP45,1
GRN-2026-00107,PO-2026-00113,1,PNT-PRM20,5
GRN-2026-00107,PO-2026-00113,2,PNT-EPX20,2
GRN-2026-00108,PO-2026-00114,1,PKG-PLT12,20
GRN-2026-00108,PO-2026-00114,2,PKG-STR48,8
GRN-2026-00109,PO-2026-00115,1,REF-GAS404,1
GRN-2026-00109,PO-2026-00115,2,REF-CMP15,5
GRN-2026-00110,PO-2026-00116,1,STL-SQ50,4
GRN-2026-00111,PO-2025-00117,1,MTR-REW11,6
GRN-2026-00111,PO-2025-00117,2,MTR-55KW4,5
GRN-2026-00112,PO-2026-00118,1,HYD-2SN12,2
GRN-2026-00112,PO-2026-00118,2,HYD-CYL80,2
GRN-2026-00113,PO-2025-00119,1,WLD-E6013,3
GRN-2025-00114,PO-2025-00120,1,HYD-CYL80,2
GRN-2025-00114,PO-2025-00120,2,HYD-PMP45,1
GRN-2026-00115,PO-2026-00121,1,CHM-RUS05,4
GRN-2026-00115,PO-2026-00121,2,CHM-DEG25,20
GRN-2026-00116,PO-2026-00122,1,FST-NUTM12,4
GRN-2026-00116,PO-2026-00122,2,FST-ANC12,10
GRN-2026-00117,PO-2026-00123,1,BRG-22216,20
GRN-2026-00118,PO-2026-00124,1,VLV-GT80,20
GRN-2026-00118,PO-2026-00124,2,VLV-BF100,10
GRN-2026-00119,PO-2026-00125,1,FST-M12X60,3
GRN-2026-00119,PO-2026-00125,2,FST-NUTM12,6
GRN-2026-00119,PO-2026-00125,3,FST-ANC12,50
GRN-2026-00120,PO-2026-00127,1,STL-SQ50,2
GRN-2026-00120,PO-2026-00127,2,STL-RD304,4
GRN-2026-00120,PO-2026-00127,3,STL-PL6MS,4
GRN-2026-00121,PO-2026-00128,1,CHM-RUS05,4
GRN-2026-00121,PO-2026-00128,2,CHM-DEG25,4
GRN-2026-00122,PO-2026-00130,1,CNV-BLT650,3
GRN-2026-00122,PO-2026-00130,2,CNV-PUL400,2
GRN-2026-00122,PO-2026-00130,3,CNV-IDL152,25
GRN-2025-00123,PO-2025-00131,1,PPE-HRN01,3
GRN-2025-00123,PO-2025-00131,2,PPE-BOOT8,1
GRN-2025-00123,PO-2025-00131,3,PPE-GLV10,2
GRN-2025-00123,PO-2025-00131,4,PPE-HAT01,4
GRN-2026-00124,PO-2026-00132,1,BRG-22216,10
GRN-2026-00124,PO-2026-00132,2,BRG-6205,1
GRN-2026-00124,PO-2026-00132,3,DRV-SPB2120,10
GRN-2026-00125,PO-2026-00133,1,WLD-MIG08,2
GRN-2026-00126,PO-2026-00134,1,CNV-IDL152,10
GRN-2026-00127,PO-2026-00135,1,HYD-CYL80,1
GRN-2026-00127,PO-2026-00135,2,HYD-2SN12,1
GRN-2026-00127,PO-2026-00135,3,HYD-FIT12,4
GRN-2026-00127,PO-2026-00135,4,HYD-PMP45,1
GRN-2026-00128,PO-2026-00137,1,VLV-GT80,4
GRN-2026-00129,PO-2026-00138,1,BRG-22216,5
GRN-2026-00129,PO-2026-00138,2,DRV-SPB2120,3
GRN-2026-00130,PO-2025-00139,1,FST-NUTM12,4
GRN-2026-00130,PO-2025-00139,2,FST-M12X60,50
GRN-2026-00131,PO-2026-00140,1,WLD-MIG08,2
GRN-2026-00131,PO-2026-00140,2,WLD-E6013,8
GRN-2026-00132,PO-2026-00141,1,PPE-HAT01,8
GRN-2026-00132,PO-2026-00141,2,PPE-HRN01,50
GRN-2026-00132,PO-2026-00141,3,PPE-BOOT8,20
GRN-2025-00133,PO-2025-00142,1,MHD-SLG03,7
GRN-2025-00133,PO-2025-00142,2,MHD-FRK25,1
GRN-2026-00134,PO-2026-00143,1,FST-M12X60,12
GRN-2026-00135,PO-2026-00144,1,CNV-BLT650,2
GRN-2026-00135,PO-2026-00144,2,CNV-IDL152,5
GRN-2026-00135,PO-2026-00144,3,CNV-PUL400,10
GRN-2025-00136,PO-2025-00145,1,HDW-PDL50,3
GRN-2026-00137,PO-2026-00146,1,PMP-CEN55,1
GRN-2025-00138,PO-2025-00147,1,WLD-MIG08,12
GRN-2026-00139,PO-2026-00148,1,HYD-FIT12,8
GRN-2026-00139,PO-2026-00148,2,HYD-2SN12,3
GRN-2026-00139,PO-2026-00148,3,HYD-CYL80,1
GRN-2026-00140,PO-2026-00149,1,STL-SQ50,3
GRN-2026-00140,PO-2026-00149,2,STL-ANG40,12
GRN-2026-00140,PO-2026-00149,3,STL-RD304,6
GRN-2026-00140,PO-2026-00149,4,STL-PL6MS,3
GRN-2026-00141,PO-2026-00150,1,MHD-FRK25,50
GRN-2026-00141,PO-2026-00150,2,MHD-SLG03,2
GRN-2025-00142,PO-2025-00152,1,TLS-DRL18,5
GRN-2025-00142,PO-2025-00152,2,TLS-GRN230,8
GRN-2025-00142,PO-2025-00152,3,TLS-TRQ34,1
GRN-2025-00143,PO-2025-00153,1,WLD-HLM01,2
GRN-2025-00143,PO-2025-00153,2,WLD-E6013,3
GRN-2025-00143,PO-2025-00153,3,WLD-MIG08,25
GRN-2026-00144,PO-2026-00154,1,REF-GAS404,1
GRN-2025-00145,PO-2025-00155,1,BRG-6205,2
GRN-2025-00145,PO-2025-00155,2,DRV-TL2517,25
GRN-2026-00146,PO-2026-00156,1,PPE-HRN01,2
GRN-2026-00147,PO-2026-00157,1,REF-CMP15,1
GRN-2026-00147,PO-2026-00157,2,REF-GAS404,1
GRN-2026-00148,PO-2026-00158,1,HDW-CST100,1
GRN-2026-00148,PO-2026-00158,2,HDW-PDL50,4
GRN-2026-00149,PO-2026-00159,1,PPE-HAT01,20
GRN-2026-00149,PO-2026-00159,2,PPE-HRN01,6
GRN-2025-00150,PO-2025-00160,1,HYD-PMP45,3
GRN-2026-00151,PO-2026-00161,1,VLV-BF100,4
GRN-2026-00151,PO-2026-00161,2,PMP-CEN55,1
GRN-2026-00151,PO-2026-00161,3,VLV-GT80,1
GRN-2025-00152,PO-2025-00162,1,HYD-PMP45,6
GRN-2025-00152,PO-2025-00162,2,HYD-FIT12,1
GRN-2025-00153,PO-2025-00163,1,STL-ANG40,5
GRN-2025-00153,PO-2025-00163,2,STL-PL6MS,2
GRN-2025-00154,PO-2025-00164,1,SEL-GSK150,4
GRN-2025-00154,PO-2025-00164,2,SEL-ORK01,2
GRN-2025-00154,PO-2025-00164,3,SEL-OIL45,2
GRN-2026-00155,PO-2026-00166,1,INS-PRS16,8
GRN-2026-00155,PO-2026-00166,2,INS-TMP01,1
GRN-2026-00156,PO-2026-00167,1,SEL-GSK150,3
GRN-2026-00157,PO-2026-00168,1,REF-CMP15,8
GRN-2026-00157,PO-2026-00168,2,REF-GAS404,6
GRN-2026-00158,PO-2026-00169,1,BRG-22216,6
GRN-2026-00159,PO-2026-00170,1,STL-RD304,1
GRN-2026-00160,PO-2026-00171,1,DRV-TL2517,1
GRN-2026-00160,PO-2026-00171,2,BRG-22216,5
GRN-2026-00160,PO-2026-00171,3,DRV-SPB2120,1
GRN-2025-00161,PO-2025-00172,1,MTR-REW11,6
GRN-2025-00162,PO-2025-00173,1,ELE-BAT100,1
GRN-2025-00162,PO-2025-00173,2,ELE-CON40,3
GRN-2026-00163,PO-2026-00174,1,BRG-22216,3
GRN-2026-00163,PO-2026-00174,2,BRG-6205,10
GRN-2026-00163,PO-2026-00174,3,DRV-SPB2120,1
GRN-2025-00164,PO-2025-00175,1,STL-SQ50,10
GRN-2025-00165,PO-2025-00176,1,ELE-BAT100,12
GRN-2025-00165,PO-2025-00176,2,ELE-CON40,4
GRN-2025-00165,PO-2025-00176,3,ELE-SWA4C,3
GRN-2025-00166,PO-2025-00177,1,CNV-PUL400,4
GRN-2025-00166,PO-2025-00177,2,CNV-IDL152,1
GRN-2025-00166,PO-2025-00177,3,CNV-BLT650,1
GRN-2026-00167,PO-2026-00178,1,REF-GAS404,20
GRN-2026-00167,PO-2026-00178,2,REF-CMP15,2
GRN-2026-00168,PO-2026-00179,1,INS-PRS16,3
GRN-2026-00168,PO-2026-00179,2,INS-TMP01,2
GRN-2026-00169,PO-2026-00180,1,BRG-22216,4
GRN-2026-00169,PO-2026-00180,2,DRV-TL2517,2
GRN-2026-00169,PO-2026-00180,3,BRG-6205,3
GRN-2025-00170,PO-2025-00181,1,SEL-ORK01,2
GRN-2025-00170,PO-2025-00181,2,SEL-OIL45,7
GRN-2025-00170,PO-2025-00181,3,SEL-GSK150,4
GRN-2026-00171,PO-2026-00182,1,ELE-CON40,2
GRN-2026-00171,PO-2026-00182,2,ELE-SWA4C,6
GRN-2026-00172,PO-2026-00184,1,PNT-EPX20,8
GRN-2026-00173,PO-2026-00185,1,ABR-CUT230,1
GRN-2026-00173,PO-2026-00185,2,ABR-FLP125,2
GRN-2026-00174,PO-2026-00186,1,INS-TMP01,3
GRN-2026-00174,PO-2026-00186,2,INS-PRS16,6
GRN-2026-00175,PO-2026-00187,1,PPE-BOOT8,2
GRN-2026-00175,PO-2026-00187,2,PPE-GLV10,6
GRN-2026-00176,PO-2025-00188,1,ELE-CB63,10
GRN-2026-00176,PO-2025-00188,2,ELE-BAT100,5
GRN-2026-00176,PO-2025-00188,3,ELE-CON40,20
GRN-2025-00177,PO-2025-00189,1,PKG-PLT12,5
GRN-2025-00177,PO-2025-00189,2,PKG-STR48,1
GRN-2025-00178,PO-2025-00190,1,DRV-SPB2120,4
GRN-2025-00178,PO-2025-00190,2,BRG-22216,5
GRN-2025-00178,PO-2025-00190,3,BRG-6205,2
GRN-2026-00179,PO-2026-00191,1,DRV-SPB2120,3
GRN-2026-00179,PO-2026-00191,2,DRV-TL2517,2
GRN-2025-00180,PO-2025-00193,1,MTR-55KW4,3
GRN-2025-00180,PO-2025-00193,2,MTR-REW11,8
GRN-2025-00181,PO-2025-00194,1,HYD-FIT12,4
GRN-2025-00181,PO-2025-00194,2,HYD-PMP45,3
GRN-2025-00181,PO-2025-00194,3,HYD-CYL80,6
GRN-2025-00181,PO-2025-00194,4,HYD-2SN12,12
GRN-2026-00182,PO-2026-00195,1,FST-M12X60,12
GRN-2026-00183,PO-2026-00196,1,HYD-PMP45,3
GRN-2026-00183,PO-2026-00196,2,HYD-CYL80,8
GRN-2026-00184,PO-2026-00198,1,HYD-FIT12,10
GRN-2026-00184,PO-2026-00198,2,HYD-PMP45,3
GRN-2026-00185,PO-2025-00199,1,CHM-DEG25,6
GRN-2025-00186,PO-2025-00200,1,PLA-PER06,6
GRN-2025-00186,PO-2025-00200,2,PLA-HDPE10,50
GRN-2026-00187,PO-2026-00202,1,MHD-SLG03,1
GRN-2026-00187,PO-2026-00202,2,MHD-FRK25,1
GRN-2025-00188,PO-2025-00203,1,STL-ANG40,10
GRN-2025-00188,PO-2025-00203,2,STL-RD304,10
GRN-2025-00188,PO-2025-00203,3,STL-SQ50,4
GRN-2026-00189,PO-2026-00204,1,SEL-OIL45,10
GRN-2026-00189,PO-2026-00204,2,SEL-ORK01,3
GRN-2026-00190,PO-2026-00205,1,INS-PRS16,1
GRN-2026-00190,PO-2026-00205,2,INS-TMP01,3
GRN-2026-00191,PO-2026-00206,1,STL-ANG40,3
GRN-2025-00192,PO-2025-00207,1,LUB-GRS18,4
GRN-2026-00193,PO-2026-00208,1,CHM-DEG25,1
GRN-2025-00194,PO-2025-00211,1,REF-CMP15,5
GRN-2026-00195,PO-2026-00212,1,HYD-PMP45,3
GRN-2026-00196,PO-2026-00213,1,PPE-HAT01,1
GRN-2026-00197,PO-2026-00214,1,BRG-22216,1
GRN-2026-00197,PO-2026-00214,2,DRV-TL2517,8
GRN-2026-00197,PO-2026-00214,3,DRV-SPB2120,12
GRN-2026-00197,PO-2026-00214,4,BRG-6205,10
GRN-2026-00198,PO-2026-00215,1,HDW-CST100,4
GRN-2026-00199,PO-2026-00216,1,TLS-GRN230,2
GRN-2026-00199,PO-2026-00216,2,TLS-DRL18,2
GRN-2026-00199,PO-2026-00216,3,TLS-TRQ34,6
GRN-2026-00200,PO-2026-00217,1,INS-PRS16,3
GRN-2026-00200,PO-2026-00217,2,INS-TMP01,3
GRN-2026-00201,PO-2026-00218,1,LUB-GRS18,8
GRN-2026-00202,PO-2026-00220,1,PLA-HDPE10,25
GRN-2026-00202,PO-2026-00220,2,PLA-PER06,1
GRN-2026-00203,PO-2026-00221,1,SEL-ORK01,25
GRN-2025-00204,PO-2025-00222,1,PLA-PER06,10
GRN-2026-00205,PO-2026-00223,1,HDW-PDL50,3
GRN-2026-00205,PO-2026-00223,2,HDW-CST100,50
GRN-2026-00206,PO-2026-00225,1,PNU-CMP75,50
GRN-2026-00206,PO-2026-00225,2,PNU-FRL12,1
GRN-2026-00207,PO-2026-00226,1,PIP-FLG80,4
GRN-2026-00207,PO-2026-00226,2,PIP-GAL50,2
GRN-2026-00208,PO-2026-00227,1,PLA-PER06,3
GRN-2026-00208,PO-2026-00227,2,PLA-HDPE10,1
GRN-2026-00209,PO-2026-00228,1,HYD-2SN12,1
GRN-2025-00210,PO-2025-00229,1,PLA-PER06,2
GRN-2025-00210,PO-2025-00229,2,PLA-HDPE10,6
GRN-2025-00211,PO-2025-00230,1,HYD-PMP45,3
GRN-2025-00211,PO-2025-00230,2,HYD-CYL80,17
GRN-2025-00211,PO-2025-00230,3,HYD-2SN12,1
GRN-2025-00211,PO-2025-00230,4,HYD-FIT12,1
GRN-2025-00212,PO-2025-00231,1,PNT-EPX20,5
GRN-2026-00213,PO-2026-00232,1,CHM-DEG25,3
GRN-2025-00214,PO-2025-00233,1,LUB-HYD46,5
GRN-2025-00214,PO-2025-00233,2,LUB-EP220,1
GRN-2025-00214,PO-2025-00233,3,LUB-GRS18,50
GRN-2025-00215,PO-2025-00234,1,PKG-STR48,2
GRN-2026-00216,PO-2026-00235,1,WLD-E6013,3
GRN-2026-00217,PO-2026-00236,1,MTR-REW11,50
GRN-2026-00217,PO-2026-00236,2,MTR-55KW4,8
GRN-2026-00218,PO-2026-00238,1,ELE-CB63,4
GRN-2026-00219,PO-2026-00239,1,CHM-RUS05,6
GRN-2026-00220,PO-2026-00240,1,PNT-EPX20,6
GRN-2026-00221,PO-2026-00241,1,HYD-CYL80,10
GRN-2026-00221,PO-2026-00241,2,HYD-PMP45,50
GRN-2026-00221,PO-2026-00241,3,HYD-FIT12,10
GRN-2026-00222,PO-2026-00242,1,PNU-CMP75,3
GRN-2026-00222,PO-2026-00242,2,PNU-CYL63,2
GRN-2026-00222,PO-2026-00242,3,PNU-FRL12,5
GRN-2026-00223,PO-2026-00243,1,PLA-PER06,2
GRN-2026-00223,PO-2026-00243,2,PLA-HDPE10,6
GRN-2026-00224,PO-2026-00244,1,PPE-GLV10,2
GRN-2026-00224,PO-2026-00244,2,PPE-HRN01,1
GRN-2026-00224,PO-2026-00244,3,PPE-BOOT8,10
GRN-2026-00224,PO-2026-00244,4,PPE-HAT01,1
GRN-2025-00225,PO-2025-00245,1,REF-CMP15,2
GRN-2025-00225,PO-2025-00245,2,REF-GAS404,5
GRN-2025-00226,PO-2025-00246,1,MHD-SLG03,20
GRN-2025-00227,PO-2025-00247,1,ELE-CB63,1
GRN-2025-00227,PO-2025-00247,2,ELE-BAT100,50
GRN-2025-00227,PO-2025-00247,3,ELE-CON40,5
GRN-2025-00228,PO-2025-00249,1,ELE-CB63,4
GRN-2025-00228,PO-2025-00249,2,ELE-SWA4C,6
GRN-2025-00228,PO-2025-00249,3,ELE-BAT100,12
GRN-2025-00229,PO-2025-00250,1,PKG-PLT12,1
GRN-2025-00229,PO-2025-00250,2,PKG-STR48,8
GRN-2026-00230,PO-2026-00251,1,TLS-GRN230,5
GRN-2026-00231,PO-2026-00252,1,WLD-MIG08,5
GRN-2026-00232,PO-2026-00253,1,HYD-CYL80,2
GRN-2026-00232,PO-2026-00253,2,HYD-FIT12,8
GRN-2026-00232,PO-2026-00253,3,HYD-PMP45,5
GRN-2026-00233,PO-2026-00254,1,HYD-FIT12,3
GRN-2026-00233,PO-2026-00254,2,HYD-CYL80,1
GRN-2026-00233,PO-2026-00254,3,HYD-PMP45,25
GRN-2026-00233,PO-2026-00254,4,HYD-2SN12,5
GRN-2025-00234,PO-2025-00255,1,SEL-GSK150,10
GRN-2025-00235,PO-2025-00256,1,MTR-REW11,50
GRN-2025-00235,PO-2025-00256,2,MTR-55KW4,25
GRN-2026-00236,PO-2026-00257,1,HYD-FIT12,8
GRN-2026-00236,PO-2026-00257,2,HYD-2SN12,1
GRN-2026-00236,PO-2026-00257,3,HYD-PMP45,1
GRN-2026-00237,PO-2026-00258,1,STL-PL6MS,1
GRN-2026-00237,PO-2026-00258,2,STL-ANG40,2
GRN-2026-00237,PO-2026-00258,3,STL-SQ50,3
GRN-2026-00238,PO-2026-00259,1,SEL-ORK01,2
GRN-2026-00238,PO-2026-00259,2,SEL-OIL45,2
GRN-2025-00239,PO-2025-00260,1,PIP-FLG80,2
GRN-2025-00240,PO-2025-00261,1,HDW-CST100,2
GRN-2025-00240,PO-2025-00261,2,HDW-PDL50,2
GRN-2025-00241,PO-2025-00262,1,STL-RD304,1
GRN-2025-00242,PO-2025-00263,1,PPE-HRN01,5
GRN-2026-00243,PO-2026-00264,1,STL-PL6MS,1
GRN-2026-00243,PO-2026-00264,2,STL-SQ50,50
GRN-2026-00244,PO-2026-00265,1,PLA-PER06,4
GRN-2026-00244,PO-2026-00265,2,PLA-HDPE10,4
GRN-2025-00245,PO-2025-00266,1,VLV-BF100,25
GRN-2025-00245,PO-2025-00266,2,VLV-GT80,2
GRN-2025-00245,PO-2025-00266,3,PMP-CEN55,3
GRN-2026-00246,PO-2026-00267,1,FST-ANC12,4
GRN-2026-00246,PO-2026-00267,2,FST-NUTM12,25
GRN-2026-00247,PO-2026-00268,1,PNU-CMP75,3
GRN-2026-00248,PO-2025-00269,1,PIP-GAL50,2
GRN-2026-00249,PO-2026-00270,1,HDW-CST100,6
GRN-2026-00249,PO-2026-00270,2,HDW-PDL50,5
GRN-2025-00250,PO-2025-00271,1,SEL-GSK150,5
GRN-2025-00250,PO-2025-00271,2,SEL-ORK01,2
GRN-2025-00250,PO-2025-00271,3,SEL-OIL45,1
GRN-2026-00251,PO-2026-00272,1,MHD-FRK25,2
GRN-2026-00251,PO-2026-00272,2,MHD-SLG03,5
GRN-2026-00252,PO-2026-00273,1,MHD-FRK25,20
GRN-2026-00253,PO-2026-00275,1,ELE-CB63,1
GRN-2025-00254,PO-2025-00276,1,INS-PRS16,6
GRN-2025-00255,PO-2025-00277,1,LUB-EP220,4
GRN-2025-00256,PO-2025-00278,1,WLD-E6013,2
GRN-2025-00256,PO-2025-00278,2,WLD-MIG08,1
GRN-2026-00257,PO-2026-00279,1,PIP-GAL50,8
GRN-2026-00257,PO-2026-00279,2,PIP-FLG80,2
GRN-2026-00258,PO-2026-00280,1,STL-SQ50,2
GRN-2026-00258,PO-2026-00280,2,STL-RD304,3
GRN-2026-00258,PO-2026-00280,3,STL-ANG40,20
GRN-2026-00259,PO-2026-00281,1,PLA-HDPE10,20
GRN-2026-00260,PO-2026-00282,1,PLA-PER06,6
GRN-2026-00260,PO-2026-00282,2,PLA-HDPE10,1
GRN-2025-00261,PO-2025-00283,1,PNU-FRL12,50
GRN-2025-00261,PO-2025-00283,2,PNU-CMP75,1
GRN-2025-00261,PO-2025-00283,3,PNU-CYL63,1
GRN-2026-00262,PO-2026-00284,1,DRV-SPB2120,12
GRN-2026-00262,PO-2026-00284,2,DRV-TL2517,5
GRN-2026-00262,PO-2026-00284,3,BRG-22216,4
GRN-2026-00262,PO-2026-00284,4,BRG-6205,3
GRN-2026-00263,PO-2026-00285,1,INS-TMP01,5
GRN-2025-00264,PO-2025-00286,1,PIP-FLG80,1
GRN-2025-00264,PO-2025-00286,2,PIP-GAL50,1
GRN-2026-00265,PO-2026-00287,1,STL-RD304,2
GRN-2026-00265,PO-2026-00287,2,STL-SQ50,10
GRN-2025-00266,PO-2025-00288,1,DRV-TL2517,8
GRN-2025-00266,PO-2025-00288,2,DRV-SPB2120,12
GRN-2026-00267,PO-2026-00289,1,LUB-HYD46,4
GRN-2026-00267,PO-2026-00289,2,LUB-EP220,25
GRN-2026-00268,PO-2026-00290,1,FST-NUTM12,1
GRN-2026-00268,PO-2026-00290,2,FST-ANC12,1
GRN-2026-00268,PO-2026-00290,3,FST-M12X60,25
GRN-2026-00269,PO-2026-00291,1,HYD-FIT12,8
GRN-2026-00270,PO-2026-00292,1,ELE-CB63,3
GRN-2026-00270,PO-2026-00292,2,ELE-SWA4C,12
GRN-2026-00270,PO-2026-00292,3,ELE-BAT100,6
GRN-2026-00270,PO-2026-00292,4,ELE-CON40,5
GRN-2026-00271,PO-2026-00293,1,INS-TMP01,5
GRN-2026-00271,PO-2026-00293,2,INS-PRS16,3
GRN-2026-00272,PO-2026-00295,1,HYD-PMP45,1
GRN-2026-00273,PO-2026-00296,1,MTR-55KW4,8
GRN-2026-00274,PO-2026-00298,1,STL-PL6MS,1
GRN-2026-00274,PO-2026-00298,2,STL-RD304,3
GRN-2026-00275,PO-2026-00299,1,HYD-CYL80,3
GRN-2026-00276,PO-2026-00300,1,HDW-PDL50,1
GRN-2026-00277,PO-2026-00301,1,STL-SQ50,3
GRN-2026-00277,PO-2026-00301,2,STL-RD304,1
GRN-2026-00277,PO-2026-00301,3,STL-ANG40,20
GRN-2025-00278,PO-2025-00302,1,CHM-RUS05,44
GRN-2025-00278,PO-2025-00302,2,CHM-DEG25,3
GRN-2026-00279,PO-2026-00303,1,REF-GAS404,2
GRN-2026-00280,PO-2026-00304,1,WLD-HLM01,2
GRN-2026-00280,PO-2026-00304,2,WLD-MIG08,1
GRN-2025-00281,PO-2025-00305,1,MHD-FRK25,1
GRN-2025-00281,PO-2025-00305,2,MHD-SLG03,1
GRN-2025-00282,PO-2025-00306,1,STL-SQ50,10
GRN-2025-00283,PO-2025-00308,1,BRG-22216,10
GRN-2025-00283,PO-2025-00308,2,DRV-TL2517,10
GRN-2025-00283,PO-2025-00308,3,BRG-6205,2
GRN-2026-00284,PO-2026-00310,1,DRV-SPB2120,3
GRN-2025-00285,PO-2025-00311,1,PNU-CMP75,20
GRN-2025-00285,PO-2025-00311,2,PNU-CYL63,25
GRN-2025-00286,PO-2025-00312,1,ELE-SWA4C,4
GRN-2025-00286,PO-2025-00312,2,ELE-CON40,4
GRN-2026-00287,PO-2025-00313,1,STL-SQ50,5
GRN-2026-00288,PO-2026-00314,1,CHM-DEG25,3
GRN-2026-00288,PO-2026-00314,2,CHM-RUS05,10
GRN-2025-00289,PO-2025-00315,1,LUB-HYD46,20
GRN-2025-00289,PO-2025-00315,2,LUB-EP220,5
GRN-2025-00289,PO-2025-00315,3,LUB-GRS18,6
GRN-2025-00290,PO-2025-00316,1,HYD-FIT12,5
GRN-2026-00291,PO-2026-00317,1,FST-NUTM12,20
GRN-2026-00291,PO-2026-00317,2,FST-ANC12,3
GRN-2026-00291,PO-2026-00317,3,FST-M12X60,5
GRN-2026-00292,PO-2026-00318,1,TLS-DRL18,8
GRN-2026-00293,PO-2026-00319,1,STL-SQ50,2
GRN-2026-00293,PO-2026-00319,2,STL-ANG40,3
GRN-2026-00293,PO-2026-00319,3,STL-RD304,6
GRN-2026-00293,PO-2026-00319,4,STL-PL6MS,10
GRN-2026-00294,PO-2026-00320,1,BRG-6205,6
GRN-2025-00295,PO-2025-00321,1,PNU-CYL63,6
GRN-2025-00295,PO-2025-00321,2,PNU-CMP75,1
GRN-2026-00296,PO-2026-00322,1,INS-PRS16,2
GRN-2026-00296,PO-2026-00322,2,INS-TMP01,4
GRN-2025-00297,PO-2025-00323,1,MHD-FRK25,1
GRN-2025-00298,PO-2025-00324,1,PIP-GAL50,1
GRN-2025-00298,PO-2025-00324,2,PIP-FLG80,6
GRN-2026-00299,PO-2026-00326,1,LUB-HYD46,1
GRN-2026-00299,PO-2026-00326,2,LUB-EP220,1
GRN-2026-00299,PO-2026-00326,3,LUB-GRS18,5
GRN-2026-00300,PO-2026-00327,1,HDW-PDL50,1
GRN-2026-00301,PO-2026-00328,1,MTR-55KW4,2
GRN-2025-00302,PO-2025-00329,1,INS-TMP01,1
GRN-2025-00302,PO-2025-00329,2,INS-PRS16,2
GRN-2026-00303,PO-2026-00331,1,PPE-BOOT8,5
GRN-2026-00303,PO-2026-00331,2,PPE-GLV10,5
GRN-2026-00303,PO-2026-00331,3,PPE-HRN01,2
GRN-2026-00304,PO-2026-00332,1,PIP-FLG80,2
GRN-2026-00304,PO-2026-00332,2,PIP-GAL50,6
GRN-2026-00305,PO-2026-00333,1,HYD-FIT12,10
GRN-2026-00306,PO-2026-00334,1,PNU-CMP75,2
GRN-2026-00307,PO-2026-00335,1,WLD-MIG08,2
GRN-2026-00307,PO-2026-00335,2,WLD-HLM01,1
GRN-2026-00307,PO-2026-00335,3,WLD-E6013,8
GRN-2026-00308,PO-2026-00336,1,REF-GAS404,25
GRN-2026-00309,PO-2025-00337,1,HDW-PDL50,5
GRN-2026-00309,PO-2025-00337,2,HDW-CST100,5
GRN-2026-00310,PO-2026-00338,1,INS-PRS16,5
GRN-2026-00311,PO-2026-00339,1,INS-PRS16,1
GRN-2026-00311,PO-2026-00339,2,INS-TMP01,20
GRN-2025-00312,PO-2025-00340,1,MHD-SLG03,10
GRN-2025-00312,PO-2025-00340,2,MHD-FRK25,25
GRN-2026-00313,PO-2026-00341,1,TLS-GRN230,4
GRN-2026-00314,PO-2026-00342,1,PNT-PRM20,2
GRN-2026-00314,PO-2026-00342,2,PNT-EPX20,50
GRN-2026-00315,PO-2025-00343,1,MTR-55KW4,6
GRN-2025-00316,PO-2025-00344,1,STL-ANG40,1
GRN-2025-00316,PO-2025-00344,2,STL-PL6MS,20
GRN-2025-00316,PO-2025-00344,3,STL-RD304,3
GRN-2025-00316,PO-2025-00344,4,STL-SQ50,1
GRN-2026-00317,PO-2026-00345,1,MTR-REW11,2
GRN-2026-00317,PO-2026-00345,2,MTR-55KW4,4
GRN-2025-00318,PO-2025-00346,1,FST-ANC12,2
GRN-2025-00318,PO-2025-00346,2,FST-M12X60,10
GRN-2026-00319,PO-2026-00347,1,DRV-TL2517,2
GRN-2026-00319,PO-2026-00347,2,DRV-SPB2120,25
GRN-2026-00319,PO-2026-00347,3,BRG-6205,4
GRN-2025-00320,PO-2025-00348,1,REF-GAS404,5
GRN-2025-00321,PO-2025-00349,1,CHM-DEG25,8
GRN-2025-00321,PO-2025-00349,2,CHM-RUS05,3
GRN-2026-00322,PO-2026-00350,1,INS-PRS16,4
GRN-2026-00322,PO-2026-00350,2,INS-TMP01,3
GRN-2026-00323,PO-2026-00352,1,BRG-22216,8
GRN-2026-00323,PO-2026-00352,2,DRV-TL2517,6
GRN-2026-00324,PO-2026-00353,1,HYD-CYL80,4
GRN-2026-00325,PO-2026-00354,1,MTR-55KW4,1
GRN-2026-00325,PO-2026-00354,2,MTR-REW11,5
GRN-2025-00326,PO-2025-00355,1,PPE-HRN01,2
GRN-2025-00326,PO-2025-00355,2,PPE-GLV10,2
GRN-2025-00327,PO-2025-00356,1,LUB-GRS18,4
GRN-2026-00328,PO-2026-00357,1,FST-M12X60,3
GRN-2026-00329,PO-2026-00358,1,HYD-FIT12,5
GRN-2025-00330,PO-2025-00359,1,STL-RD304,6
GRN-2025-00330,PO-2025-00359,2,STL-SQ50,5
GRN-2025-00330,PO-2025-00359,3,STL-ANG40,12
GRN-2025-00330,PO-2025-00359,4,STL-PL6MS,2
GRN-2025-00331,PO-2025-00360,1,MHD-SLG03,2
GRN-2025-00331,PO-2025-00360,2,MHD-FRK25,3
GRN-2026-00332,PO-2026-00361,1,PIP-GAL50,1
GRN-2026-00333,PO-2026-00362,1,SEL-ORK01,1
GRN-2026-00333,PO-2026-00362,2,SEL-OIL45,20
GRN-2026-00333,PO-2026-00362,3,SEL-GSK150,10
GRN-2026-00334,PO-2026-00363,1,HDW-PDL50,1
GRN-2026-00335,PO-2026-00364,1,SEL-OIL45,8
GRN-2026-00336,PO-2026-00365,1,MHD-FRK25,1
GRN-2026-00336,PO-2026-00365,2,MHD-SLG03,1
GRN-2026-00337,PO-2026-00366,1,CNV-PUL400,3
GRN-2026-00337,PO-2026-00366,2,CNV-IDL152,12
GRN-2026-00337,PO-2026-00366,3,CNV-BLT650,2
GRN-2025-00338,PO-2025-00367,1,MTR-REW11,6
GRN-2025-00339,PO-2025-00369,1,MHD-SLG03,1
GRN-2025-00339,PO-2025-00369,2,MHD-FRK25,8
GRN-2025-00340,PO-2025-00370,1,PKG-STR48,4
GRN-2025-00340,PO-2025-00370,2,PKG-PLT12,2
GRN-2026-00341,PO-2026-00371,1,DRV-TL2517,6
GRN-2026-00341,PO-2026-00371,2,BRG-6205,5
GRN-2026-00341,PO-2026-00371,3,BRG-22216,3
GRN-2026-00341,PO-2026-00371,4,DRV-SPB2120,6
GRN-2026-00342,PO-2026-00372,1,CNV-IDL152,50
GRN-2026-00342,PO-2026-00372,2,CNV-BLT650,1
GRN-2026-00342,PO-2026-00372,3,CNV-PUL400,2
GRN-2026-00343,PO-2026-00373,1,PLA-PER06,6
GRN-2026-00343,PO-2026-00373,2,PLA-HDPE10,1
GRN-2026-00344,PO-2026-00374,1,HYD-CYL80,6
GRN-2026-00344,PO-2026-00374,2,HYD-PMP45,6
GRN-2026-00345,PO-2026-00375,1,FST-ANC12,20
GRN-2026-00346,PO-2026-00376,1,PNU-FRL12,1
GRN-2026-00347,PO-2026-00378,1,PNT-EPX20,5
GRN-2026-00347,PO-2026-00378,2,PNT-PRM20,1
GRN-2026-00348,PO-2026-00379,1,MTR-REW11,12
GRN-2026-00348,PO-2026-00379,2,MTR-55KW4,4
GRN-2026-00349,PO-2026-00380,1,HYD-2SN12,2
GRN-2026-00350,PO-2026-00381,1,ELE-SWA4C,5
GRN-2026-00351,PO-2026-00382,1,SEL-ORK01,25
GRN-2026-00351,PO-2026-00382,2,SEL-OIL45,25
GRN-2026-00352,PO-2026-00383,1,PLA-PER06,12
GRN-2025-00353,PO-2025-00384,1,HDW-PDL50,4
GRN-2025-00354,PO-2025-00386,1,PNU-CYL63,1
GRN-2025-00355,PO-2025-00387,1,WLD-MIG08,2
GRN-2025-00355,PO-2025-00387,2,WLD-HLM01,4
GRN-2025-00355,PO-2025-00387,3,WLD-E6013,2
GRN-2026-00356,PO-2026-00388,1,STL-SQ50,1
GRN-2026-00357,PO-2026-00390,1,STL-SQ50,1
GRN-2026-00358,PO-2026-00391,1,PLA-HDPE10,3
GRN-2026-00358,PO-2026-00391,2,PLA-PER06,3
GRN-2026-00359,PO-2026-00392,1,BRG-6205,9
GRN-2026-00359,PO-2026-00392,2,DRV-SPB2120,1
GRN-2026-00359,PO-2026-00392,3,BRG-22216,6
GRN-2026-00360,PO-2026-00393,1,CHM-RUS05,1
GRN-2025-00361,PO-2025-00394,1,PPE-BOOT8,20
GRN-2025-00361,PO-2025-00394,2,PPE-HRN01,1
GRN-2026-00362,PO-2026-00395,1,STL-SQ50,8
GRN-2025-00363,PO-2025-00396,1,CNV-PUL400,3
GRN-2025-00363,PO-2025-00396,2,CNV-BLT650,12
GRN-2025-00364,PO-2025-00397,1,MTR-REW11,6
GRN-2025-00364,PO-2025-00397,2,MTR-55KW4,5
GRN-2026-00365,PO-2026-00400,1,PIP-FLG80,6
GRN-2026-00365,PO-2026-00400,2,PIP-GAL50,8
GRN-2026-00366,PO-2026-00401,1,PPE-BOOT8,2
GRN-2026-00366,PO-2026-00401,2,PPE-HRN01,4
GRN-2026-00366,PO-2026-00401,3,PPE-HAT01,12
GRN-2026-00367,PO-2026-00402,1,MTR-REW11,25
GRN-2026-00368,PO-2026-00403,1,PNU-FRL12,8
GRN-2026-00368,PO-2026-00403,2,PNU-CMP75,5
GRN-2026-00368,PO-2026-00403,3,PNU-CYL63,1
GRN-2025-00369,PO-2025-00404,1,TLS-GRN230,1
GRN-2025-00369,PO-2025-00404,2,TLS-TRQ34,5
GRN-2025-00369,PO-2025-00404,3,TLS-DRL18,5
GRN-2026-00370,PO-2026-00405,1,WLD-MIG08,4
GRN-2026-00370,PO-2026-00405,2,WLD-E6013,20
GRN-2026-00370,PO-2026-00405,3,WLD-HLM01,20
GRN-2025-00371,PO-2025-00406,1,PIP-GAL50,10
GRN-2025-00371,PO-2025-00406,2,PIP-FLG80,2
GRN-2026-00372,PO-2026-00408,1,TLS-TRQ34,1
GRN-2026-00372,PO-2026-00408,2,TLS-DRL18,12
GRN-2026-00372,PO-2026-00408,3,TLS-GRN230,12
GRN-2026-00373,PO-2026-00409,1,PMP-CEN55,2
GRN-2026-00373,PO-2026-00409,2,VLV-BF100,1
GRN-2025-00374,PO-2025-00410,1,PPE-HAT01,3
GRN-2026-00375,PO-2026-00411,1,HDW-PDL50,1
GRN-2026-00376,PO-2026-00412,1,DRV-SPB2120,5
GRN-2026-00377,PO-2026-00413,1,SEL-ORK01,50
GRN-2026-00378,PO-2026-00414,1,MTR-REW11,5
GRN-2026-00379,PO-2025-00415,1,ELE-BAT100,4
GRN-2026-00380,PO-2026-00416,1,PKG-PLT12,12
GRN-2025-00381,PO-2025-00417,1,PIP-FLG80,3
GRN-2025-00381,PO-2025-00417,2,PIP-GAL50,2
GRN-2026-00382,PO-2026-00418,1,BRG-22216,10
GRN-2026-00382,PO-2026-00418,2,DRV-TL2517,3
GRN-2026-00382,PO-2026-00418,3,DRV-SPB2120,1
GRN-2025-00383,PO-2025-00419,1,WLD-MIG08,12
GRN-2025-00383,PO-2025-00419,2,WLD-HLM01,3
GRN-2026-00384,PO-2026-00420,1,PPE-GLV10,1
GRN-2026-00384,PO-2026-00420,2,PPE-BOOT8,4
GRN-2026-00384,PO-2026-00420,3,PPE-HRN01,3
GRN-2026-00384,PO-2026-00420,4,PPE-HAT01,1
GRN-2026-00385,PO-2026-00422,1,WLD-E6013,8
GRN-2026-00385,PO-2026-00422,2,WLD-HLM01,3
GRN-2026-00386,PO-2026-00423,1,PLA-PER06,3
GRN-2025-00387,PO-2025-00424,1,DRV-TL2517,1
GRN-2025-00387,PO-2025-00424,2,BRG-6205,8
GRN-2025-00387,PO-2025-00424,3,BRG-22216,10
GRN-2026-00388,PO-2026-00425,1,PIP-GAL50,1
GRN-2026-00388,PO-2026-00425,2,PIP-FLG80,4
GRN-2025-00389,PO-2025-00426,1,FST-ANC12,8
GRN-2026-00390,PO-2026-00427,1,PIP-GAL50,20
GRN-2026-00390,PO-2026-00427,2,PIP-FLG80,5
GRN-2025-00391,PO-2025-00428,1,STL-RD304,1
GRN-2025-00391,PO-2025-00428,2,STL-PL6MS,1
GRN-2026-00392,PO-2026-00430,1,PIP-FLG80,2
GRN-2026-00393,PO-2026-00431,1,STL-ANG40,12
GRN-2026-00393,PO-2026-00431,2,STL-RD304,8
GRN-2026-00394,PO-2026-00432,1,LUB-GRS18,6
GRN-2026-00395,PO-2026-00433,1,PPE-BOOT8,3
GRN-2026-00395,PO-2026-00433,2,PPE-HAT01,6
GRN-2026-00396,PO-2026-00434,1,FST-NUTM12,20
GRN-2026-00397,PO-2025-00435,1,PNU-CYL63,5
GRN-2026-00397,PO-2025-00435,2,PNU-CMP75,6
GRN-2026-00397,PO-2025-00435,3,PNU-FRL12,20
GRN-2026-00398,PO-2026-00436,1,SEL-GSK150,10
GRN-2026-00399,PO-2026-00437,1,BRG-6205,25
GRN-2026-00400,PO-2026-00438,1,HYD-FIT12,6
GRN-2026-00400,PO-2026-00438,2,HYD-CYL80,2
GRN-2026-00401,PO-2026-00439,1,DRV-SPB2120,1
GRN-2025-00402,PO-2025-00440,1,ELE-SWA4C,10
GRN-2025-00402,PO-2025-00440,2,ELE-BAT100,1
GRN-2025-00402,PO-2025-00440,3,ELE-CON40,5
GRN-2026-00403,PO-2026-00441,1,STL-PL6MS,25
GRN-2026-00403,PO-2026-00441,2,STL-ANG40,10
GRN-2026-00403,PO-2026-00441,3,STL-RD304,10
GRN-2026-00403,PO-2026-00441,4,STL-SQ50,50
GRN-2025-00404,PO-2025-00442,1,BRG-6205,1
GRN-2025-00404,PO-2025-00442,2,DRV-TL2517,2
GRN-2025-00404,PO-2025-00442,3,BRG-22216,3
GRN-2025-00404,PO-2025-00442,4,DRV-SPB2120,12
GRN-2026-00405,PO-2026-00443,1,WLD-E6013,3
GRN-2026-00405,PO-2026-00443,2,WLD-MIG08,1
GRN-2026-00405,PO-2026-00443,3,WLD-HLM01,6
GRN-2026-00406,PO-2026-00444,1,CHM-DEG25,20
GRN-2026-00406,PO-2026-00444,2,CHM-RUS05,10
GRN-2026-00407,PO-2026-00445,1,HDW-PDL50,4
GRN-2026-00408,PO-2026-00446,1,HDW-PDL50,4
GRN-2026-00408,PO-2026-00446,2,HDW-CST100,12
GRN-2025-00409,PO-2025-00447,1,PLA-PER06,1
GRN-2025-00409,PO-2025-00447,2,PLA-HDPE10,1
GRN-2026-00410,PO-2026-00448,1,STL-PL6MS,10
GRN-2026-00410,PO-2026-00448,2,STL-RD304,3
GRN-2026-00410,PO-2026-00448,3,STL-ANG40,1
GRN-2026-00410,PO-2026-00448,4,STL-SQ50,10
GRN-2026-00411,PO-2026-00449,1,PLA-HDPE10,5
GRN-2026-00411,PO-2026-00449,2,PLA-PER06,3
GRN-2026-00412,PO-2026-00450,1,MHD-SLG03,2
GRN-2026-00412,PO-2026-00450,2,MHD-FRK25,1
GRN-2026-00413,PO-2026-00451,1,HDW-PDL50,1
GRN-2026-00413,PO-2026-00451,2,HDW-CST100,12
GRN-2026-00414,PO-2026-00452,1,INS-TMP01,2
GRN-2026-00415,PO-2026-00453,1,INS-PRS16,10
GRN-2026-00416,PO-2026-00455,1,ABR-CUT230,50
GRN-2026-00417,PO-2026-00456,1,MHD-SLG03,4
GRN-2026-00417,PO-2026-00456,2,MHD-FRK25,1
GRN-2026-00418,PO-2026-00457,1,HYD-PMP45,50
GRN-2026-00419,PO-2026-00458,1,DRV-SPB2120,1
GRN-2026-00420,PO-2026-00460,1,HYD-FIT12,5
GRN-2026-00420,PO-2026-00460,2,HYD-2SN12,2
GRN-2026-00420,PO-2026-00460,3,HYD-CYL80,5
GRN-2026-00421,PO-2026-00461,1,STL-SQ50,10
GRN-2026-00422,PO-2026-00462,1,ABR-FLP125,5
GRN-2026-00423,PO-2026-00463,1,FST-NUTM12,3
GRN-2026-00423,PO-2026-00463,2,FST-ANC12,2
GRN-2026-00424,PO-2026-00464,1,HYD-CYL80,12
GRN-2026-00425,PO-2026-00465,1,STL-SQ50,3
GRN-2026-00425,PO-2026-00465,2,STL-PL6MS,1
GRN-2026-00426,PO-2026-00466,1,PNT-PRM20,3
GRN-2026-00426,PO-2026-00466,2,PNT-EPX20,1
GRN-2026-00427,PO-2026-00467,1,FST-NUTM12,20
GRN-2026-00428,PO-2026-00468,1,PPE-BOOT8,8
GRN-2026-00428,PO-2026-00468,2,PPE-GLV10,6
GRN-2026-00429,PO-2026-00469,1,PKG-PLT12,5
GRN-2026-00429,PO-2026-00469,2,PKG-STR48,2
GRN-2026-00430,PO-2026-00470,1,PLA-PER06,2
GRN-2026-00430,PO-2026-00470,2,PLA-HDPE10,2
GRN-2026-00431,PO-2026-00471,1,INS-PRS16,6
GRN-2026-00432,PO-2025-00472,1,PNT-PRM20,2
GRN-2026-00432,PO-2025-00472,2,PNT-EPX20,2
GRN-2026-00433,PO-2026-00473,1,INS-TMP01,25
GRN-2026-00433,PO-2026-00473,2,INS-PRS16,6
GRN-2026-00434,PO-2026-00474,1,MTR-55KW4,10
GRN-2026-00434,PO-2026-00474,2,MTR-REW11,25
GRN-2026-00435,PO-2026-00475,1,REF-CMP15,5
GRN-2026-00435,PO-2026-00475,2,REF-GAS404,10
GRN-2026-00436,PO-2026-00476,1,BRG-22216,4
GRN-2026-00436,PO-2026-00476,2,DRV-TL2517,3
GRN-2026-00436,PO-2026-00476,3,BRG-6205,25
GRN-2026-00437,PO-2026-00477,1,HDW-PDL50,20
GRN-2026-00437,PO-2026-00477,2,HDW-CST100,12
GRN-2025-00438,PO-2025-00478,1,STL-PL6MS,12
GRN-2025-00438,PO-2025-00478,2,STL-RD304,8
GRN-2025-00438,PO-2025-00478,3,STL-SQ50,35
GRN-2026-00439,PO-2026-00479,1,INS-TMP01,6
GRN-2026-00439,PO-2026-00479,2,INS-PRS16,8
GRN-2026-00440,PO-2026-00480,1,PIP-GAL50,2
GRN-2025-00441,PO-2025-00481,1,INS-TMP01,50
GRN-2025-00442,PO-2025-00482,1,CNV-PUL400,4
GRN-2026-00443,PO-2026-00483,1,PIP-GAL50,2
GRN-2026-00443,PO-2026-00483,2,PIP-FLG80,10
GRN-2026-00444,PO-2026-00484,1,FST-M12X60,10
GRN-2026-00444,PO-2026-00484,2,FST-NUTM12,50
GRN-2026-00444,PO-2026-00484,3,FST-ANC12,20
GRN-2026-00445,PO-2026-00485,1,HYD-PMP45,1
GRN-2026-00445,PO-2026-00485,2,HYD-2SN12,5
GRN-2025-00446,PO-2025-00486,1,HYD-PMP45,3
GRN-2026-00447,PO-2026-00487,1,PNU-FRL12,1
GRN-2025-00448,PO-2025-00488,1,DRV-SPB2120,10
GRN-2025-00448,PO-2025-00488,2,DRV-TL2517,2
GRN-2025-00448,PO-2025-00488,3,BRG-22216,10
GRN-2025-00448,PO-2025-00488,4,BRG-6205,50
GRN-2026-00449,PO-2026-00489,1,WLD-E6013,5
GRN-2026-00450,PO-2025-00490,1,SEL-GSK150,3
GRN-2026-00450,PO-2025-00490,2,SEL-OIL45,3
GRN-2026-00450,PO-2025-00490,3,SEL-ORK01,4
GRN-2025-00451,PO-2025-00491,1,PIP-FLG80,6
GRN-2025-00451,PO-2025-00491,2,PIP-GAL50,25
GRN-2026-00452,PO-2026-00492,1,DRV-TL2517,1
GRN-2026-00452,PO-2026-00492,2,BRG-6205,20
GRN-2026-00452,PO-2026-00492,3,DRV-SPB2120,2
GRN-2026-00452,PO-2026-00492,4,BRG-22216,2
GRN-2026-00453,PO-2026-00493,1,TLS-TRQ34,2
GRN-2026-00453,PO-2026-00493,2,TLS-DRL18,12
GRN-2026-00453,PO-2026-00493,3,TLS-GRN230,4
GRN-2026-00454,PO-2025-00494,1,INS-PRS16,8
GRN-2026-00454,PO-2025-00494,2,INS-TMP01,3
GRN-2026-00455,PO-2026-00495,1,MTR-REW11,1
GRN-2026-00456,PO-2026-00496,1,PMP-CEN55,12
GRN-2026-00456,PO-2026-00496,2,VLV-GT80,1
GRN-2026-00457,PO-2026-00497,1,ABR-FLP125,3
GRN-2026-00458,PO-2026-00498,1,TLS-TRQ34,30
GRN-2026-00458,PO-2026-00498,2,TLS-GRN230,6
GRN-2026-00458,PO-2026-00498,3,TLS-DRL18,3
GRN-2026-00459,PO-2026-00499,1,DRV-TL2517,5
GRN-2026-00459,PO-2026-00499,2,BRG-22216,3
GRN-2026-00459,PO-2026-00499,3,BRG-6205,6
GRN-2026-00460,PO-2026-00500,1,HDW-PDL50,20
GRN-2026-00461,PO-2026-00501,1,HYD-CYL80,12
GRN-2026-00461,PO-2026-00501,2,HYD-2SN12,8
GRN-2026-00462,PO-2026-00502,1,WLD-HLM01,10
GRN-2026-00463,PO-2026-00503,1,PIP-GAL50,4
GRN-2026-00463,PO-2026-00503,2,PIP-FLG80,6
GRN-2025-00464,PO-2025-00504,1,WLD-HLM01,1
GRN-2025-00464,PO-2025-00504,2,WLD-E6013,2
GRN-2025-00464,PO-2025-00504,3,WLD-MIG08,20
GRN-2025-00465,PO-2025-00505,1,SEL-GSK150,4
GRN-2025-00465,PO-2025-00505,2,SEL-OIL45,2
GRN-2025-00465,PO-2025-00505,3,SEL-ORK01,2
GRN-2026-00466,PO-2026-00506,1,ELE-BAT100,4
GRN-2026-00466,PO-2026-00506,2,ELE-SWA4C,10
GRN-2025-00467,PO-2025-00507,1,FST-M12X60,3
GRN-2025-00468,PO-2025-00508,1,PIP-FLG80,5
GRN-2025-00468,PO-2025-00508,2,PIP-GAL50,5
GRN-2026-00469,PO-2026-00510,1,PPE-GLV10,1
GRN-2026-00470,PO-2026-00512,1,WLD-E6013,3
GRN-2026-00470,PO-2026-00512,2,WLD-HLM01,3
GRN-2025-00471,PO-2025-00513,1,DRV-TL2517,12
GRN-2025-00471,PO-2025-00513,2,DRV-SPB2120,8
GRN-2025-00472,PO-2025-00515,1,SEL-GSK150,1
GRN-2026-00473,PO-2026-00516,1,CNV-BLT650,8
GRN-2026-00473,PO-2026-00516,2,CNV-IDL152,2
GRN-2026-00473,PO-2026-00516,3,CNV-PUL400,2
GRN-2026-00474,PO-2026-00517,1,HYD-PMP45,10
GRN-2026-00475,PO-2026-00518,1,PPE-HAT01,1
GRN-2026-00475,PO-2026-00518,2,PPE-GLV10,3
GRN-2026-00475,PO-2026-00518,3,PPE-BOOT8,10
GRN-2026-00475,PO-2026-00518,4,PPE-HRN01,12
GRN-2026-00476,PO-2026-00519,1,WLD-E6013,50
GRN-2026-00476,PO-2026-00519,2,WLD-HLM01,3
GRN-2026-00476,PO-2026-00519,3,WLD-MIG08,1
GRN-2026-00477,PO-2025-00520,1,BRG-22216,1
GRN-2026-00477,PO-2025-00520,2,BRG-6205,3
GRN-2026-00477,PO-2025-00520,3,DRV-TL2517,3
GRN-2026-00477,PO-2025-00520,4,DRV-SPB2120,2
