po_number,line_no,item_code,description,qty_ordered,unit_price_ex_vat,line_total_ex_vat
PO-2026-00001,1,INS-TMP01,PT100 temperature probe with head,12,1962.54,23550.48
PO-2026-00002,1,INS-PRS16,Pressure transmitter 0 to 16 bar 4 to 20mA,50,4771.91,238595.5
PO-2026-00003,1,INS-PRS16,Pressure transmitter 0 to 16 bar 4 to 20mA,1,4278.15,4278.15
PO-2026-00003,2,INS-TMP01,PT100 temperature probe with head,2,2174.57,4349.14
PO-2025-00004,1,HDW-PDL50,Brass padlock 50mm keyed alike,4,261.29,1045.16
PO-2025-00004,2,HDW-CST100,Swivel castor 100mm braked,6,374.64,2247.84
PO-2026-00005,1,STL-PL6MS,Mild steel plate 6mm 1000 x 2000,1,2221.95,2221.95
PO-2026-00005,2,STL-ANG40,Equal angle 40 x 40 x 5mm 6m,2,847.96,1695.92
PO-2026-00005,3,STL-SQ50,Square tube 50 x 50 x 3mm 6m length,3,890.37,2671.11
PO-2026-00006,1,PLA-PER06,Perspex sheet 6mm 1000 x 2000,1,2297.1,2297.1
PO-2026-00006,2,PLA-HDPE10,HDPE sheet 10mm 1000 x 2000,50,3611.59,180579.5
PO-2025-00007,1,PNU-CMP75,Screw compressor service kit 7.5kW,12,7818.94,93827.28
PO-2025-00007,2,PNU-CYL63,Pneumatic cylinder 63 bore 200 stroke,1,1805.98,1805.98
PO-2025-00007,3,PNU-FRL12,Filter regulator lubricator 1/2 inch,6,2092.56,12555.36
PO-2026-00008,1,SEL-GSK150,Full face gasket 150mm rubber insertion,1,267.79,267.79
PO-2026-00008,2,SEL-OIL45,Oil seal 45 x 65 x 10 nitrile,1,78.36,78.36
PO-2026-00008,3,SEL-ORK01,O ring kit nitrile 382 piece,10,930.29,9302.9
PO-2025-00009,1,WLD-HLM01,Auto darkening welding helmet,25,1959.99,48999.75
PO-2025-00009,2,WLD-MIG08,MIG wire 0.8mm 15kg spool,1,1220.39,1220.39
PO-2025-00009,3,WLD-E6013,Welding electrode E6013 3.2mm 5kg,8,468.8,3750.4
PO-2026-00010,1,INS-PRS16,Pressure transmitter 0 to 16 bar 4 to 20mA,3,6348.28,19044.84
PO-2026-00010,2,INS-TMP01,PT100 temperature probe with head,4,2064.22,8256.88
PO-2026-00011,1,FST-M12X60,Hex bolt M12 x 60 grade 8.8 box of 100,1,881.51,881.51
PO-2026-00011,2,FST-ANC12,Chemical anchor stud M12 x 160,2,73.5,147.0
PO-2026-00012,1,STL-PL6MS,Mild steel plate 6mm 1000 x 2000,5,3253.67,16268.35
PO-2025-00013,1,ELE-BAT100,Deep cycle battery 100Ah,3,3550.55,10651.65
PO-2025-00013,2,ELE-CB63,Circuit breaker 63A triple pole,1,918.09,918.09
PO-2025-00013,3,ELE-CON40,Contactor 40A 230V coil,5,1606.55,8032.75
PO-2026-00014,1,DRV-SPB2120,SPB section V belt 2120mm,50,364.71,18235.5
PO-2025-00015,1,PLA-HDPE10,HDPE sheet 10mm 1000 x 2000,25,3896.15,97403.75
PO-2026-00016,1,STL-PL6MS,Mild steel plate 6mm 1000 x 2000,6,2918.0,17508.0
PO-2026-00016,2,STL-ANG40,Equal angle 40 x 40 x 5mm 6m,1,754.83,754.83
PO-2025-00017,1,TLS-TRQ34,Torque wrench 3/4 drive 100 to 500Nm,2,5899.58,11799.16
PO-2026-00018,1,REF-CMP15,Refrigeration compressor 15HP semi hermetic,25,40501.33,1012533.25
PO-2026-00018,2,REF-GAS404,Refrigerant R404a 10kg cylinder,3,7392.2,22176.6
PO-2025-00019,1,PPE-BOOT8,Safety boot steel toe size 8 pair,5,668.72,3343.6
PO-2025-00020,1,FST-ANC12,Chemical anchor stud M12 x 160,1,61.72,61.72
PO-2026-00021,1,STL-RD304,Stainless round bar 304 20mm 6m,5,2554.2,12771.0
PO-2026-00021,2,STL-ANG40,Equal angle 40 x 40 x 5mm 6m,5,611.61,3058.05
PO-2026-00021,3,STL-SQ50,Square tube 50 x 50 x 3mm 6m length,6,972.62,5835.72
PO-2026-00022,1,SEL-OIL45,Oil seal 45 x 65 x 10 nitrile,8,88.84,710.72
PO-2025-00023,1,PLA-HDPE10,HDPE sheet 10mm 1000 x 2000,8,4219.96,33759.68
PO-2026-00024,1,WLD-MIG08,MIG wire 0.8mm 15kg spool,3,1385.56,4156.68
PO-2026-00024,2,WLD-HLM01,Auto darkening welding helmet,1,1997.69,1997.69
PO-2026-00024,3,WLD-E6013,Welding electrode E6013 3.2mm 5kg,4,542.98,2171.92
PO-2026-00025,1,PIP-GAL50,Galvanised pipe 50mm medium 6m,8,1326.01,10608.08
PO-2026-00026,1,PPE-BOOT8,Safety boot steel toe size 8 pair,12,471.47,5657.64
PO-2026-00026,2,PPE-GLV10,Cut resistant glove level 5 pair,25,178.65,4466.25
PO-2026-00027,1,STL-ANG40,Equal angle 40 x 40 x 5mm 6m,12,813.85,9766.2
PO-2026-00027,2,STL-SQ50,Square tube 50 x 50 x 3mm 6m length,1,1129.27,1129.27
PO-2026-00027,3,STL-PL6MS,Mild steel plate 6mm 1000 x 2000,25,2557.7,63942.5
PO-2025-00028,1,INS-TMP01,PT100 temperature probe with head,4,1279.76,5119.04
PO-2025-00029,1,SEL-ORK01,O ring kit nitrile 382 piece,20,976.88,19537.6
PO-2026-00030,1,SEL-ORK01,O ring kit nitrile 382 piece,2,1502.51,3005.02
PO-2026-00030,2,SEL-OIL45,Oil seal 45 x 65 x 10 nitrile,1,110.25,110.25
PO-2026-00031,1,INS-TMP01,PT100 temperature probe with head,2,1369.84,2739.68
PO-2025-00032,1,LUB-EP220,Gear oil EP220 208 litre drum,5,13212.89,66064.45
PO-2026-00033,1,BRG-22216,Spherical roller bearing 22216 E,25,3081.32,77033.0
PO-2026-00033,2,DRV-SPB2120,SPB section V belt 2120mm,1,343.55,343.55
PO-2025-00034,1,MHD-FRK25,Forklift fork 2500kg pair class 2,3,11763.95,35291.85
PO-2026-00035,1,TLS-DRL18,Cordless drill 18V two battery kit,2,3812.75,7625.5
PO-2026-00035,2,TLS-GRN230,Angle grinder 230mm 2400W,2,3123.34,6246.68
PO-2026-00035,3,TLS-TRQ34,Torque wrench 3/4 drive 100 to 500Nm,2,4226.49,8452.98
PO-2026-00036,1,HYD-FIT12,Swaged fitting 1/2 BSP male,1,94.04,94.04
PO-2025-00037,1,PPE-BOOT8,Safety boot steel toe size 8 pair,8,665.04,5320.32
PO-2025-00037,2,PPE-GLV10,Cut resistant glove level 5 pair,1,132.1,132.1
PO-2025-00038,1,REF-GAS404,Refrigerant R404a 10kg cylinder,2,5771.64,11543.28
PO-2025-00039,1,HYD-FIT12,Swaged fitting 1/2 BSP male,2,90.06,180.12
PO-2025-00039,2,HYD-2SN12,Hydraulic hose 2SN 1/2 inch per metre,10,259.43,2594.3
PO-2025-00039,3,HYD-CYL80,Hydraulic cylinder 80 bore 400 stroke,12,11106.24,133274.88
PO-2025-00039,4,HYD-PMP45,Gear pump 45cc SAE B,4,8853.52,35414.08
PO-2026-00040,1,BRG-22216,Spherical roller bearing 22216 E,1,4078.83,4078.83
PO-2026-00040,2,DRV-SPB2120,SPB section V belt 2120mm,6,347.51,2085.06
PO-2026-00040,3,BRG-6205,Deep groove ball bearing 6205 2RS,3,693.55,2080.65
PO-2026-00040,4,DRV-TL2517,Taper lock bush 2517 x 45mm,1,683.06,683.06
PO-2026-00041,1,PIP-GAL50,Galvanised pipe 50mm medium 6m,8,1335.19,10681.52
PO-2026-00041,2,PIP-FLG80,Slip on flange 80mm table D,4,644.64,2578.56
PO-2026-00042,1,PNU-CMP75,Screw compressor service kit 7.5kW,25,6775.55,169388.75
PO-2026-00042,2,PNU-FRL12,Filter regulator lubricator 1/2 inch,25,1476.11,36902.75
PO-2025-00043,1,HYD-2SN12,Hydraulic hose 2SN 1/2 inch per metre,50,236.58,11829.0
PO-2025-00043,2,HYD-CYL80,Hydraulic cylinder 80 bore 400 stroke,2,11880.05,23760.1
PO-2025-00043,3,HYD-FIT12,Swaged fitting 1/2 BSP male,10,159.8,1598.0
PO-2025-00043,4,HYD-PMP45,Gear pump 45cc SAE B,2,5498.35,10996.7
PO-2026-00044,1,REF-CMP15,Refrigeration compressor 15HP semi hermetic,5,37579.25,187896.25
PO-2026-00044,2,REF-GAS404,Refrigerant R404a 10kg cylinder,2,6280.52,12561.04
PO-2026-00045,1,STL-PL6MS,Mild steel plate 6mm 1000 x 2000,3,3024.53,9073.59
PO-2026-00045,2,STL-RD304,Stainless round bar 304 20mm 6m,4,2586.12,10344.48
PO-2026-00045,3,STL-SQ50,Square tube 50 x 50 x 3mm 6m length,2,728.65,1457.3
PO-2026-00046,1,HYD-CYL80,Hydraulic cylinder 80 bore 400 stroke,10,6946.71,69467.1
PO-2026-00046,2,HYD-2SN12,Hydraulic hose 2SN 1/2 inch per metre,2,169.36,338.72
PO-2025-00047,1,STL-SQ50,Square tube 50 x 50 x 3mm 6m length,3,993.49,2980.47
PO-2025-00047,2,STL-ANG40,Equal angle 40 x 40 x 5mm 6m,6,891.0,5346.0
PO-2025-00047,3,STL-PL6MS,Mild steel plate 6mm 1000 x 2000,8,2961.97,23695.76
PO-2025-00047,4,STL-RD304,Stainless round bar 304 20mm 6m,50,2538.01,126900.5
PO-2026-00048,1,SEL-OIL45,Oil seal 45 x 65 x 10 nitrile,4,125.96,503.84
PO-2026-00048,2,SEL-GSK150,Full face gasket 150mm rubber insertion,6,146.87,881.22
PO-2026-00048,3,SEL-ORK01,O ring kit nitrile 382 piece,8,1334.66,10677.28
PO-2026-00049,1,HDW-PDL50,Brass padlock 50mm keyed alike,2,235.56,471.12
PO-2026-00049,2,HDW-CST100,Swivel castor 100mm braked,1,257.01,257.01
PO-2026-00050,1,PPE-GLV10,Cut resistant glove level 5 pair,4,116.01,464.04
PO-2025-00051,1,FST-NUTM12,Hex nut M12 grade 8 box of 200,4,410.44,1641.76
PO-2025-00051,2,FST-ANC12,Chemical anchor stud M12 x 160,1,77.02,77.02
PO-2025-00051,3,FST-M12X60,Hex bolt M12 x 60 grade 8.8 box of 100,2,1319.66,2639.32
PO-2026-00052,1,ELE-CB63,Circuit breaker 63A triple pole,10,855.01,8550.1
PO-2026-00052,2,ELE-CON40,Contactor 40A 230V coil,50,1338.77,66938.5
PO-2026-00053,1,PIP-FLG80,Slip on flange 80mm table D,1,459.2,459.2
PO-2025-00054,1,STL-SQ50,Square tube 50 x 50 x 3mm 6m length,2,1015.58,2031.16
PO-2025-00054,2,STL-PL6MS,Mild steel plate 6mm 1000 x 2000,10,2452.33,24523.3
PO-2025-00054,3,STL-RD304,Stainless round bar 304 20mm 6m,2,2404.89,4809.78
PO-2025-00054,4,STL-ANG40,Equal angle 40 x 40 x 5mm 6m,1,876.35,876.35
PO-2026-00055,1,INS-PRS16,Pressure transmitter 0 to 16 bar 4 to 20mA,2,5444.91,10889.82
PO-2026-00055,2,INS-TMP01,PT100 temperature probe with head,12,1181.95,14183.4
PO-2025-00056,1,TLS-TRQ34,Torque wrench 3/4 drive 100 to 500Nm,10,4684.98,46849.8
PO-2025-00056,2,TLS-DRL18,Cordless drill 18V two battery kit,25,4565.33,114133.25
PO-2025-00056,3,TLS-GRN230,Angle grinder 230mm 2400W,1,2218.43,2218.43
PO-2026-00057,1,PIP-GAL50,Galvanised pipe 50mm medium 6m,4,1688.03,6752.12
PO-2026-00057,2,PIP-FLG80,Slip on flange 80mm table D,2,448.08,896.16
PO-2026-00058,1,INS-TMP01,PT100 temperature probe with head,8,2146.94,17175.52
PO-2026-00059,1,STL-SQ50,Square tube 50 x 50 x 3mm 6m length,3,837.0,2511.0
PO-2026-00060,1,SEL-GSK150,Full face gasket 150mm rubber insertion,1,269.57,269.57
PO-2025-00061,1,VLV-BF100,Butterfly valve 100mm lever operated,1,3182.58,3182.58
PO-2026-00062,1,BRG-22216,Spherical roller bearing 22216 E,10,2101.13,21011.3
PO-2026-00062,2,DRV-TL2517,Taper lock bush 2517 x 45mm,8,685.61,5484.88
PO-2026-00062,3,DRV-SPB2120,SPB section V belt 2120mm,3,228.93,686.79
PO-2026-00062,4,BRG-6205,Deep groove ball bearing 6205 2RS,12,342.77,4113.24
PO-2025-00063,1,REF-GAS404,Refrigerant R404a 10kg cylinder,2,7290.73,14581.46
PO-2026-00064,1,FST-ANC12,Chemical anchor stud M12 x 160,3,65.51,196.53
PO-2026-00064,2,FST-M12X60,Hex bolt M12 x 60 grade 8.8 box of 100,10,1442.23,14422.3
PO-2026-00064,3,FST-NUTM12,Hex nut M12 grade 8 box of 200,8,643.46,5147.68
PO-2025-00065,1,REF-GAS404,Refrigerant R404a 10kg cylinder,25,7392.99,184824.75
PO-2025-00066,1,PPE-GLV10,Cut resistant glove level 5 pair,1,145.19,145.19
PO-2026-00067,1,MHD-FRK25,Forklift fork 2500kg pair class 2,1,10238.48,10238.48
PO-2026-00068,1,PIP-FLG80,Slip on flange 80mm table D,2,448.14,896.28
PO-2026-00068,2,PIP-GAL50,Galvanised pipe 50mm medium 6m,4,1538.48,6153.92
PO-2026-00069,1,PLA-PER06,Perspex sheet 6mm 1000 x 2000,12,2013.68,24164.16
PO-2026-00069,2,PLA-HDPE10,HDPE sheet 10mm 1000 x 2000,25,3560.95,89023.75
PO-2026-00070,1,MTR-REW11,Motor rewind 11kW including bearings,5,7883.42,39417.1
PO-2026-00070,2,MTR-55KW4,Electric motor 5.5kW 4 pole foot mount,4,10760.42,43041.68
PO-2026-00071,1,INS-PRS16,Pressure transmitter 0 to 16 bar 4 to 20mA,6,5634.72,33808.32
PO-2026-00071,2,INS-TMP01,PT100 temperature probe with head,2,1261.53,2523.06
PO-2026-00072,1,DRV-TL2517,Taper lock bush 2517 x 45mm,10,521.71,5217.1
PO-2026-00073,1,DRV-TL2517,Taper lock bush 2517 x 45mm,12,493.5,5922.0
PO-2026-00073,2,BRG-22216,Spherical roller bearing 22216 E,1,3147.6,3147.6
PO-2026-00074,1,ELE-CB63,Circuit breaker 63A triple pole,1,954.1,954.1
PO-2026-00074,2,ELE-CON40,Contactor 40A 230V coil,25,1463.34,36583.5
PO-2026-00074,3,ELE-SWA4C,SWA cable 4 core 16mm per metre,20,271.04,5420.8
PO-2026-00074,4,ELE-BAT100,Deep cycle battery 100Ah,4,2922.22,11688.88
PO-2026-00075,1,PNT-PRM20,Zinc phosphate primer 20 litre,5,2664.01,13320.05
PO-2026-00075,2,PNT-EPX20,Two pack epoxy enamel 20 litre,4,4542.05,18168.2
PO-2025-00076,1,INS-TMP01,PT100 temperature probe with head,2,2019.78,4039.56
PO-2025-00076,2,INS-PRS16,Pressure transmitter 0 to 16 bar 4 to 20mA,1,5207.02,5207.02
PO-2026-00077,1,FST-M12X60,Hex bolt M12 x 60 grade 8.8 box of 100,12,935.75,11229.0
PO-2026-00077,2,FST-NUTM12,Hex nut M12 grade 8 box of 200,4,410.85,1643.4
PO-2026-00078,1,ABR-CUT230,Cutting disc 230 x 3 x 22 box of 25,1,825.23,825.23
PO-2026-00079,1,STL-SQ50,Square tube 50 x 50 x 3mm 6m length,12,1008.29,12099.48
PO-2026-00080,1,MTR-REW11,Motor rewind 11kW including bearings,2,11747.49,23494.98
PO-2026-00081,1,ELE-CON40,Contactor 40A 230V coil,1,918.2,918.2
PO-2026-00081,2,ELE-BAT100,Deep cycle battery 100Ah,1,2846.6,2846.6
PO-2026-00081,3,ELE-CB63,Circuit breaker 63A triple pole,20,675.39,13507.8
PO-2026-00082,1,PPE-HRN01,Full body safety harness double lanyard,12,2215.84,26590.08
PO-2026-00083,1,STL-PL6MS,Mild steel plate 6mm 1000 x 2000,4,2762.75,11051.0
PO-2026-00084,1,PLA-HDPE10,HDPE sheet 10mm 1000 x 2000,4,3869.28,15477.12
PO-2026-00084,2,PLA-PER06,Perspex sheet 6mm 1000 x 2000,8,2557.23,20457.84
PO-2026-00085,1,PPE-HAT01,Hard hat vented with ratchet,3,109.35,328.05
PO-2026-00085,2,PPE-BOOT8,Safety boot steel toe size 8 pair,3,474.73,1424.19
PO-2026-00086,1,REF-CMP15,Refrigeration compressor 15HP semi hermetic,6,27187.0,163122.0
PO-2026-00087,1,HYD-PMP45,Gear pump 45cc SAE B,2,9038.66,18077.32
PO-2026-00087,2,HYD-2SN12,Hydraulic hose 2SN 1/2 inch per metre,1,222.63,222.63
PO-2026-00088,1,REF-GAS404,Refrigerant R404a 10kg cylinder,20,6133.9,122678.0
PO-2026-00088,2,REF-CMP15,Refrigeration compressor 15HP semi hermetic,50,37065.58,1853279.0
PO-2026-00089,1,MTR-REW11,Motor rewind 11kW including bearings,20,9879.71,197594.2
PO-2026-00089,2,MTR-55KW4,Electric motor 5.5kW 4 pole foot mount,5,8880.65,44403.25
PO-2026-00090,1,MHD-SLG03,Webbing sling 3 ton 4 metre,1,1237.46,1237.46
PO-2026-00090,2,MHD-FRK25,Forklift fork 2500kg pair class 2,3,11936.14,35808.42
PO-2025-00091,1,ELE-CB63,Circuit breaker 63A triple pole,4,750.28,3001.12
PO-2025-00091,2,ELE-SWA4C,SWA cable 4 core 16mm per metre,3,249.37,748.11
PO-2026-00092,1,TLS-GRN230,Angle grinder 230mm 2400W,1,3687.1,3687.1
PO-2026-00092,2,TLS-DRL18,Cordless drill 18V two battery kit,2,2626.95,5253.9
PO-2026-00092,3,TLS-TRQ34,Torque wrench 3/4 drive 100 to 500Nm,25,4988.52,124713.0
PO-2026-00093,1,MHD-FRK25,Forklift fork 2500kg pair class 2,10,14341.49,143414.9
PO-2026-00093,2,MHD-SLG03,Webbing sling 3 ton 4 metre,3,887.74,2663.22
PO-2026-00094,1,INS-PRS16,Pressure transmitter 0 to 16 bar 4 to 20mA,20,7111.08,142221.6
PO-2026-00095,1,STL-SQ50,Square tube 50 x 50 x 3mm 6m length,3,875.09,2625.27
PO-2026-00095,2,STL-ANG40,Equal angle 40 x 40 x 5mm 6m,5,628.94,3144.7
PO-2026-00095,3,STL-PL6MS,Mild steel plate 6mm 1000 x 2000,2,2618.1,5236.2
PO-2026-00096,1,SEL-GSK150,Full face gasket 150mm rubber insertion,50,198.07,9903.5
PO-2026-00097,1,SEL-ORK01,O ring kit nitrile 382 piece,3,1065.53,3196.59
PO-2026-00097,2,SEL-OIL45,Oil seal 45 x 65 x 10 nitrile,6,106.36,638.16
PO-2026-00098,1,HDW-PDL50,Brass padlock 50mm keyed alike,1,187.59,187.59
PO-2026-00098,2,HDW-CST100,Swivel castor 100mm braked,8,283.45,2267.6
PO-2026-00099,1,HYD-FIT12,Swaged fitting 1/2 BSP male,20,122.87,2457.4
PO-2025-00100,1,HYD-FIT12,Swaged fitting 1/2 BSP male,25,181.27,4531.75
PO-2025-00101,1,PLA-PER06,Perspex sheet 6mm 1000 x 2000,20,2693.36,53867.2
PO-2025-00101,2,PLA-HDPE10,HDPE sheet 10mm 1000 x 2000,4,3725.93,14903.72
PO-2026-00102,1,MHD-FRK25,Forklift fork 2500kg pair class 2,3,13406.72,40220.16
PO-2026-00102,2,MHD-SLG03,Webbing sling 3 ton 4 metre,8,1114.67,8917.36
PO-2026-00103,1,HDW-PDL50,Brass padlock 50mm keyed alike,8,251.24,2009.92
PO-2026-00103,2,HDW-CST100,Swivel castor 100mm braked,10,304.79,3047.9
PO-2026-00104,1,PNU-CMP75,Screw compressor service kit 7.5kW,2,4762.92,9525.84
PO-2026-00104,2,PNU-FRL12,Filter regulator lubricator 1/2 inch,1,2218.43,2218.43
PO-2026-00104,3,PNU-CYL63,Pneumatic cylinder 63 bore 200 stroke,2,2727.84,5455.68
PO-2026-00105,1,MHD-FRK25,Forklift fork 2500kg pair class 2,10,14858.42,148584.2
PO-2026-00105,2,MHD-SLG03,Webbing sling 3 ton 4 metre,2,1152.9,2305.8
PO-2026-00106,1,HDW-CST100,Swivel castor 100mm braked,1,264.44,264.44
PO-2026-00107,1,ELE-CON40,Contactor 40A 230V coil,4,1691.48,6765.92
PO-2026-00108,1,HDW-CST100,Swivel castor 100mm braked,2,409.59,819.18
PO-2026-00108,2,HDW-PDL50,Brass padlock 50mm keyed alike,6,224.16,1344.96
PO-2025-00109,1,CNV-BLT650,Conveyor belting 650mm 3 ply per metre,4,1267.53,5070.12
PO-2025-00109,2,CNV-PUL400,Drum pulley 400mm lagged,20,10808.97,216179.4
PO-2025-00109,3,CNV-IDL152,Trough idler set 152mm 650 belt,8,1687.48,13499.84
PO-2026-00110,1,FST-NUTM12,Hex nut M12 grade 8 box of 200,20,727.44,14548.8
PO-2026-00111,1,PNU-FRL12,Filter regulator lubricator 1/2 inch,1,2023.88,2023.88
PO-2026-00111,2,PNU-CMP75,Screw compressor service kit 7.5kW,25,4601.24,115031.0
PO-2025-00112,1,HYD-CYL80,Hydraulic cylinder 80 bore 400 stroke,3,7047.89,21143.67
PO-2025-00112,2,HYD-FIT12,Swaged fitting 1/2 BSP male,1,151.25,151.25
PO-2025-00112,3,HYD-PMP45,Gear pump 45cc SAE B,1,8658.63,8658.63
PO-2026-00113,1,PNT-PRM20,Zinc phosphate primer 20 litre,5,2975.49,14877.45
PO-2026-00113,2,PNT-EPX20,Two pack epoxy enamel 20 litre,4,3717.74,14870.96
PO-2026-00114,1,PKG-PLT12,Pallet wrap 500mm 20 micron roll,20,194.3,3886.0
PO-2026-00114,2,PKG-STR48,Strapping band 16mm x 1000m,8,979.46,7835.68
PO-2026-00115,1,REF-GAS404,Refrigerant R404a 10kg cylinder,1,6239.6,6239.6
PO-2026-00115,2,REF-CMP15,Refrigeration compressor 15HP semi hermetic,5,28686.31,143431.55
PO-2026-00116,1,STL-SQ50,Square tube 50 x 50 x 3mm 6m length,4,975.33,3901.32
PO-2025-00117,1,MTR-REW11,Motor rewind 11kW including bearings,6,8551.81,51310.86
PO-2025-00117,2,MTR-55KW4,Electric motor 5.5kW 4 pole foot mount,5,9263.86,46319.3
PO-2026-00118,1,HYD-2SN12,Hydraulic hose 2SN 1/2 inch per metre,2,310.22,620.44
PO-2026-00118,2,HYD-CYL80,Hydraulic cylinder 80 bore 400 stroke,2,9756.16,19512.32
PO-2025-00119,1,WLD-E6013,Welding electrode E6013 3.2mm 5kg,3,398.52,1195.56
PO-2025-00120,1,HYD-CYL80,Hydraulic cylinder 80 bore 400 stroke,3,8376.96,25130.88
PO-2025-00120,2,HYD-PMP45,Gear pump 45cc SAE B,1,7913.03,7913.03
PO-2026-00121,1,CHM-RUS05,Rust converter 5 litre,4,711.69,2846.76
PO-2026-00121,2,CHM-DEG25,Industrial degreaser 25 litre,20,1768.14,35362.8
PO-2026-00122,1,FST-NUTM12,Hex nut M12 grade 8 box of 200,4,508.77,2035.08
PO-2026-00122,2,FST-ANC12,Chemical anchor stud M12 x 160,10,89.09,890.9
PO-2026-00123,1,BRG-22216,Spherical roller bearing 22216 E,20,2251.31,45026.2
PO-2026-00124,1,VLV-GT80,Gate valve 80mm flanged,20,3523.03,70460.6
PO-2026-00124,2,VLV-BF100,Butterfly valve 100mm lever operated,10,2574.8,25748.0
PO-2026-00125,1,FST-M12X60,Hex bolt M12 x 60 grade 8.8 box of 100,3,1123.3,3369.9
PO-2026-00125,2,FST-NUTM12,Hex nut M12 grade 8 box of 200,8,800.89,6407.12
PO-2026-00125,3,FST-ANC12,Chemical anchor stud M12 x 160,50,57.35,2867.5
PO-2025-00126,1,TLS-TRQ34,Torque wrench 3/4 drive 100 to 500Nm,6,3531.53,21189.18
PO-2026-00127,1,STL-SQ50,Square tube 50 x 50 x 3mm 6m length,2,919.45,1838.9
PO-2026-00127,2,STL-RD304,Stainless round bar 304 20mm 6m,4,1560.87,6243.48
PO-2026-00127,3,STL-PL6MS,Mild steel plate 6mm 1000 x 2000,4,2829.76,11319.04
PO-2026-00128,1,CHM-RUS05,Rust converter 5 litre,4,1175.9,4703.6
PO-2026-00128,2,CHM-DEG25,Industrial degreaser 25 litre,4,1774.65,7098.6
PO-2025-00129,1,SEL-ORK01,O ring kit nitrile 382 piece,12,1390.11,16681.32
PO-2026-00130,1,CNV-BLT650,Conveyor belting 650mm 3 ply per metre,3,1287.51,3862.53
PO-2026-00130,2,CNV-PUL400,Drum pulley 400mm lagged,2,8368.34,16736.68
PO-2026-00130,3,CNV-IDL152,Trough idler set 152mm 650 belt,25,1910.62,47765.5
PO-2025-00131,1,PPE-HRN01,Full body safety harness double lanyard,3,2339.59,7018.77
PO-2025-00131,2,PPE-BOOT8,Safety boot steel toe size 8 pair,1,694.78,694.78
PO-2025-00131,3,PPE-GLV10,Cut resistant glove level 5 pair,2,162.36,324.72
PO-2025-00131,4,PPE-HAT01,Hard hat vented with ratchet,4,103.08,412.32
PO-2026-00132,1,BRG-22216,Spherical roller bearing 22216 E,10,2255.19,22551.9
PO-2026-00132,2,BRG-6205,Deep groove ball bearing 6205 2RS,1,684.11,684.11
PO-2026-00132,3,DRV-SPB2120,SPB section V belt 2120mm,10,367.15,3671.5
PO-2026-00133,1,WLD-MIG08,MIG wire 0.8mm 15kg spool,2,1369.59,2739.18
PO-2026-00134,1,CNV-IDL152,Trough idler set 152mm 650 belt,10,1627.84,16278.4
PO-2026-00135,1,HYD-CYL80,Hydraulic cylinder 80 bore 400 stroke,1,11463.26,11463.26
PO-2026-00135,2,HYD-2SN12,Hydraulic hose 2SN 1/2 inch per metre,1,227.62,227.62
PO-2026-00135,3,HYD-FIT12,Swaged fitting 1/2 BSP male,4,171.64,686.56
PO-2026-00135,4,HYD-PMP45,Gear pump 45cc SAE B,1,5698.65,5698.65
PO-2026-00136,1,MTR-55KW4,Electric motor 5.5kW 4 pole foot mount,50,10650.3,532515.0
PO-2026-00136,2,MTR-REW11,Motor rewind 11kW including bearings,6,8491.81,50950.86
PO-2026-00137,1,VLV-GT80,Gate valve 80mm flanged,4,3551.75,14207.0
PO-2026-00138,1,BRG-22216,Spherical roller bearing 22216 E,5,3531.21,17656.05
PO-2026-00138,2,DRV-SPB2120,SPB section V belt 2120mm,3,277.1,831.3
PO-2025-00139,1,FST-NUTM12,Hex nut M12 grade 8 box of 200,4,458.38,1833.52
PO-2025-00139,2,FST-M12X60,Hex bolt M12 x 60 grade 8.8 box of 100,50,1180.63,59031.5
PO-2026-00140,1,WLD-MIG08,MIG wire 0.8mm 15kg spool,2,1102.1,2204.2
PO-2026-00140,2,WLD-E6013,Welding electrode E6013 3.2mm 5kg,8,480.37,3842.96
PO-2026-00141,1,PPE-HAT01,Hard hat vented with ratchet,8,146.6,1172.8
PO-2026-00141,2,PPE-HRN01,Full body safety harness double lanyard,50,2499.42,124971.0
PO-2026-00141,3,PPE-BOOT8,Safety boot steel toe size 8 pair,20,606.87,12137.4
PO-2025-00142,1,MHD-SLG03,Webbing sling 3 ton 4 metre,10,1310.84,13108.4
PO-2025-00142,2,MHD-FRK25,Forklift fork 2500kg pair class 2,1,13372.98,13372.98
PO-2026-00143,1,FST-M12X60,Hex bolt M12 x 60 grade 8.8 box of 100,12,923.68,11084.16
PO-2026-00144,1,CNV-BLT650,Conveyor belting 650mm 3 ply per metre,2,1368.68,2737.36
PO-2026-00144,2,CNV-IDL152,Trough idler set 152mm 650 belt,5,2573.9,12869.5
PO-2026-00144,3,CNV-PUL400,Drum pulley 400mm lagged,10,9893.66,98936.6
PO-2025-00145,1,HDW-PDL50,Brass padlock 50mm keyed alike,3,275.21,825.63
PO-2026-00146,1,PMP-CEN55,Centrifugal pump 5.5kW end suction,1,26611.16,26611.16
PO-2025-00147,1,WLD-MIG08,MIG wire 0.8mm 15kg spool,12,1024.16,12289.92
PO-2026-00148,1,HYD-FIT12,Swaged fitting 1/2 BSP male,8,121.09,968.72
PO-2026-00148,2,HYD-2SN12,Hydraulic hose 2SN 1/2 inch per metre,3,294.93,884.79
PO-2026-00148,3,HYD-CYL80,Hydraulic cylinder 80 bore 400 stroke,1,6942.0,6942.0
PO-2026-00149,1,STL-SQ50,Square tube 50 x 50 x 3mm 6m length,3,763.08,2289.24
PO-2026-00149,2,STL-ANG40,Equal angle 40 x 40 x 5mm 6m,12,493.23,5918.76
PO-2026-00149,3,STL-RD304,Stainless round bar 304 20mm 6m,6,2612.52,15675.12
PO-2026-00149,4,STL-PL6MS,Mild steel plate 6mm 1000 x 2000,3,1855.82,5567.46
PO-2026-00150,1,MHD-FRK25,Forklift fork 2500kg pair class 2,50,10405.11,520255.5
PO-2026-00150,2,MHD-SLG03,Webbing sling 3 ton 4 metre,2,1108.58,2217.16
PO-2026-00151,1,CHM-DEG25,Industrial degreaser 25 litre,20,1485.51,29710.2
PO-2026-00151,2,CHM-RUS05,Rust converter 5 litre,10,941.39,9413.9
PO-2025-00152,1,TLS-DRL18,Cordless drill 18V two battery kit,5,3486.05,17430.25
PO-2025-00152,2,TLS-GRN230,Angle grinder 230mm 2400W,8,3797.97,30383.76
PO-2025-00152,3,TLS-TRQ34,Torque wrench 3/4 drive 100 to 500Nm,1,4176.29,4176.29
PO-2025-00153,1,WLD-HLM01,Auto darkening welding helmet,2,1230.88,2461.76
PO-2025-00153,2,WLD-E6013,Welding electrode E6013 3.2mm 5kg,3,490.99,1472.97
PO-2025-00153,3,WLD-MIG08,MIG wire 0.8mm 15kg spool,25,1290.02,32250.5
PO-2026-00154,1,REF-GAS404,Refrigerant R404a 10kg cylinder,1,5366.76,5366.76
PO-2025-00155,1,BRG-6205,Deep groove ball bearing 6205 2RS,2,556.95,1113.9
PO-2025-00155,2,DRV-TL2517,Taper lock bush 2517 x 45mm,25,588.4,14710.0
PO-2026-00156,1,PPE-HRN01,Full body safety harness double lanyard,2,1668.36,3336.72
PO-2026-00157,1,REF-CMP15,Refrigeration compressor 15HP semi hermetic,1,24205.06,24205.06
PO-2026-00157,2,REF-GAS404,Refrigerant R404a 10kg cylinder,1,5551.71,5551.71
PO-2026-00158,1,HDW-CST100,Swivel castor 100mm braked,1,347.96,347.96
PO-2026-00158,2,HDW-PDL50,Brass padlock 50mm keyed alike,8,270.52,2164.16
PO-2026-00159,1,PPE-HAT01,Hard hat vented with ratchet,20,115.25,2305.0
PO-2026-00159,2,PPE-HRN01,Full body safety harness double lanyard,6,2094.13,12564.78
PO-2025-00160,1,HYD-PMP45,Gear pump 45cc SAE B,3,6958.25,20874.75
PO-2026-00161,1,VLV-BF100,Butterfly valve 100mm lever operated,4,2545.37,10181.48
PO-2026-00161,2,PMP-CEN55,Centrifugal pump 5.5kW end suction,1,21501.93,21501.93
PO-2026-00161,3,VLV-GT80,Gate valve 80mm flanged,2,3582.25,7164.5
PO-2025-00162,1,HYD-PMP45,Gear pump 45cc SAE B,6,5513.63,33081.78
PO-2025-00162,2,HYD-FIT12,Swaged fitting 1/2 BSP male,1,105.61,105.61
PO-2025-00163,1,STL-ANG40,Equal angle 40 x 40 x 5mm 6m,5,520.97,2604.85
PO-2025-00163,2,STL-PL6MS,Mild steel plate 6mm 1000 x 2000,2,2342.71,4685.42
PO-2025-00164,1,SEL-GSK150,Full face gasket 150mm rubber insertion,4,287.15,1148.6
PO-2025-00164,2,SEL-ORK01,O ring kit nitrile 382 piece,2,1404.44,2808.88
PO-2025-00164,3,SEL-OIL45,Oil seal 45 x 65 x 10 nitrile,4,84.42,337.68
PO-2026-00165,1,INS-PRS16,Pressure transmitter 0 to 16 bar 4 to 20mA,1,6222.69,6222.69
PO-2026-00165,2,INS-TMP01,PT100 temperature probe with head,3,1832.49,5497.47
PO-2026-00166,1,INS-PRS16,Pressure transmitter 0 to 16 bar 4 to 20mA,8,7380.99,59047.92
PO-2026-00166,2,INS-TMP01,PT100 temperature probe with head,1,1819.47,1819.47
PO-2026-00167,1,SEL-GSK150,Full face gasket 150mm rubber insertion,3,215.91,647.73
PO-2026-00168,1,REF-CMP15,Refrigeration compressor 15HP semi hermetic,8,24218.51,193748.08
PO-2026-00168,2,REF-GAS404,Refrigerant R404a 10kg cylinder,6,8012.92,48077.52
PO-2026-00169,1,BRG-22216,Spherical roller bearing 22216 E,6,2191.57,13149.42
PO-2026-00170,1,STL-RD304,Stainless round bar 304 20mm 6m,1,2582.11,2582.11
PO-2026-00171,1,DRV-TL2517,Taper lock bush 2517 x 45mm,1,680.89,680.89
PO-2026-00171,2,BRG-22216,Spherical roller bearing 22216 E,5,3759.12,18795.6
PO-2026-00171,3,DRV-SPB2120,SPB section V belt 2120mm,1,225.6,225.6
PO-2025-00172,1,MTR-REW11,Motor rewind 11kW including bearings,8,10893.9,87151.2
PO-2025-00173,1,ELE-BAT100,Deep cycle battery 100Ah,1,2843.22,2843.22
PO-2025-00173,2,ELE-CON40,Contactor 40A 230V coil,3,1084.43,3253.29
PO-2026-00174,1,BRG-22216,Spherical roller bearing 22216 E,3,2572.19,7716.57
PO-2026-00174,2,BRG-6205,Deep groove ball bearing 6205 2RS,10,556.73,5567.3
PO-2026-00174,3,DRV-SPB2120,SPB section V belt 2120mm,1,320.09,320.09
PO-2025-00175,1,STL-SQ50,Square tube 50 x 50 x 3mm 6m length,10,1105.57,11055.7
PO-2025-00176,1,ELE-BAT100,Deep cycle battery 100Ah,12,3159.57,37914.84
PO-2025-00176,2,ELE-CON40,Contactor 40A 230V coil,4,1556.94,6227.76
PO-2025-00176,3,ELE-SWA4C,SWA cable 4 core 16mm per metre,3,329.82,989.46
PO-2025-00177,1,CNV-PUL400,Drum pulley 400mm lagged,4,8084.21,32336.84
PO-2025-00177,2,CNV-IDL152,Trough idler set 152mm 650 belt,1,1589.19,1589.19
PO-2025-00177,3,CNV-BLT650,Conveyor belting 650mm 3 ply per metre,1,1101.12,1101.12
PO-2026-00178,1,REF-GAS404,Refrigerant R404a 10kg cylinder,20,8292.62,165852.4
PO-2026-00178,2,REF-CMP15,Refrigeration compressor 15HP semi hermetic,2,31995.08,63990.16
PO-2026-00179,1,INS-PRS16,Pressure transmitter 0 to 16 bar 4 to 20mA,3,7394.7,22184.1
PO-2026-00179,2,INS-TMP01,PT100 temperature probe with head,3,1790.55,5371.65
PO-2026-00180,1,BRG-22216,Spherical roller bearing 22216 E,4,2075.43,8301.72
PO-2026-00180,2,DRV-TL2517,Taper lock bush 2517 x 45mm,4,668.45,2673.8
PO-2026-00180,3,BRG-6205,Deep groove ball bearing 6205 2RS,3,152.28,456.84
PO-2025-00181,1,SEL-ORK01,O ring kit nitrile 382 piece,2,1322.08,2644.16
PO-2025-00181,2,SEL-OIL45,Oil seal 45 x 65 x 10 nitrile,12,94.81,1137.72
PO-2025-00181,3,SEL-GSK150,Full face gasket 150mm rubber insertion,4,266.08,1064.32
PO-2026-00182,1,ELE-CON40,Contactor 40A 230V coil,2,1286.8,2573.6
PO-2026-00182,2,ELE-SWA4C,SWA cable 4 core 16mm per metre,6,413.77,2482.62
PO-2025-00183,1,MTR-REW11,Motor rewind 11kW including bearings,1,8303.03,8303.03
PO-2025-00183,2,MTR-55KW4,Electric motor 5.5kW 4 pole foot mount,4,9888.35,39553.4
PO-2026-00184,1,PNT-EPX20,Two pack epoxy enamel 20 litre,8,3577.29,28618.32
PO-2026-00185,1,ABR-CUT230,Cutting disc 230 x 3 x 22 box of 25,2,964.45,1928.9
PO-2026-00185,2,ABR-FLP125,Flap disc 125mm 60 grit box of 10,2,414.48,828.96
PO-2026-00186,1,INS-TMP01,PT100 temperature probe with head,5,2022.73,10113.65
PO-2026-00186,2,INS-PRS16,Pressure transmitter 0 to 16 bar 4 to 20mA,8,5354.6,42836.8
PO-2026-00187,1,PPE-BOOT8,Safety boot steel toe size 8 pair,2,492.22,984.44
PO-2026-00187,2,PPE-GLV10,Cut resistant glove level 5 pair,6,155.85,935.1
PO-2025-00188,1,ELE-CB63,Circuit breaker 63A triple pole,10,1046.13,10461.3
PO-2025-00188,2,ELE-BAT100,Deep cycle battery 100Ah,5,2476.75,12383.75
PO-2025-00188,3,ELE-CON40,Contactor 40A 230V coil,20,1403.68,28073.6
PO-2025-00189,1,PKG-PLT12,Pallet wrap 500mm 20 micron roll,10,246.68,2466.8
PO-2025-00189,2,PKG-STR48,Strapping band 16mm x 1000m,1,677.75,677.75
PO-2025-00190,1,DRV-SPB2120,SPB section V belt 2120mm,4,305.73,1222.92
PO-2025-00190,2,BRG-22216,Spherical roller bearing 22216 E,5,3634.77,18173.85
PO-2025-00190,3,BRG-6205,Deep groove ball bearing 6205 2RS,2,536.67,1073.34
PO-2026-00191,1,DRV-SPB2120,SPB section V belt 2120mm,3,231.1,693.3
PO-2026-00191,2,DRV-TL2517,Taper lock bush 2517 x 45mm,2,529.63,1059.26
PO-2026-00192,1,INS-TMP01,PT100 temperature probe with head,6,1779.4,10676.4
PO-2026-00192,2,INS-PRS16,Pressure transmitter 0 to 16 bar 4 to 20mA,10,4593.5,45935.0
PO-2025-00193,1,MTR-55KW4,Electric motor 5.5kW 4 pole foot mount,3,9161.5,27484.5
PO-2025-00193,2,MTR-REW11,Motor rewind 11kW including bearings,8,7547.74,60381.92
PO-2025-00194,1,HYD-FIT12,Swaged fitting 1/2 BSP male,4,183.24,732.96
PO-2025-00194,2,HYD-PMP45,Gear pump 45cc SAE B,3,8983.65,26950.95
PO-2025-00194,3,HYD-CYL80,Hydraulic cylinder 80 bore 400 stroke,6,9306.46,55838.76
PO-2025-00194,4,HYD-2SN12,Hydraulic hose 2SN 1/2 inch per metre,12,167.68,2012.16
PO-2026-00195,1,FST-M12X60,Hex bolt M12 x 60 grade 8.8 box of 100,12,1371.0,16452.0
PO-2026-00196,1,HYD-PMP45,Gear pump 45cc SAE B,3,5393.4,16180.2
PO-2026-00196,2,HYD-CYL80,Hydraulic cylinder 80 bore 400 stroke,8,8717.16,69737.28
PO-2025-00197,1,MHD-FRK25,Forklift fork 2500kg pair class 2,20,10812.01,216240.2
PO-2025-00197,2,MHD-SLG03,Webbing sling 3 ton 4 metre,1,874.53,874.53
PO-2026-00198,1,HYD-FIT12,Swaged fitting 1/2 BSP male,10,125.56,1255.6
PO-2026-00198,2,HYD-PMP45,Gear pump 45cc SAE B,3,6424.7,19274.1
PO-2025-00199,1,CHM-DEG25,Industrial degreaser 25 litre,6,1356.01,8136.06
PO-2025-00200,1,PLA-PER06,Perspex sheet 6mm 1000 x 2000,6,3039.86,18239.16
PO-2025-00200,2,PLA-HDPE10,HDPE sheet 10mm 1000 x 2000,50,3459.66,172983.0
PO-2025-00201,1,PPE-HAT01,Hard hat vented with ratchet,3,159.83,479.49
PO-2025-00201,2,PPE-HRN01,Full body safety harness double lanyard,2,1815.67,3631.34
PO-2025-00201,3,PPE-GLV10,Cut resistant glove level 5 pair,1,161.94,161.94
PO-2026-00202,1,MHD-SLG03,Webbing sling 3 ton 4 metre,1,1301.85,1301.85
PO-2026-00202,2,MHD-FRK25,Forklift fork 2500kg pair class 2,1,10844.61,10844.61
PO-2025-00203,1,STL-ANG40,Equal angle 40 x 40 x 5mm 6m,10,849.23,8492.3
PO-2025-00203,2,STL-RD304,Stainless round bar 304 20mm 6m,10,2180.99,21809.9
PO-2025-00203,3,STL-SQ50,Square tube 50 x 50 x 3mm 6m length,4,758.37,3033.48
PO-2026-00204,1,SEL-OIL45,Oil seal 45 x 65 x 10 nitrile,10,108.32,1083.2
PO-2026-00204,2,SEL-ORK01,O ring kit nitrile 382 piece,3,909.25,2727.75
PO-2026-00205,1,INS-PRS16,Pressure transmitter 0 to 16 bar 4 to 20mA,1,5376.34,5376.34
PO-2026-00205,2,INS-TMP01,PT100 temperature probe with head,3,1853.93,5561.79
PO-2026-00206,1,STL-ANG40,Equal angle 40 x 40 x 5mm 6m,3,634.96,1904.88
PO-2025-00207,1,LUB-GRS18,Lithium complex grease EP2 18kg,4,2699.59,10798.36
PO-2026-00208,1,CHM-DEG25,Industrial degreaser 25 litre,1,1275.36,1275.36
PO-2025-00209,1,PPE-HRN01,Full body safety harness double lanyard,25,2596.97,64924.25
PO-2025-00209,2,PPE-HAT01,Hard hat vented with ratchet,3,135.42,406.26
PO-2025-00210,1,PPE-GLV10,Cut resistant glove level 5 pair,2,132.72,265.44
PO-2025-00211,1,REF-CMP15,Refrigeration compressor 15HP semi hermetic,5,34744.18,173720.9
PO-2026-00212,1,HYD-PMP45,Gear pump 45cc SAE B,3,7696.84,23090.52
PO-2026-00213,1,PPE-HAT01,Hard hat vented with ratchet,1,131.9,131.9
PO-2026-00214,1,BRG-22216,Spherical roller bearing 22216 E,1,2581.09,2581.09
PO-2026-00214,2,DRV-TL2517,Taper lock bush 2517 x 45mm,8,442.97,3543.76
PO-2026-00214,3,DRV-SPB2120,SPB section V belt 2120mm,12,365.59,4387.08
PO-2026-00214,4,BRG-6205,Deep groove ball bearing 6205 2RS,10,589.45,5894.5
PO-2026-00215,1,HDW-CST100,Swivel castor 100mm braked,4,333.86,1335.44
PO-2026-00216,1,TLS-GRN230,Angle grinder 230mm 2400W,2,2961.02,5922.04
PO-2026-00216,2,TLS-DRL18,Cordless drill 18V two battery kit,2,3267.6,6535.2
PO-2026-00216,3,TLS-TRQ34,Torque wrench 3/4 drive 100 to 500Nm,10,4450.56,44505.6
PO-2026-00217,1,INS-PRS16,Pressure transmitter 0 to 16 bar 4 to 20mA,3,6201.91,18605.73
PO-2026-00217,2,INS-TMP01,PT100 temperature probe with head,3,1216.69,3650.07
PO-2026-00218,1,LUB-GRS18,Lithium complex grease EP2 18kg,8,1843.73,14749.84
PO-2026-00219,1,PNU-CMP75,Screw compressor service kit 7.5kW,8,4619.42,36955.36
PO-2026-00219,2,PNU-FRL12,Filter regulator lubricator 1/2 inch,1,1491.36,1491.36
PO-2026-00220,1,PLA-HDPE10,HDPE sheet 10mm 1000 x 2000,25,2827.69,70692.25
PO-2026-00220,2,PLA-PER06,Perspex sheet 6mm 1000 x 2000,2,2815.3,5630.6
PO-2026-00221,1,SEL-ORK01,O ring kit nitrile 382 piece,25,1172.86,29321.5
PO-2025-00222,1,PLA-PER06,Perspex sheet 6mm 1000 x 2000,10,2717.06,27170.6
PO-2026-00223,1,HDW-PDL50,Brass padlock 50mm keyed alike,3,314.36,943.08
PO-2026-00223,2,HDW-CST100,Swivel castor 100mm braked,50,404.65,20232.5
PO-2026-00224,1,MTR-REW11,Motor rewind 11kW including bearings,1,12640.47,12640.47
PO-2026-00224,2,MTR-55KW4,Electric motor 5.5kW 4 pole foot mount,10,11640.64,116406.4
PO-2026-00225,1,PNU-CMP75,Screw compressor service kit 7.5kW,50,4870.31,243515.5
PO-2026-00225,2,PNU-FRL12,Filter regulator lubricator 1/2 inch,1,2127.45,2127.45
PO-2026-00226,1,PIP-FLG80,Slip on flange 80mm table D,4,538.74,2154.96
PO-2026-00226,2,PIP-GAL50,Galvanised pipe 50mm medium 6m,3,1313.67,3941.01
PO-2026-00227,1,PLA-PER06,Perspex sheet 6mm 1000 x 2000,3,3488.79,10466.37
PO-2026-00227,2,PLA-HDPE10,HDPE sheet 10mm 1000 x 2000,2,3400.76,6801.52
PO-2026-00228,1,HYD-2SN12,Hydraulic hose 2SN 1/2 inch per metre,1,306.39,306.39
PO-2025-00229,1,PLA-PER06,Perspex sheet 6mm 1000 x 2000,2,2353.97,4707.94
PO-2025-00229,2,PLA-HDPE10,HDPE sheet 10mm 1000 x 2000,12,2587.26,31047.12
PO-2025-00230,1,HYD-PMP45,Gear pump 45cc SAE B,3,7110.71,21332.13
PO-2025-00230,2,HYD-CYL80,Hydraulic cylinder 80 bore 400 stroke,25,9435.91,235897.75
PO-2025-00230,3,HYD-2SN12,Hydraulic hose 2SN 1/2 inch per metre,1,176.86,176.86
PO-2025-00230,4,HYD-FIT12,Swaged fitting 1/2 BSP male,1,159.33,159.33
PO-2025-00231,1,PNT-EPX20,Two pack epoxy enamel 20 litre,5,3575.73,17878.65
PO-2026-00232,1,CHM-DEG25,Industrial degreaser 25 litre,3,1725.28,5175.84
PO-2025-00233,1,LUB-HYD46,Hydraulic oil ISO 46 20 litre,5,1282.16,6410.8
PO-2025-00233,2,LUB-EP220,Gear oil EP220 208 litre drum,1,12439.62,12439.62
PO-2025-00233,3,LUB-GRS18,Lithium complex grease EP2 18kg,50,2811.34,140567.0
PO-2025-00234,1,PKG-STR48,Strapping band 16mm x 1000m,2,785.13,1570.26
PO-2026-00235,1,WLD-E6013,Welding electrode E6013 3.2mm 5kg,3,494.36,1483.08
PO-2026-00236,1,MTR-REW11,Motor rewind 11kW including bearings,50,9387.27,469363.5
PO-2026-00236,2,MTR-55KW4,Electric motor 5.5kW 4 pole foot mount,8,10866.04,86928.32
PO-2026-00237,1,MTR-55KW4,Electric motor 5.5kW 4 pole foot mount,5,6522.15,32610.75
PO-2026-00238,1,ELE-CB63,Circuit breaker 63A triple pole,4,1199.94,4799.76
PO-2026-00239,1,CHM-RUS05,Rust converter 5 litre,6,766.32,4597.92
PO-2026-00240,1,PNT-EPX20,Two pack epoxy enamel 20 litre,6,5740.77,34444.62
PO-2026-00241,1,HYD-CYL80,Hydraulic cylinder 80 bore 400 stroke,10,8684.91,86849.1
PO-2026-00241,2,HYD-PMP45,Gear pump 45cc SAE B,50,8264.95,413247.5
PO-2026-00241,3,HYD-FIT12,Swaged fitting 1/2 BSP male,10,180.39,1803.9
PO-2026-00242,1,PNU-CMP75,Screw compressor service kit 7.5kW,3,8049.94,24149.82
PO-2026-00242,2,PNU-CYL63,Pneumatic cylinder 63 bore 200 stroke,2,1951.87,3903.74
PO-2026-00242,3,PNU-FRL12,Filter regulator lubricator 1/2 inch,5,1468.6,7343.0
PO-2026-00243,1,PLA-PER06,Perspex sheet 6mm 1000 x 2000,2,2383.73,4767.46
PO-2026-00243,2,PLA-HDPE10,HDPE sheet 10mm 1000 x 2000,6,3779.13,22674.78
PO-2026-00244,1,PPE-GLV10,Cut resistant glove level 5 pair,2,169.29,338.58
PO-2026-00244,2,PPE-HRN01,Full body safety harness double lanyard,1,2498.65,2498.65
PO-2026-00244,3,PPE-BOOT8,Safety boot steel toe size 8 pair,10,729.44,7294.4
PO-2026-00244,4,PPE-HAT01,Hard hat vented with ratchet,1,108.59,108.59
PO-2025-00245,1,REF-CMP15,Refrigeration compressor 15HP semi hermetic,2,27334.99,54669.98
PO-2025-00245,2,REF-GAS404,Refrigerant R404a 10kg cylinder,5,8073.09,40365.45
PO-2025-00246,1,MHD-SLG03,Webbing sling 3 ton 4 metre,20,1124.32,22486.4
PO-2025-00247,1,ELE-CB63,Circuit breaker 63A triple pole,1,644.3,644.3
PO-2025-00247,2,ELE-BAT100,Deep cycle battery 100Ah,50,3659.49,182974.5
PO-2025-00247,3,ELE-CON40,Contactor 40A 230V coil,5,1357.77,6788.85
PO-2025-00248,1,VLV-GT80,Gate valve 80mm flanged,12,3950.18,47402.16
PO-2025-00248,2,VLV-BF100,Butterfly valve 100mm lever operated,4,2211.87,8847.48
PO-2025-00248,3,PMP-CEN55,Centrifugal pump 5.5kW end suction,1,22705.9,22705.9
PO-2025-00249,1,ELE-CB63,Circuit breaker 63A triple pole,4,690.25,2761.0
PO-2025-00249,2,ELE-SWA4C,SWA cable 4 core 16mm per metre,6,383.6,2301.6
PO-2025-00249,3,ELE-BAT100,Deep cycle battery 100Ah,12,2155.55,25866.6
PO-2025-00250,1,PKG-PLT12,Pallet wrap 500mm 20 micron roll,1,230.48,230.48
PO-2025-00250,2,PKG-STR48,Strapping band 16mm x 1000m,8,721.23,5769.84
PO-2026-00251,1,TLS-GRN230,Angle grinder 230mm 2400W,5,2279.02,11395.1
PO-2026-00252,1,WLD-MIG08,MIG wire 0.8mm 15kg spool,5,830.38,4151.9
PO-2026-00253,1,HYD-CYL80,Hydraulic cylinder 80 bore 400 stroke,2,12378.72,24757.44
PO-2026-00253,2,HYD-FIT12,Swaged fitting 1/2 BSP male,8,93.31,746.48
PO-2026-00253,3,HYD-PMP45,Gear pump 45cc SAE B,5,7561.17,37805.85
PO-2026-00254,1,HYD-FIT12,Swaged fitting 1/2 BSP male,3,90.68,272.04
PO-2026-00254,2,HYD-CYL80,Hydraulic cylinder 80 bore 400 stroke,1,8550.08,8550.08
PO-2026-00254,3,HYD-PMP45,Gear pump 45cc SAE B,25,5609.02,140225.5
PO-2026-00254,4,HYD-2SN12,Hydraulic hose 2SN 1/2 inch per metre,10,176.92,1769.2
PO-2025-00255,1,SEL-GSK150,Full face gasket 150mm rubber insertion,10,194.68,1946.8
PO-2025-00256,1,MTR-REW11,Motor rewind 11kW including bearings,50,10141.18,507059.0
PO-2025-00256,2,MTR-55KW4,Electric motor 5.5kW 4 pole foot mount,25,9341.55,233538.75
PO-2026-00257,1,HYD-FIT12,Swaged fitting 1/2 BSP male,8,172.75,1382.0
PO-2026-00257,2,HYD-2SN12,Hydraulic hose 2SN 1/2 inch per metre,1,194.91,194.91
PO-2026-00257,3,HYD-PMP45,Gear pump 45cc SAE B,1,5136.51,5136.51
PO-2026-00258,1,STL-PL6MS,Mild steel plate 6mm 1000 x 2000,1,3203.75,3203.75
PO-2026-00258,2,STL-ANG40,Equal angle 40 x 40 x 5mm 6m,2,643.76,1287.52
PO-2026-00258,3,STL-SQ50,Square tube 50 x 50 x 3mm 6m length,3,1056.23,3168.69
PO-2026-00259,1,SEL-ORK01,O ring kit nitrile 382 piece,2,1636.72,3273.44
PO-2026-00259,2,SEL-OIL45,Oil seal 45 x 65 x 10 nitrile,2,79.59,159.18
PO-2025-00260,1,PIP-FLG80,Slip on flange 80mm table D,2,432.69,865.38
PO-2025-00261,1,HDW-CST100,Swivel castor 100mm braked,2,396.56,793.12
PO-2025-00261,2,HDW-PDL50,Brass padlock 50mm keyed alike,2,219.49,438.98
PO-2025-00262,1,STL-RD304,Stainless round bar 304 20mm 6m,1,2013.66,2013.66
PO-2025-00263,1,PPE-HRN01,Full body safety harness double lanyard,5,2122.9,10614.5
PO-2026-00264,1,STL-PL6MS,Mild steel plate 6mm 1000 x 2000,1,2480.83,2480.83
PO-2026-00264,2,STL-SQ50,Square tube 50 x 50 x 3mm 6m length,50,1175.57,58778.5
PO-2026-00265,1,PLA-PER06,Perspex sheet 6mm 1000 x 2000,4,2066.4,8265.6
PO-2026-00265,2,PLA-HDPE10,HDPE sheet 10mm 1000 x 2000,4,4044.61,16178.44
PO-2025-00266,1,VLV-BF100,Butterfly valve 100mm lever operated,25,3259.88,81497.0
PO-2025-00266,2,VLV-GT80,Gate valve 80mm flanged,2,2723.27,5446.54
PO-2025-00266,3,PMP-CEN55,Centrifugal pump 5.5kW end suction,3,29828.83,89486.49
PO-2026-00267,1,FST-ANC12,Chemical anchor stud M12 x 160,4,85.12,340.48
PO-2026-00267,2,FST-NUTM12,Hex nut M12 grade 8 box of 200,25,808.93,20223.25
PO-2026-00268,1,PNU-CMP75,Screw compressor service kit 7.5kW,3,4742.26,14226.78
PO-2025-00269,1,PIP-GAL50,Galvanised pipe 50mm medium 6m,4,1835.41,7341.64
PO-2026-00270,1,HDW-CST100,Swivel castor 100mm braked,6,390.16,2340.96
PO-2026-00270,2,HDW-PDL50,Brass padlock 50mm keyed alike,5,195.12,975.6
PO-2025-00271,1,SEL-GSK150,Full face gasket 150mm rubber insertion,5,220.77,1103.85
PO-2025-00271,2,SEL-ORK01,O ring kit nitrile 382 piece,2,1607.44,3214.88
PO-2025-00271,3,SEL-OIL45,Oil seal 45 x 65 x 10 nitrile,1,123.07,123.07
PO-2026-00272,1,MHD-FRK25,Forklift fork 2500kg pair class 2,3,11835.97,35507.91
PO-2026-00272,2,MHD-SLG03,Webbing sling 3 ton 4 metre,5,963.46,4817.3
PO-2026-00273,1,MHD-FRK25,Forklift fork 2500kg pair class 2,20,16077.18,321543.6
PO-2026-00274,1,BRG-6205,Deep groove ball bearing 6205 2RS,8,604.76,4838.08
PO-2026-00275,1,ELE-CB63,Circuit breaker 63A triple pole,1,1227.77,1227.77
PO-2025-00276,1,INS-PRS16,Pressure transmitter 0 to 16 bar 4 to 20mA,6,6509.81,39058.86
PO-2025-00277,1,LUB-EP220,Gear oil EP220 208 litre drum,4,12415.39,49661.56
PO-2025-00278,1,WLD-E6013,Welding electrode E6013 3.2mm 5kg,2,330.24,660.48
PO-2025-00278,2,WLD-MIG08,MIG wire 0.8mm 15kg spool,1,1132.95,1132.95
PO-2026-00279,1,PIP-GAL50,Galvanised pipe 50mm medium 6m,8,1827.8,14622.4
PO-2026-00279,2,PIP-FLG80,Slip on flange 80mm table D,4,360.52,1442.08
PO-2026-00280,1,STL-SQ50,Square tube 50 x 50 x 3mm 6m length,2,893.72,1787.44
PO-2026-00280,2,STL-RD304,Stainless round bar 304 20mm 6m,3,2012.23,6036.69
PO-2026-00280,3,STL-ANG40,Equal angle 40 x 40 x 5mm 6m,20,671.54,13430.8
PO-2026-00281,1,PLA-HDPE10,HDPE sheet 10mm 1000 x 2000,20,3337.88,66757.6
PO-2026-00282,1,PLA-PER06,Perspex sheet 6mm 1000 x 2000,6,3171.61,19029.66
PO-2026-00282,2,PLA-HDPE10,HDPE sheet 10mm 1000 x 2000,1,4324.82,4324.82
PO-2025-00283,1,PNU-FRL12,Filter regulator lubricator 1/2 inch,50,1615.23,80761.5
PO-2025-00283,2,PNU-CMP75,Screw compressor service kit 7.5kW,2,6376.9,12753.8
PO-2025-00283,3,PNU-CYL63,Pneumatic cylinder 63 bore 200 stroke,1,2394.69,2394.69
PO-2026-00284,1,DRV-SPB2120,SPB section V belt 2120mm,12,258.07,3096.84
PO-2026-00284,2,DRV-TL2517,Taper lock bush 2517 x 45mm,5,346.27,1731.35
PO-2026-00284,3,BRG-22216,Spherical roller bearing 22216 E,4,2062.02,8248.08
PO-2026-00284,4,BRG-6205,Deep groove ball bearing 6205 2RS,3,421.77,1265.31
PO-2026-00285,1,INS-TMP01,PT100 temperature probe with head,5,1211.39,6056.95
PO-2025-00286,1,PIP-FLG80,Slip on flange 80mm table D,1,641.12,641.12
PO-2025-00286,2,PIP-GAL50,Galvanised pipe 50mm medium 6m,1,992.8,992.8
PO-2026-00287,1,STL-RD304,Stainless round bar 304 20mm 6m,2,1440.53,2881.06
PO-2026-00287,2,STL-SQ50,Square tube 50 x 50 x 3mm 6m length,10,792.38,7923.8
PO-2025-00288,1,DRV-TL2517,Taper lock bush 2517 x 45mm,8,664.36,5314.88
PO-2025-00288,2,DRV-SPB2120,SPB section V belt 2120mm,12,286.42,3437.04
PO-2026-00289,1,LUB-HYD46,Hydraulic oil ISO 46 20 litre,4,1185.38,4741.52
PO-2026-00289,2,LUB-EP220,Gear oil EP220 208 litre drum,25,14980.32,374508.0
PO-2026-00290,1,FST-NUTM12,Hex nut M12 grade 8 box of 200,1,816.82,816.82
PO-2026-00290,2,FST-ANC12,Chemical anchor stud M12 x 160,1,87.64,87.64
PO-2026-00290,3,FST-M12X60,Hex bolt M12 x 60 grade 8.8 box of 100,25,1047.98,26199.5
PO-2026-00291,1,HYD-FIT12,Swaged fitting 1/2 BSP male,8,97.64,781.12
PO-2026-00292,1,ELE-CB63,Circuit breaker 63A triple pole,3,887.99,2663.97
PO-2026-00292,2,ELE-SWA4C,SWA cable 4 core 16mm per metre,12,243.46,2921.52
PO-2026-00292,3,ELE-BAT100,Deep cycle battery 100Ah,6,2223.68,13342.08
PO-2026-00292,4,ELE-CON40,Contactor 40A 230V coil,5,1255.23,6276.15
PO-2026-00293,1,INS-TMP01,PT100 temperature probe with head,5,1827.73,9138.65
PO-2026-00293,2,INS-PRS16,Pressure transmitter 0 to 16 bar 4 to 20mA,3,4816.7,14450.1
PO-2026-00294,1,PLA-HDPE10,HDPE sheet 10mm 1000 x 2000,6,4192.64,25155.84
PO-2026-00294,2,PLA-PER06,Perspex sheet 6mm 1000 x 2000,5,2465.9,12329.5
PO-2026-00295,1,HYD-PMP45,Gear pump 45cc SAE B,1,7636.73,7636.73
PO-2026-00296,1,MTR-55KW4,Electric motor 5.5kW 4 pole foot mount,8,9242.17,73937.36
PO-2026-00297,1,MTR-55KW4,Electric motor 5.5kW 4 pole foot mount,6,11160.8,66964.8
PO-2026-00298,1,STL-PL6MS,Mild steel plate 6mm 1000 x 2000,1,2858.73,2858.73
PO-2026-00298,2,STL-RD304,Stainless round bar 304 20mm 6m,3,2148.49,6445.47
PO-2026-00299,1,HYD-CYL80,Hydraulic cylinder 80 bore 400 stroke,6,9447.58,56685.48
PO-2026-00300,1,HDW-PDL50,Brass padlock 50mm keyed alike,1,314.72,314.72
PO-2026-00301,1,STL-SQ50,Square tube 50 x 50 x 3mm 6m length,3,1100.26,3300.78
PO-2026-00301,2,STL-RD304,Stainless round bar 304 20mm 6m,1,2448.2,2448.2
PO-2026-00301,3,STL-ANG40,Equal angle 40 x 40 x 5mm 6m,20,530.15,10603.0
PO-2025-00302,1,CHM-RUS05,Rust converter 5 litre,50,923.27,46163.5
PO-2025-00302,2,CHM-DEG25,Industrial degreaser 25 litre,3,1535.34,4606.02
PO-2026-00303,1,REF-GAS404,Refrigerant R404a 10kg cylinder,2,7986.14,15972.28
PO-2026-00304,1,WLD-HLM01,Auto darkening welding helmet,2,1774.06,3548.12
PO-2026-00304,2,WLD-MIG08,MIG wire 0.8mm 15kg spool,1,1218.26,1218.26
PO-2025-00305,1,MHD-FRK25,Forklift fork 2500kg pair class 2,1,10645.88,10645.88
PO-2025-00305,2,MHD-SLG03,Webbing sling 3 ton 4 metre,1,1075.04,1075.04
PO-2025-00306,1,STL-SQ50,Square tube 50 x 50 x 3mm 6m length,10,725.19,7251.9
PO-2025-00307,1,MHD-SLG03,Webbing sling 3 ton 4 metre,8,909.53,7276.24
PO-2025-00307,2,MHD-FRK25,Forklift fork 2500kg pair class 2,1,10099.03,10099.03
PO-2025-00308,1,BRG-22216,Spherical roller bearing 22216 E,10,3152.62,31526.2
PO-2025-00308,2,DRV-TL2517,Taper lock bush 2517 x 45mm,10,451.78,4517.8
PO-2025-00308,3,BRG-6205,Deep groove ball bearing 6205 2RS,2,382.15,764.3
PO-2026-00309,1,MTR-55KW4,Electric motor 5.5kW 4 pole foot mount,1,10633.9,10633.9
PO-2026-00310,1,DRV-SPB2120,SPB section V belt 2120mm,3,321.29,963.87
PO-2025-00311,1,PNU-CMP75,Screw compressor service kit 7.5kW,20,6715.18,134303.6
PO-2025-00311,2,PNU-CYL63,Pneumatic cylinder 63 bore 200 stroke,25,2467.89,61697.25
PO-2025-00312,1,ELE-SWA4C,SWA cable 4 core 16mm per metre,4,260.56,1042.24
PO-2025-00312,2,ELE-CON40,Contactor 40A 230V coil,4,1628.75,6515.0
PO-2025-00313,1,STL-SQ50,Square tube 50 x 50 x 3mm 6m length,5,934.86,4674.3
PO-2026-00314,1,CHM-DEG25,Industrial degreaser 25 litre,3,1532.33,4596.99
PO-2026-00314,2,CHM-RUS05,Rust converter 5 litre,10,806.71,8067.1
PO-2025-00315,1,LUB-HYD46,Hydraulic oil ISO 46 20 litre,20,1222.74,24454.8
PO-2025-00315,2,LUB-EP220,Gear oil EP220 208 litre drum,5,11870.61,59353.05
PO-2025-00315,3,LUB-GRS18,Lithium complex grease EP2 18kg,6,2102.68,12616.08
PO-2025-00316,1,HYD-FIT12,Swaged fitting 1/2 BSP male,5,172.65,863.25
PO-2026-00317,1,FST-NUTM12,Hex nut M12 grade 8 box of 200,20,636.64,12732.8
PO-2026-00317,2,FST-ANC12,Chemical anchor stud M12 x 160,3,91.84,275.52
PO-2026-00317,3,FST-M12X60,Hex bolt M12 x 60 grade 8.8 box of 100,5,1445.78,7228.9
PO-2026-00318,1,TLS-DRL18,Cordless drill 18V two battery kit,8,4306.82,34454.56
PO-2026-00319,1,STL-SQ50,Square tube 50 x 50 x 3mm 6m length,2,621.6,1243.2
PO-2026-00319,2,STL-ANG40,Equal angle 40 x 40 x 5mm 6m,3,505.77,1517.31
PO-2026-00319,3,STL-RD304,Stainless round bar 304 20mm 6m,6,1578.54,9471.24
PO-2026-00319,4,STL-PL6MS,Mild steel plate 6mm 1000 x 2000,10,2335.96,23359.6
PO-2026-00320,1,BRG-6205,Deep groove ball bearing 6205 2RS,12,392.94,4715.28
PO-2025-00321,1,PNU-CYL63,Pneumatic cylinder 63 bore 200 stroke,6,2709.03,16254.18
PO-2025-00321,2,PNU-CMP75,Screw compressor service kit 7.5kW,1,8271.32,8271.32
PO-2026-00322,1,INS-PRS16,Pressure transmitter 0 to 16 bar 4 to 20mA,2,6822.41,13644.82
PO-2026-00322,2,INS-TMP01,PT100 temperature probe with head,4,1726.09,6904.36
PO-2025-00323,1,MHD-FRK25,Forklift fork 2500kg pair class 2,1,11589.92,11589.92
PO-2025-00324,1,PIP-GAL50,Galvanised pipe 50mm medium 6m,2,1407.25,2814.5
PO-2025-00324,2,PIP-FLG80,Slip on flange 80mm table D,6,384.99,2309.94
PO-2026-00325,1,INS-PRS16,Pressure transmitter 0 to 16 bar 4 to 20mA,50,5484.73,274236.5
PO-2026-00326,1,LUB-HYD46,Hydraulic oil ISO 46 20 litre,1,983.58,983.58
PO-2026-00326,2,LUB-EP220,Gear oil EP220 208 litre drum,1,10982.92,10982.92
PO-2026-00326,3,LUB-GRS18,Lithium complex grease EP2 18kg,5,2846.62,14233.1
PO-2026-00327,1,HDW-PDL50,Brass padlock 50mm keyed alike,1,305.62,305.62
PO-2026-00328,1,MTR-55KW4,Electric motor 5.5kW 4 pole foot mount,2,10469.98,20939.96
PO-2025-00329,1,INS-TMP01,PT100 temperature probe with head,2,2015.69,4031.38
PO-2025-00329,2,INS-PRS16,Pressure transmitter 0 to 16 bar 4 to 20mA,2,4595.88,9191.76
PO-2026-00330,1,CHM-RUS05,Rust converter 5 litre,8,721.61,5772.88
PO-2026-00331,1,PPE-BOOT8,Safety boot steel toe size 8 pair,5,464.58,2322.9
PO-2026-00331,2,PPE-GLV10,Cut resistant glove level 5 pair,5,183.41,917.05
PO-2026-00331,3,PPE-HRN01,Full body safety harness double lanyard,2,1860.64,3721.28
PO-2026-00332,1,PIP-FLG80,Slip on flange 80mm table D,2,442.18,884.36
PO-2026-00332,2,PIP-GAL50,Galvanised pipe 50mm medium 6m,8,1073.16,8585.28
PO-2026-00333,1,HYD-FIT12,Swaged fitting 1/2 BSP male,10,186.5,1865.0
PO-2026-00334,1,PNU-CMP75,Screw compressor service kit 7.5kW,2,6023.69,12047.38
PO-2026-00335,1,WLD-MIG08,MIG wire 0.8mm 15kg spool,2,905.65,1811.3
PO-2026-00335,2,WLD-HLM01,Auto darkening welding helmet,1,2007.4,2007.4
PO-2026-00335,3,WLD-E6013,Welding electrode E6013 3.2mm 5kg,8,385.4,3083.2
PO-2026-00336,1,REF-GAS404,Refrigerant R404a 10kg cylinder,25,8046.01,201150.25
PO-2025-00337,1,HDW-PDL50,Brass padlock 50mm keyed alike,5,244.67,1223.35
PO-2025-00337,2,HDW-CST100,Swivel castor 100mm braked,5,385.98,1929.9
PO-2026-00338,1,INS-PRS16,Pressure transmitter 0 to 16 bar 4 to 20mA,5,5577.7,27888.5
PO-2026-00339,1,INS-PRS16,Pressure transmitter 0 to 16 bar 4 to 20mA,1,7637.25,7637.25
PO-2026-00339,2,INS-TMP01,PT100 temperature probe with head,20,1578.82,31576.4
PO-2025-00340,1,MHD-SLG03,Webbing sling 3 ton 4 metre,10,1273.03,12730.3
PO-2025-00340,2,MHD-FRK25,Forklift fork 2500kg pair class 2,25,11975.72,299393.0
PO-2026-00341,1,TLS-GRN230,Angle grinder 230mm 2400W,4,3190.42,12761.68
PO-2026-00342,1,PNT-PRM20,Zinc phosphate primer 20 litre,2,3868.95,7737.9
PO-2026-00342,2,PNT-EPX20,Two pack epoxy enamel 20 litre,50,4192.48,209624.0
PO-2025-00343,1,MTR-55KW4,Electric motor 5.5kW 4 pole foot mount,6,8840.54,53043.24
PO-2025-00344,1,STL-ANG40,Equal angle 40 x 40 x 5mm 6m,1,586.53,586.53
PO-2025-00344,2,STL-PL6MS,Mild steel plate 6mm 1000 x 2000,20,1851.54,37030.8
PO-2025-00344,3,STL-RD304,Stainless round bar 304 20mm 6m,3,2579.46,7738.38
PO-2025-00344,4,STL-SQ50,Square tube 50 x 50 x 3mm 6m length,1,635.86,635.86
PO-2026-00345,1,MTR-REW11,Motor rewind 11kW including bearings,2,9991.23,19982.46
PO-2026-00345,2,MTR-55KW4,Electric motor 5.5kW 4 pole foot mount,4,8945.74,35782.96
PO-2025-00346,1,FST-ANC12,Chemical anchor stud M12 x 160,2,64.04,128.08
PO-2025-00346,2,FST-M12X60,Hex bolt M12 x 60 grade 8.8 box of 100,10,1108.96,11089.6
PO-2026-00347,1,DRV-TL2517,Taper lock bush 2517 x 45mm,2,635.2,1270.4
PO-2026-00347,2,DRV-SPB2120,SPB section V belt 2120mm,25,257.52,6438.0
PO-2026-00347,3,BRG-6205,Deep groove ball bearing 6205 2RS,4,271.33,1085.32
PO-2025-00348,1,REF-GAS404,Refrigerant R404a 10kg cylinder,10,8079.44,80794.4
PO-2025-00349,1,CHM-DEG25,Industrial degreaser 25 litre,8,1634.03,13072.24
PO-2025-00349,2,CHM-RUS05,Rust converter 5 litre,4,1089.26,4357.04
PO-2026-00350,1,INS-PRS16,Pressure transmitter 0 to 16 bar 4 to 20mA,4,6834.7,27338.8
PO-2026-00350,2,INS-TMP01,PT100 temperature probe with head,3,1752.7,5258.1
PO-2026-00351,1,INS-PRS16,Pressure transmitter 0 to 16 bar 4 to 20mA,6,5575.91,33455.46
PO-2026-00351,2,INS-TMP01,PT100 temperature probe with head,3,1301.72,3905.16
PO-2026-00352,1,BRG-22216,Spherical roller bearing 22216 E,10,3811.08,38110.8
PO-2026-00352,2,DRV-TL2517,Taper lock bush 2517 x 45mm,6,586.15,3516.9
PO-2026-00353,1,HYD-CYL80,Hydraulic cylinder 80 bore 400 stroke,4,10605.25,42421.0
PO-2026-00354,1,MTR-55KW4,Electric motor 5.5kW 4 pole foot mount,1,7046.44,7046.44
PO-2026-00354,2,MTR-REW11,Motor rewind 11kW including bearings,5,11013.4,55067.0
PO-2025-00355,1,PPE-HRN01,Full body safety harness double lanyard,2,1576.89,3153.78
PO-2025-00355,2,PPE-GLV10,Cut resistant glove level 5 pair,2,157.31,314.62
PO-2025-00356,1,LUB-GRS18,Lithium complex grease EP2 18kg,4,2329.51,9318.04
PO-2026-00357,1,FST-M12X60,Hex bolt M12 x 60 grade 8.8 box of 100,3,1100.42,3301.26
PO-2026-00358,1,HYD-FIT12,Swaged fitting 1/2 BSP male,5,101.77,508.85
PO-2025-00359,1,STL-RD304,Stainless round bar 304 20mm 6m,10,2222.52,22225.2
PO-2025-00359,2,STL-SQ50,Square tube 50 x 50 x 3mm 6m length,5,836.81,4184.05
PO-2025-00359,3,STL-ANG40,Equal angle 40 x 40 x 5mm 6m,12,758.19,9098.28
PO-2025-00359,4,STL-PL6MS,Mild steel plate 6mm 1000 x 2000,2,2046.84,4093.68
PO-2025-00360,1,MHD-SLG03,Webbing sling 3 ton 4 metre,2,1256.68,2513.36
PO-2025-00360,2,MHD-FRK25,Forklift fork 2500kg pair class 2,3,11892.81,35678.43
PO-2026-00361,1,PIP-GAL50,Galvanised pipe 50mm medium 6m,1,1329.65,1329.65
PO-2026-00362,1,SEL-ORK01,O ring kit nitrile 382 piece,1,1535.15,1535.15
PO-2026-00362,2,SEL-OIL45,Oil seal 45 x 65 x 10 nitrile,20,126.22,2524.4
PO-2026-00362,3,SEL-GSK150,Full face gasket 150mm rubber insertion,10,244.27,2442.7
PO-2026-00363,1,HDW-PDL50,Brass padlock 50mm keyed alike,1,228.25,228.25
PO-2026-00364,1,SEL-OIL45,Oil seal 45 x 65 x 10 nitrile,8,132.96,1063.68
PO-2026-00365,1,MHD-FRK25,Forklift fork 2500kg pair class 2,1,9519.23,9519.23
PO-2026-00365,2,MHD-SLG03,Webbing sling 3 ton 4 metre,1,1296.87,1296.87
PO-2026-00366,1,CNV-PUL400,Drum pulley 400mm lagged,3,8835.66,26506.98
PO-2026-00366,2,CNV-IDL152,Trough idler set 152mm 650 belt,12,2545.55,30546.6
PO-2026-00366,3,CNV-BLT650,Conveyor belting 650mm 3 ply per metre,2,886.66,1773.32
PO-2025-00367,1,MTR-REW11,Motor rewind 11kW including bearings,6,12660.56,75963.36
PO-2026-00368,1,TLS-GRN230,Angle grinder 230mm 2400W,1,3145.13,3145.13
PO-2026-00368,2,TLS-DRL18,Cordless drill 18V two battery kit,1,3470.27,3470.27
PO-2025-00369,1,MHD-SLG03,Webbing sling 3 ton 4 metre,1,930.55,930.55
PO-2025-00369,2,MHD-FRK25,Forklift fork 2500kg pair class 2,8,10248.27,81986.16
PO-2025-00370,1,PKG-STR48,Strapping band 16mm x 1000m,4,1162.53,4650.12
PO-2025-00370,2,PKG-PLT12,Pallet wrap 500mm 20 micron roll,2,299.52,599.04
PO-2026-00371,1,DRV-TL2517,Taper lock bush 2517 x 45mm,6,464.53,2787.18
PO-2026-00371,2,BRG-6205,Deep groove ball bearing 6205 2RS,5,399.27,1996.35
PO-2026-00371,3,BRG-22216,Spherical roller bearing 22216 E,3,2171.78,6515.34
PO-2026-00371,4,DRV-SPB2120,SPB section V belt 2120mm,6,441.09,2646.54
PO-2026-00372,1,CNV-IDL152,Trough idler set 152mm 650 belt,50,2398.24,119912.0
PO-2026-00372,2,CNV-BLT650,Conveyor belting 650mm 3 ply per metre,1,1003.13,1003.13
PO-2026-00372,3,CNV-PUL400,Drum pulley 400mm lagged,2,9286.36,18572.72
PO-2026-00373,1,PLA-PER06,Perspex sheet 6mm 1000 x 2000,6,3437.1,20622.6
PO-2026-00373,2,PLA-HDPE10,HDPE sheet 10mm 1000 x 2000,1,3983.82,3983.82
PO-2026-00374,1,HYD-CYL80,Hydraulic cylinder 80 bore 400 stroke,6,10627.53,63765.18
PO-2026-00374,2,HYD-PMP45,Gear pump 45cc SAE B,6,5518.24,33109.44
PO-2026-00375,1,FST-ANC12,Chemical anchor stud M12 x 160,20,86.17,1723.4
PO-2026-00376,1,PNU-FRL12,Filter regulator lubricator 1/2 inch,1,2045.5,2045.5
PO-2026-00377,1,INS-TMP01,PT100 temperature probe with head,20,1686.59,33731.8
PO-2026-00377,2,INS-PRS16,Pressure transmitter 0 to 16 bar 4 to 20mA,8,6708.54,53668.32
PO-2026-00378,1,PNT-EPX20,Two pack epoxy enamel 20 litre,5,5233.6,26168.0
PO-2026-00378,2,PNT-PRM20,Zinc phosphate primer 20 litre,1,2917.79,2917.79
PO-2026-00379,1,MTR-REW11,Motor rewind 11kW including bearings,12,8262.77,99153.24
PO-2026-00379,2,MTR-55KW4,Electric motor 5.5kW 4 pole foot mount,4,9726.15,38904.6
PO-2026-00380,1,HYD-2SN12,Hydraulic hose 2SN 1/2 inch per metre,2,297.71,595.42
PO-2026-00381,1,ELE-SWA4C,SWA cable 4 core 16mm per metre,5,400.51,2002.55
PO-2026-00382,1,SEL-ORK01,O ring kit nitrile 382 piece,25,1343.64,33591.0
PO-2026-00382,2,SEL-OIL45,Oil seal 45 x 65 x 10 nitrile,25,94.08,2352.0
PO-2026-00383,1,PLA-PER06,Perspex sheet 6mm 1000 x 2000,12,3176.79,38121.48
PO-2025-00384,1,HDW-PDL50,Brass padlock 50mm keyed alike,4,281.03,1124.12
PO-2026-00385,1,PNU-CYL63,Pneumatic cylinder 63 bore 200 stroke,1,2931.2,2931.2
PO-2025-00386,1,PNU-CYL63,Pneumatic cylinder 63 bore 200 stroke,1,3072.09,3072.09
PO-2025-00387,1,WLD-MIG08,MIG wire 0.8mm 15kg spool,2,1391.37,2782.74
PO-2025-00387,2,WLD-HLM01,Auto darkening welding helmet,4,1491.08,5964.32
PO-2025-00387,3,WLD-E6013,Welding electrode E6013 3.2mm 5kg,2,547.17,1094.34
PO-2026-00388,1,STL-SQ50,Square tube 50 x 50 x 3mm 6m length,1,1081.18,1081.18
PO-2026-00389,1,PNU-CMP75,Screw compressor service kit 7.5kW,3,6036.37,18109.11
PO-2026-00389,2,PNU-FRL12,Filter regulator lubricator 1/2 inch,50,2201.7,110085.0
PO-2026-00389,3,PNU-CYL63,Pneumatic cylinder 63 bore 200 stroke,10,2166.38,21663.8
PO-2026-00390,1,STL-SQ50,Square tube 50 x 50 x 3mm 6m length,1,924.01,924.01
PO-2026-00391,1,PLA-HDPE10,HDPE sheet 10mm 1000 x 2000,3,2641.16,7923.48
PO-2026-00391,2,PLA-PER06,Perspex sheet 6mm 1000 x 2000,3,2485.89,7457.67
PO-2026-00392,1,BRG-6205,Deep groove ball bearing 6205 2RS,12,557.67,6692.04
PO-2026-00392,2,DRV-SPB2120,SPB section V belt 2120mm,1,395.8,395.8
PO-2026-00392,3,BRG-22216,Spherical roller bearing 22216 E,6,2002.83,12016.98
PO-2026-00393,1,CHM-RUS05,Rust converter 5 litre,1,695.91,695.91
PO-2025-00394,1,PPE-BOOT8,Safety boot steel toe size 8 pair,20,530.17,10603.4
PO-2025-00394,2,PPE-HRN01,Full body safety harness double lanyard,1,1721.17,1721.17
PO-2026-00395,1,STL-SQ50,Square tube 50 x 50 x 3mm 6m length,8,641.72,5133.76
PO-2025-00396,1,CNV-PUL400,Drum pulley 400mm lagged,3,10507.51,31522.53
PO-2025-00396,2,CNV-BLT650,Conveyor belting 650mm 3 ply per metre,12,721.4,8656.8
PO-2025-00397,1,MTR-REW11,Motor rewind 11kW including bearings,6,7410.18,44461.08
PO-2025-00397,2,MTR-55KW4,Electric motor 5.5kW 4 pole foot mount,5,7230.3,36151.5
PO-2026-00398,1,HDW-CST100,Swivel castor 100mm braked,10,224.65,2246.5
PO-2026-00398,2,HDW-PDL50,Brass padlock 50mm keyed alike,2,167.15,334.3
PO-2026-00399,1,PLA-PER06,Perspex sheet 6mm 1000 x 2000,1,2483.36,2483.36
PO-2026-00399,2,PLA-HDPE10,HDPE sheet 10mm 1000 x 2000,2,4264.77,8529.54
PO-2026-00400,1,PIP-FLG80,Slip on flange 80mm table D,6,385.3,2311.8
PO-2026-00400,2,PIP-GAL50,Galvanised pipe 50mm medium 6m,8,1632.17,13057.36
PO-2026-00401,1,PPE-BOOT8,Safety boot steel toe size 8 pair,2,643.43,1286.86
PO-2026-00401,2,PPE-HRN01,Full body safety harness double lanyard,4,2624.3,10497.2
PO-2026-00401,3,PPE-HAT01,Hard hat vented with ratchet,12,127.38,1528.56
PO-2026-00402,1,MTR-REW11,Motor rewind 11kW including bearings,25,10310.15,257753.75
PO-2026-00403,1,PNU-FRL12,Filter regulator lubricator 1/2 inch,8,1593.73,12749.84
PO-2026-00403,2,PNU-CMP75,Screw compressor service kit 7.5kW,5,6127.92,30639.6
PO-2026-00403,3,PNU-CYL63,Pneumatic cylinder 63 bore 200 stroke,1,2234.96,2234.96
PO-2025-00404,1,TLS-GRN230,Angle grinder 230mm 2400W,2,2411.93,4823.86
PO-2025-00404,2,TLS-TRQ34,Torque wrench 3/4 drive 100 to 500Nm,5,5921.9,29609.5
PO-2025-00404,3,TLS-DRL18,Cordless drill 18V two battery kit,5,3624.38,18121.9
PO-2026-00405,1,WLD-MIG08,MIG wire 0.8mm 15kg spool,4,1386.9,5547.6
PO-2026-00405,2,WLD-E6013,Welding electrode E6013 3.2mm 5kg,20,509.03,10180.6
PO-2026-00405,3,WLD-HLM01,Auto darkening welding helmet,20,2066.05,41321.0
PO-2025-00406,1,PIP-GAL50,Galvanised pipe 50mm medium 6m,10,1537.98,15379.8
PO-2025-00406,2,PIP-FLG80,Slip on flange 80mm table D,2,361.21,722.42
PO-2026-00407,1,CHM-RUS05,Rust converter 5 litre,12,1167.2,14006.4
PO-2026-00407,2,CHM-DEG25,Industrial degreaser 25 litre,12,1039.17,12470.04
PO-2026-00408,1,TLS-TRQ34,Torque wrench 3/4 drive 100 to 500Nm,1,4508.26,4508.26
PO-2026-00408,2,TLS-DRL18,Cordless drill 18V two battery kit,12,4055.42,48665.04
PO-2026-00408,3,TLS-GRN230,Angle grinder 230mm 2400W,12,3526.36,42316.32
PO-2026-00409,1,PMP-CEN55,Centrifugal pump 5.5kW end suction,2,22955.24,45910.48
PO-2026-00409,2,VLV-BF100,Butterfly valve 100mm lever operated,1,2780.23,2780.23
PO-2025-00410,1,PPE-HAT01,Hard hat vented with ratchet,3,155.64,466.92
PO-2026-00411,1,HDW-PDL50,Brass padlock 50mm keyed alike,1,198.63,198.63
PO-2026-00412,1,DRV-SPB2120,SPB section V belt 2120mm,5,458.67,2293.35
PO-2026-00413,1,SEL-ORK01,O ring kit nitrile 382 piece,50,1084.5,54225.0
PO-2026-00414,1,MTR-REW11,Motor rewind 11kW including bearings,5,9739.74,48698.7
PO-2025-00415,1,ELE-BAT100,Deep cycle battery 100Ah,4,3849.1,15396.4
PO-2026-00416,1,PKG-PLT12,Pallet wrap 500mm 20 micron roll,12,324.78,3897.36
PO-2025-00417,1,PIP-FLG80,Slip on flange 80mm table D,3,425.3,1275.9
PO-2025-00417,2,PIP-GAL50,Galvanised pipe 50mm medium 6m,2,993.99,1987.98
PO-2026-00418,1,BRG-22216,Spherical roller bearing 22216 E,10,2031.92,20319.2
PO-2026-00418,2,DRV-TL2517,Taper lock bush 2517 x 45mm,3,411.5,1234.5
PO-2026-00418,3,DRV-SPB2120,SPB section V belt 2120mm,1,386.05,386.05
PO-2025-00419,1,WLD-MIG08,MIG wire 0.8mm 15kg spool,12,823.49,9881.88
PO-2025-00419,2,WLD-HLM01,Auto darkening welding helmet,3,1182.93,3548.79
PO-2026-00420,1,PPE-GLV10,Cut resistant glove level 5 pair,1,108.47,108.47
PO-2026-00420,2,PPE-BOOT8,Safety boot steel toe size 8 pair,4,777.85,3111.4
PO-2026-00420,3,PPE-HRN01,Full body safety harness double lanyard,3,2603.55,7810.65
PO-2026-00420,4,PPE-HAT01,Hard hat vented with ratchet,1,136.85,136.85
PO-2026-00421,1,HYD-FIT12,Swaged fitting 1/2 BSP male,1,120.33,120.33
PO-2026-00421,2,HYD-PMP45,Gear pump 45cc SAE B,6,7601.62,45609.72
PO-2026-00421,3,HYD-2SN12,Hydraulic hose 2SN 1/2 inch per metre,3,291.16,873.48
PO-2026-00422,1,WLD-E6013,Welding electrode E6013 3.2mm 5kg,8,498.55,3988.4
PO-2026-00422,2,WLD-HLM01,Auto darkening welding helmet,4,1740.94,6963.76
PO-2026-00423,1,PLA-PER06,Perspex sheet 6mm 1000 x 2000,3,2896.76,8690.28
PO-2025-00424,1,DRV-TL2517,Taper lock bush 2517 x 45mm,2,528.65,1057.3
PO-2025-00424,2,BRG-6205,Deep groove ball bearing 6205 2RS,8,497.02,3976.16
PO-2025-00424,3,BRG-22216,Spherical roller bearing 22216 E,10,3976.23,39762.3
PO-2026-00425,1,PIP-GAL50,Galvanised pipe 50mm medium 6m,1,1751.04,1751.04
PO-2026-00425,2,PIP-FLG80,Slip on flange 80mm table D,4,449.03,1796.12
PO-2025-00426,1,FST-ANC12,Chemical anchor stud M12 x 160,8,80.0,640.0
PO-2026-00427,1,PIP-GAL50,Galvanised pipe 50mm medium 6m,20,1016.01,20320.2
PO-2026-00427,2,PIP-FLG80,Slip on flange 80mm table D,5,551.76,2758.8
PO-2025-00428,1,STL-RD304,Stainless round bar 304 20mm 6m,1,2610.15,2610.15
PO-2025-00428,2,STL-PL6MS,Mild steel plate 6mm 1000 x 2000,1,1853.05,1853.05
PO-2026-00429,1,PLA-HDPE10,HDPE sheet 10mm 1000 x 2000,4,2957.3,11829.2
PO-2026-00430,1,PIP-FLG80,Slip on flange 80mm table D,2,486.84,973.68
PO-2026-00431,1,STL-ANG40,Equal angle 40 x 40 x 5mm 6m,12,676.58,8118.96
PO-2026-00431,2,STL-RD304,Stainless round bar 304 20mm 6m,8,1451.85,11614.8
PO-2026-00432,1,LUB-GRS18,Lithium complex grease EP2 18kg,6,1811.1,10866.6
PO-2026-00433,1,PPE-BOOT8,Safety boot steel toe size 8 pair,3,589.05,1767.15
PO-2026-00433,2,PPE-HAT01,Hard hat vented with ratchet,6,143.01,858.06
PO-2026-00434,1,FST-NUTM12,Hex nut M12 grade 8 box of 200,20,690.35,13807.0
PO-2025-00435,1,PNU-CYL63,Pneumatic cylinder 63 bore 200 stroke,5,2344.64,11723.2
PO-2025-00435,2,PNU-CMP75,Screw compressor service kit 7.5kW,6,6920.94,41525.64
PO-2025-00435,3,PNU-FRL12,Filter regulator lubricator 1/2 inch,20,1697.61,33952.2
PO-2026-00436,1,SEL-GSK150,Full face gasket 150mm rubber insertion,10,250.82,2508.2
PO-2026-00437,1,BRG-6205,Deep groove ball bearing 6205 2RS,25,422.37,10559.25
PO-2026-00438,1,HYD-FIT12,Swaged fitting 1/2 BSP male,6,117.09,702.54
PO-2026-00438,2,HYD-CYL80,Hydraulic cylinder 80 bore 400 stroke,2,7374.9,14749.8
PO-2026-00439,1,DRV-SPB2120,SPB section V belt 2120mm,1,421.89,421.89
PO-2025-00440,1,ELE-SWA4C,SWA cable 4 core 16mm per metre,20,322.18,6443.6
PO-2025-00440,2,ELE-BAT100,Deep cycle battery 100Ah,1,2235.67,2235.67
PO-2025-00440,3,ELE-CON40,Contactor 40A 230V coil,5,1371.62,6858.1
PO-2026-00441,1,STL-PL6MS,Mild steel plate 6mm 1000 x 2000,25,1893.8,47345.0
PO-2026-00441,2,STL-ANG40,Equal angle 40 x 40 x 5mm 6m,10,721.99,7219.9
PO-2026-00441,3,STL-RD304,Stainless round bar 304 20mm 6m,10,2583.4,25834.0
PO-2026-00441,4,STL-SQ50,Square tube 50 x 50 x 3mm 6m length,50,652.56,32628.0
PO-2025-00442,1,BRG-6205,Deep groove ball bearing 6205 2RS,1,158.13,158.13
PO-2025-00442,2,DRV-TL2517,Taper lock bush 2517 x 45mm,2,407.33,814.66
PO-2025-00442,3,BRG-22216,Spherical roller bearing 22216 E,3,3671.65,11014.95
PO-2025-00442,4,DRV-SPB2120,SPB section V belt 2120mm,12,311.87,3742.44
PO-2026-00443,1,WLD-E6013,Welding electrode E6013 3.2mm 5kg,3,380.09,1140.27
PO-2026-00443,2,WLD-MIG08,MIG wire 0.8mm 15kg spool,2,892.06,1784.12
PO-2026-00443,3,WLD-HLM01,Auto darkening welding helmet,6,1441.43,8648.58
PO-2026-00444,1,CHM-DEG25,Industrial degreaser 25 litre,20,1251.35,25027.0
PO-2026-00444,2,CHM-RUS05,Rust converter 5 litre,12,1090.12,13081.44
PO-2026-00445,1,HDW-PDL50,Brass padlock 50mm keyed alike,4,255.9,1023.6
PO-2026-00446,1,HDW-PDL50,Brass padlock 50mm keyed alike,4,221.1,884.4
PO-2026-00446,2,HDW-CST100,Swivel castor 100mm braked,12,291.19,3494.28
PO-2025-00447,1,PLA-PER06,Perspex sheet 6mm 1000 x 2000,1,2126.14,2126.14
PO-2025-00447,2,PLA-HDPE10,HDPE sheet 10mm 1000 x 2000,1,3708.68,3708.68
PO-2026-00448,1,STL-PL6MS,Mild steel plate 6mm 1000 x 2000,10,2573.68,25736.8
PO-2026-00448,2,STL-RD304,Stainless round bar 304 20mm 6m,3,1874.8,5624.4
PO-2026-00448,3,STL-ANG40,Equal angle 40 x 40 x 5mm 6m,1,657.07,657.07
PO-2026-00448,4,STL-SQ50,Square tube 50 x 50 x 3mm 6m length,10,1034.01,10340.1
PO-2026-00449,1,PLA-HDPE10,HDPE sheet 10mm 1000 x 2000,5,3766.96,18834.8
PO-2026-00449,2,PLA-PER06,Perspex sheet 6mm 1000 x 2000,3,2669.53,8008.59
PO-2026-00450,1,MHD-SLG03,Webbing sling 3 ton 4 metre,2,1271.02,2542.04
PO-2026-00450,2,MHD-FRK25,Forklift fork 2500kg pair class 2,1,9835.25,9835.25
PO-2026-00451,1,HDW-PDL50,Brass padlock 50mm keyed alike,1,228.36,228.36
PO-2026-00451,2,HDW-CST100,Swivel castor 100mm braked,12,277.74,3332.88
PO-2026-00452,1,INS-TMP01,PT100 temperature probe with head,2,1564.01,3128.02
PO-2026-00453,1,INS-PRS16,Pressure transmitter 0 to 16 bar 4 to 20mA,10,5854.49,58544.9
PO-2026-00454,1,DRV-TL2517,Taper lock bush 2517 x 45mm,1,384.59,384.59
PO-2026-00455,1,ABR-CUT230,Cutting disc 230 x 3 x 22 box of 25,50,735.75,36787.5
PO-2026-00456,1,MHD-SLG03,Webbing sling 3 ton 4 metre,4,994.53,3978.12
PO-2026-00456,2,MHD-FRK25,Forklift fork 2500kg pair class 2,1,13092.38,13092.38
PO-2026-00457,1,HYD-PMP45,Gear pump 45cc SAE B,50,7603.17,380158.5
PO-2026-00458,1,DRV-SPB2120,SPB section V belt 2120mm,1,285.68,285.68
PO-2026-00459,1,INS-PRS16,Pressure transmitter 0 to 16 bar 4 to 20mA,1,6570.41,6570.41
PO-2026-00459,2,INS-TMP01,PT100 temperature probe with head,4,1336.1,5344.4
PO-2026-00460,1,HYD-FIT12,Swaged fitting 1/2 BSP male,5,122.52,612.6
PO-2026-00460,2,HYD-2SN12,Hydraulic hose 2SN 1/2 inch per metre,2,252.39,504.78
PO-2026-00460,3,HYD-CYL80,Hydraulic cylinder 80 bore 400 stroke,5,11787.25,58936.25
PO-2026-00461,1,STL-SQ50,Square tube 50 x 50 x 3mm 6m length,10,887.05,8870.5
PO-2026-00462,1,ABR-FLP125,Flap disc 125mm 60 grit box of 10,5,615.16,3075.8
PO-2026-00463,1,FST-NUTM12,Hex nut M12 grade 8 box of 200,3,715.73,2147.19
PO-2026-00463,2,FST-ANC12,Chemical anchor stud M12 x 160,2,47.77,95.54
PO-2026-00464,1,HYD-CYL80,Hydraulic cylinder 80 bore 400 stroke,12,10352.22,124226.64
PO-2026-00465,1,STL-SQ50,Square tube 50 x 50 x 3mm 6m length,3,970.04,2910.12
PO-2026-00465,2,STL-PL6MS,Mild steel plate 6mm 1000 x 2000,1,3265.86,3265.86
PO-2026-00466,1,PNT-PRM20,Zinc phosphate primer 20 litre,3,2149.64,6448.92
PO-2026-00466,2,PNT-EPX20,Two pack epoxy enamel 20 litre,1,4033.37,4033.37
PO-2026-00467,1,FST-NUTM12,Hex nut M12 grade 8 box of 200,20,769.52,15390.4
PO-2026-00468,1,PPE-BOOT8,Safety boot steel toe size 8 pair,8,761.71,6093.68
PO-2026-00468,2,PPE-GLV10,Cut resistant glove level 5 pair,6,126.02,756.12
PO-2026-00469,1,PKG-PLT12,Pallet wrap 500mm 20 micron roll,5,329.2,1646.0
PO-2026-00469,2,PKG-STR48,Strapping band 16mm x 1000m,2,1110.4,2220.8
PO-2026-00470,1,PLA-PER06,Perspex sheet 6mm 1000 x 2000,2,2817.78,5635.56
PO-2026-00470,2,PLA-HDPE10,HDPE sheet 10mm 1000 x 2000,4,3512.54,14050.16
PO-2026-00471,1,INS-PRS16,Pressure transmitter 0 to 16 bar 4 to 20mA,6,4468.31,26809.86
PO-2025-00472,1,PNT-PRM20,Zinc phosphate primer 20 litre,2,3691.76,7383.52
PO-2025-00472,2,PNT-EPX20,Two pack epoxy enamel 20 litre,2,4291.84,8583.68
PO-2026-00473,1,INS-TMP01,PT100 temperature probe with head,25,1621.78,40544.5
PO-2026-00473,2,INS-PRS16,Pressure transmitter 0 to 16 bar 4 to 20mA,6,7478.35,44870.1
PO-2026-00474,1,MTR-55KW4,Electric motor 5.5kW 4 pole foot mount,10,9864.94,98649.4
PO-2026-00474,2,MTR-REW11,Motor rewind 11kW including bearings,25,8291.65,207291.25
PO-2026-00475,1,REF-CMP15,Refrigeration compressor 15HP semi hermetic,5,37569.94,187849.7
PO-2026-00475,2,REF-GAS404,Refrigerant R404a 10kg cylinder,10,8578.38,85783.8
PO-2026-00476,1,BRG-22216,Spherical roller bearing 22216 E,4,4058.39,16233.56
PO-2026-00476,2,DRV-TL2517,Taper lock bush 2517 x 45mm,3,508.25,1524.75
PO-2026-00476,3,BRG-6205,Deep groove ball bearing 6205 2RS,25,462.67,11566.75
PO-2026-00477,1,HDW-PDL50,Brass padlock 50mm keyed alike,20,176.59,3531.8
PO-2026-00477,2,HDW-CST100,Swivel castor 100mm braked,12,374.28,4491.36
PO-2025-00478,1,STL-PL6MS,Mild steel plate 6mm 1000 x 2000,12,3193.71,38324.52
PO-2025-00478,2,STL-RD304,Stainless round bar 304 20mm 6m,8,1904.42,15235.36
PO-2025-00478,3,STL-SQ50,Square tube 50 x 50 x 3mm 6m length,50,964.12,48206.0
PO-2026-00479,1,INS-TMP01,PT100 temperature probe with head,6,1418.31,8509.86
PO-2026-00479,2,INS-PRS16,Pressure transmitter 0 to 16 bar 4 to 20mA,8,5526.12,44208.96
PO-2026-00480,1,PIP-GAL50,Galvanised pipe 50mm medium 6m,2,1586.33,3172.66
PO-2025-00481,1,INS-TMP01,PT100 temperature probe with head,50,2118.49,105924.5
PO-2025-00482,1,CNV-PUL400,Drum pulley 400mm lagged,4,12850.96,51403.84
PO-2026-00483,1,PIP-GAL50,Galvanised pipe 50mm medium 6m,2,1363.09,2726.18
PO-2026-00483,2,PIP-FLG80,Slip on flange 80mm table D,10,380.44,3804.4
PO-2026-00484,1,FST-M12X60,Hex bolt M12 x 60 grade 8.8 box of 100,10,1140.72,11407.2
PO-2026-00484,2,FST-NUTM12,Hex nut M12 grade 8 box of 200,50,809.4,40470.0
PO-2026-00484,3,FST-ANC12,Chemical anchor stud M12 x 160,20,77.27,1545.4
PO-2026-00485,1,HYD-PMP45,Gear pump 45cc SAE B,1,5906.74,5906.74
PO-2026-00485,2,HYD-2SN12,Hydraulic hose 2SN 1/2 inch per metre,5,250.64,1253.2
PO-2025-00486,1,HYD-PMP45,Gear pump 45cc SAE B,3,5674.22,17022.66
PO-2026-00487,1,PNU-FRL12,Filter regulator lubricator 1/2 inch,1,1834.83,1834.83
PO-2025-00488,1,DRV-SPB2120,SPB section V belt 2120mm,10,271.73,2717.3
PO-2025-00488,2,DRV-TL2517,Taper lock bush 2517 x 45mm,2,412.11,824.22
PO-2025-00488,3,BRG-22216,Spherical roller bearing 22216 E,10,3207.52,32075.2
PO-2025-00488,4,BRG-6205,Deep groove ball bearing 6205 2RS,50,355.0,17750.0
PO-2026-00489,1,WLD-E6013,Welding electrode E6013 3.2mm 5kg,5,377.82,1889.1
PO-2025-00490,1,SEL-GSK150,Full face gasket 150mm rubber insertion,3,281.7,845.1
PO-2025-00490,2,SEL-OIL45,Oil seal 45 x 65 x 10 nitrile,3,142.12,426.36
PO-2025-00490,3,SEL-ORK01,O ring kit nitrile 382 piece,4,1417.23,5668.92
PO-2025-00491,1,PIP-FLG80,Slip on flange 80mm table D,6,638.5,3831.0
PO-2025-00491,2,PIP-GAL50,Galvanised pipe 50mm medium 6m,25,1620.02,40500.5
PO-2026-00492,1,DRV-TL2517,Taper lock bush 2517 x 45mm,1,468.97,468.97
PO-2026-00492,2,BRG-6205,Deep groove ball bearing 6205 2RS,20,223.8,4476.0
PO-2026-00492,3,DRV-SPB2120,SPB section V belt 2120mm,3,423.66,1270.98
PO-2026-00492,4,BRG-22216,Spherical roller bearing 22216 E,2,3399.63,6799.26
PO-2026-00493,1,TLS-TRQ34,Torque wrench 3/4 drive 100 to 500Nm,2,4686.07,9372.14
PO-2026-00493,2,TLS-DRL18,Cordless drill 18V two battery kit,12,2778.46,33341.52
PO-2026-00493,3,TLS-GRN230,Angle grinder 230mm 2400W,4,3240.61,12962.44
PO-2025-00494,1,INS-PRS16,Pressure transmitter 0 to 16 bar 4 to 20mA,8,6638.94,53111.52
PO-2025-00494,2,INS-TMP01,PT100 temperature probe with head,3,2101.43,6304.29
PO-2026-00495,1,MTR-REW11,Motor rewind 11kW including bearings,1,9358.26,9358.26
PO-2026-00496,1,PMP-CEN55,Centrifugal pump 5.5kW end suction,12,20541.9,246502.8
PO-2026-00496,2,VLV-GT80,Gate valve 80mm flanged,1,3361.59,3361.59
PO-2026-00497,1,ABR-FLP125,Flap disc 125mm 60 grit box of 10,3,696.29,2088.87
PO-2026-00498,1,TLS-TRQ34,Torque wrench 3/4 drive 100 to 500Nm,50,5075.23,253761.5
PO-2026-00498,2,TLS-GRN230,Angle grinder 230mm 2400W,6,2464.57,14787.42
PO-2026-00498,3,TLS-DRL18,Cordless drill 18V two battery kit,3,4134.13,12402.39
PO-2026-00499,1,DRV-TL2517,Taper lock bush 2517 x 45mm,5,345.45,1727.25
PO-2026-00499,2,BRG-22216,Spherical roller bearing 22216 E,3,3587.37,10762.11
PO-2026-00499,3,BRG-6205,Deep groove ball bearing 6205 2RS,6,466.35,2798.1
PO-2026-00500,1,HDW-PDL50,Brass padlock 50mm keyed alike,20,252.02,5040.4
PO-2026-00501,1,HYD-CYL80,Hydraulic cylinder 80 bore 400 stroke,12,11246.53,134958.36
PO-2026-00501,2,HYD-2SN12,Hydraulic hose 2SN 1/2 inch per metre,8,190.7,1525.6
PO-2026-00502,1,WLD-HLM01,Auto darkening welding helmet,10,1446.77,14467.7
PO-2026-00503,1,PIP-GAL50,Galvanised pipe 50mm medium 6m,4,1715.42,6861.68
PO-2026-00503,2,PIP-FLG80,Slip on flange 80mm table D,6,556.77,3340.62
PO-2025-00504,1,WLD-HLM01,Auto darkening welding helmet,1,1523.03,1523.03
PO-2025-00504,2,WLD-E6013,Welding electrode E6013 3.2mm 5kg,2,454.56,909.12
PO-2025-00504,3,WLD-MIG08,MIG wire 0.8mm 15kg spool,20,1323.0,26460.0
PO-2025-00505,1,SEL-GSK150,Full face gasket 150mm rubber insertion,4,165.96,663.84
PO-2025-00505,2,SEL-OIL45,Oil seal 45 x 65 x 10 nitrile,2,86.65,173.3
PO-2025-00505,3,SEL-ORK01,O ring kit nitrile 382 piece,2,1343.85,2687.7
PO-2026-00506,1,ELE-BAT100,Deep cycle battery 100Ah,4,3025.52,12102.08
PO-2026-00506,2,ELE-SWA4C,SWA cable 4 core 16mm per metre,10,232.33,2323.3
PO-2025-00507,1,FST-M12X60,Hex bolt M12 x 60 grade 8.8 box of 100,3,1313.9,3941.7
PO-2025-00508,1,PIP-FLG80,Slip on flange 80mm table D,5,393.44,1967.2
PO-2025-00508,2,PIP-GAL50,Galvanised pipe 50mm medium 6m,5,1698.77,8493.85
PO-2026-00509,1,STL-RD304,Stainless round bar 304 20mm 6m,8,2407.91,19263.28
PO-2026-00509,2,STL-PL6MS,Mild steel plate 6mm 1000 x 2000,12,3095.61,37147.32
PO-2026-00509,3,STL-ANG40,Equal angle 40 x 40 x 5mm 6m,3,811.69,2435.07
PO-2026-00509,4,STL-SQ50,Square tube 50 x 50 x 3mm 6m length,3,1065.81,3197.43
PO-2026-00510,1,PPE-GLV10,Cut resistant glove level 5 pair,1,121.14,121.14
PO-2026-00511,1,PPE-GLV10,Cut resistant glove level 5 pair,2,115.72,231.44
PO-2026-00512,1,WLD-E6013,Welding electrode E6013 3.2mm 5kg,3,363.43,1090.29
PO-2026-00512,2,WLD-HLM01,Auto darkening welding helmet,3,1766.94,5300.82
PO-2025-00513,1,DRV-TL2517,Taper lock bush 2517 x 45mm,12,635.5,7626.0
PO-2025-00513,2,DRV-SPB2120,SPB section V belt 2120mm,8,228.13,1825.04
PO-2026-00514,1,MHD-FRK25,Forklift fork 2500kg pair class 2,1,13209.41,13209.41
PO-2025-00515,1,SEL-GSK150,Full face gasket 150mm rubber insertion,1,157.16,157.16
PO-2026-00516,1,CNV-BLT650,Conveyor belting 650mm 3 ply per metre,8,862.57,6900.56
PO-2026-00516,2,CNV-IDL152,Trough idler set 152mm 650 belt,2,2242.12,4484.24
PO-2026-00516,3,CNV-PUL400,Drum pulley 400mm lagged,2,11245.78,22491.56
PO-2026-00517,1,HYD-PMP45,Gear pump 45cc SAE B,10,8269.76,82697.6
PO-2026-00518,1,PPE-HAT01,Hard hat vented with ratchet,1,152.55,152.55
PO-2026-00518,2,PPE-GLV10,Cut resistant glove level 5 pair,3,174.78,524.34
PO-2026-00518,3,PPE-BOOT8,Safety boot steel toe size 8 pair,10,642.85,6428.5
PO-2026-00518,4,PPE-HRN01,Full body safety harness double lanyard,12,2105.6,25267.2
PO-2026-00519,1,WLD-E6013,Welding electrode E6013 3.2mm 5kg,50,416.62,20831.0
PO-2026-00519,2,WLD-HLM01,Auto darkening welding helmet,3,2078.94,6236.82
PO-2026-00519,3,WLD-MIG08,MIG wire 0.8mm 15kg spool,1,823.05,823.05
PO-2025-00520,1,BRG-22216,Spherical roller bearing 22216 E,1,3076.14,3076.14
PO-2025-00520,2,BRG-6205,Deep groove ball bearing 6205 2RS,3,513.05,1539.15
PO-2025-00520,3,DRV-TL2517,Taper lock bush 2517 x 45mm,3,377.12,1131.36
PO-2025-00520,4,DRV-SPB2120,SPB section V belt 2120mm,2,440.9,881.8
