exception_id,invoice_id,invoice_number,supplier_id,supplier_name,invoice_date,po_number,total_incl_vat,code,control,severity,line_no,value_at_risk,detail,recommendation,extraction_method,extraction_confidence
137,INV-00166,006008,SUP-0022,Nigel Compressor Services (Pty) Ltd,2026-05-21,PO-2026-00225,282489.39,E06_BANK_CHANGE,Payment redirection fraud,HIGH,,282489.39,The invoice asks for payment into Nedbank account 0657675921. The master file holds Nedbank account 657675921 for Nigel Compressor Services (Pty) Ltd.,"Do not change the banking details off the back of a document. Phone the supplier on the number already held on file, never one printed on the invoice, and confirm before anything is paid.",rules_fallback,0.72
93,INV-00122,INV2688162,SUP-0012,Tshwane Pneumatics (Pty) Ltd,2026-06-04,PO-2026-00042,237235.23,E12_GOODS_NOT_RECEIVED,Three way match,HIGH,,237235.23,"Order PO-2026-00042 exists and the supplier has invoiced R237,235.23, but the warehouse has never booked anything in against it.","Confirm with the warehouse before paying. Either the delivery never arrived or it arrived and was not recorded, and both need fixing.",rules_fallback,0.72
150,INV-00179,INV2679092,SUP-0039,Robertsham Glass and Perspex (Pty) Ltd,2026-07-16,PO-2026-00069,130166.1,E12_GOODS_NOT_RECEIVED,Three way match,HIGH,,130166.1,"Order PO-2026-00069 exists and the supplier has invoiced R130,166.10, but the warehouse has never booked anything in against it.","Confirm with the warehouse before paying. Either the delivery never arrived or it arrived and was not recorded, and both need fixing.",rules_fallback,0.72
110,INV-00141,006010,SUP-0022,Nigel Compressor Services (Pty) Ltd,2025-12-10,PO-2025-00007,124416.91,E06_BANK_CHANGE,Payment redirection fraud,HIGH,,124416.91,The invoice asks for payment into None account 0657675921. The master file holds Nedbank account 657675921 for Nigel Compressor Services (Pty) Ltd.,"Do not change the banking details off the back of a document. Phone the supplier on the number already held on file, never one printed on the invoice, and confirm before anything is paid.",rules_fallback,0.72
124,INV-00152,TI2605846,SUP-0017,Roodepoort Motor Rewinds (Pty) Ltd,2026-04-23,PO-2026-00070,110961.55,E06_BANK_CHANGE,Payment redirection fraud,HIGH,,110961.55,The invoice asks for payment into ing Investec Account account 04168918377. The master file holds Investec account 4168918377 for Roodepoort Motor Rewinds (Pty) Ltd.,"Do not change the banking details off the back of a document. Phone the supplier on the number already held on file, never one printed on the invoice, and confirm before anything is paid.",rules_fallback,0.72
190,INV-00223,INV2508005,,Highveld Lubricants (Pty) Ltd Invoice No. INV2508005,2025-11-21,PO-2025-00315,110887.52,E07_UNAPPROVED_SUPPLIER,Vendor master control,HIGH,,110887.52,"The name on the invoice could not be matched to any supplier on the master file. R110,887.52 is being claimed by a party the company has no record of.",Do not pay until the supplier is identified and loaded properly. An unknown payee is how invoice fraud gets through.,rules_fallback,0.72
146,INV-00176,SI2506002,SUP-0022,Nigel Compressor Services (Pty) Ltd,2025-12-18,PO-2025-00283,102963.05,E06_BANK_CHANGE,Payment redirection fraud,HIGH,,102963.05,The invoice asks for payment into Nedbank account 0657675921. The master file holds Nedbank account 657675921 for Nigel Compressor Services (Pty) Ltd.,"Do not change the banking details off the back of a document. Phone the supplier on the number already held on file, never one printed on the invoice, and confirm before anything is paid.",rules_fallback,0.72
28,INV-00039,SI2605844,SUP-0017,Roodepoort Motor Rewinds (Pty) Ltd,2026-01-09,PO-2025-00367,87357.86,E06_BANK_CHANGE,Payment redirection fraud,HIGH,,87357.86,The invoice asks for payment into None account 04168918377. The master file holds Investec account 4168918377 for Roodepoort Motor Rewinds (Pty) Ltd.,"Do not change the banking details off the back of a document. Phone the supplier on the number already held on file, never one printed on the invoice, and confirm before anything is paid.",rules_fallback,0.72
70,INV-00096,INV2635829,SUP-0021,Witbank Belting (Pty) Ltd,2026-07-19,,79976.59,E04_NO_PO,Procurement compliance,MEDIUM,,79976.59,"No order number appears on the invoice. R79,976.59 is being claimed for goods nobody raised an order for.",Find out who ordered this and under what authority. Maverick spend is bought at whatever price the supplier felt like.,rules_fallback,0.72
71,INV-00096,INV2635829,SUP-0021,Witbank Belting (Pty) Ltd,2026-07-19,,79976.59,E07_UNAPPROVED_SUPPLIER,Vendor master control,HIGH,,79976.59,Witbank Belting (Pty) Ltd is on the system but was never approved by procurement.,"Route to procurement for vendor onboarding, including tax clearance and bank verification, before any payment is released.",rules_fallback,0.72
189,INV-00222,TI2606501,SUP-0037,Denver Crane Services (Pty) Ltd,2026-05-22,PO-2026-00150,600843.56,E11_INVALID_TAX_INVOICE,VAT recoverability,MEDIUM,,78370.9,"The supply is R600,843.56, above the R5 000 full tax invoice threshold, but the document is missing the supplier VAT registration number. The R78,370.90 of input VAT cannot be claimed as it stands.","Request a compliant tax invoice before the VAT return is filed. The goods can still be paid for, the input tax cannot be claimed.",rules_fallback,0.72
116,INV-00146,INV2508001,SUP-0006,Highveld Lubricants (Pty) Ltd,2025-11-10,PO-2025-00032,75974.12,E06_BANK_CHANGE,Payment redirection fraud,HIGH,,75974.12,The invoice asks for payment into None account 78748883154. The master file holds First National Bank account 173497462 for Highveld Lubricants (Pty) Ltd.,"Do not change the banking details off the back of a document. Phone the supplier on the number already held on file, never one printed on the invoice, and confirm before anything is paid.",rules_fallback,0.72
186,INV-00218,SI2605844,SUP-0017,Roodepoort Motor Rewinds (Pty) Ltd,2026-01-09,PO-2025-00367,75963.36,E06_BANK_CHANGE,Payment redirection fraud,HIGH,,75963.36,The invoice asks for payment into Investec account 04168918377. The master file holds Investec account 4168918377 for Roodepoort Motor Rewinds (Pty) Ltd.,"Do not change the banking details off the back of a document. Phone the supplier on the number already held on file, never one printed on the invoice, and confirm before anything is paid.",rules_fallback,0.72
187,INV-00218,SI2605844,SUP-0017,Roodepoort Motor Rewinds (Pty) Ltd,2026-01-09,PO-2025-00367,75963.36,E03_DUPLICATE,Duplicate payment prevention,HIGH,,75963.36,"Invoice number SI2605844 has already been captured as INV-00039 dated 2026-01-09 for R87,357.86.",Block the payment and mark it a duplicate. Confirm the original has not already gone out in an earlier run.,rules_fallback,0.72
144,INV-00175,INV2629388,SUP-0042,Crown Mines Motor Spares (Pty) Ltd,2026-10-15,PO-2026-96727,70010.48,E04_NO_PO,Procurement compliance,MEDIUM,,70010.48,"The invoice quotes PO-2026-96727, which does not exist on the purchasing system.","Query the number with the supplier. A wrong reference is usually a typing error, but it can also be an invoice aimed at the wrong company.",rules_fallback,0.72
15,INV-00020,INV2623514,SUP-0017,Roodepoort Motor Rewinds (Pty) Ltd,2026-07-17,,64111.19,E04_NO_PO,Procurement compliance,MEDIUM,,64111.19,"No order number appears on the invoice. R64,111.19 is being claimed for goods nobody raised an order for.",Find out who ordered this and under what authority. Maverick spend is bought at whatever price the supplier felt like.,rules_fallback,0.72
16,INV-00020,INV2623514,SUP-0017,Roodepoort Motor Rewinds (Pty) Ltd,2026-07-17,,64111.19,E06_BANK_CHANGE,Payment redirection fraud,HIGH,,64111.19,The invoice asks for payment into ing Investec Account account 04168918377. The master file holds Investec account 4168918377 for Roodepoort Motor Rewinds (Pty) Ltd.,"Do not change the banking details off the back of a document. Phone the supplier on the number already held on file, never one printed on the invoice, and confirm before anything is paid.",rules_fallback,0.72
85,INV-00113,005520A,SUP-0026,Brakpan Sheet Metal (Pty) Ltd,2025-12-12,PO-2025-00344,52890.31,E03_DUPLICATE,Duplicate payment prevention,HIGH,,52890.31,"R52,890.31 from the same supplier was already invoiced on 2025-12-05 under 005520. This one is dated 2025-12-12 under 005520A.",Two identical amounts days apart from one supplier is rarely a coincidence. Confirm with the supplier's statement before either is paid.,rules_fallback,0.72
181,INV-00208,004170,SUP-0045,Salt River Marine Fittings (Pty) Ltd,2025-12-31,PO-2025-00491,51456.7,E06_BANK_CHANGE,Payment redirection fraud,HIGH,,51456.7,The invoice asks for payment into Absa Bank account 037652732. The master file holds Absa Bank account 37652732 for Salt River Marine Fittings (Pty) Ltd.,"Do not change the banking details off the back of a document. Phone the supplier on the number already held on file, never one printed on the invoice, and confirm before anything is paid.",rules_fallback,0.72
211,INV-00253,003001,SUP-0001,Midrand Bearing Supplies (Pty) Ltd,2025-12-10,PO-2025-00424,50907.18,E03_DUPLICATE,Duplicate payment prevention,HIGH,,50907.18,"Invoice number 003001 has already been captured as INV-00047 dated 2025-12-10 for R50,907.18.",Block the payment and mark it a duplicate. Confirm the original has not already gone out in an earlier run.,rules_fallback,0.72
80,INV-00106,INV2649613,SUP-0025,Sasolburg Pipe and Fittings (Pty) Ltd,2026-05-18,,49133.74,E04_NO_PO,Procurement compliance,MEDIUM,,49133.74,"No order number appears on the invoice. R49,133.74 is being claimed for goods nobody raised an order for.",Find out who ordered this and under what authority. Maverick spend is bought at whatever price the supplier felt like.,rules_fallback,0.72
81,INV-00106,INV2649613,SUP-0025,Sasolburg Pipe and Fittings (Pty) Ltd,2026-05-18,,49133.74,E10_THRESHOLD_SPLIT,Delegation of authority,HIGH,,49133.74,"4 invoices from this supplier between 2026-05-11 and 2026-05-20 each sit just under the R50,000 approval limit and total R195,024.37, which needs Finance Manager sign off.",Treat the run as one commitment and route it to the level the combined value requires. Ask the requester why it was placed in pieces.,rules_fallback,0.72
105,INV-00136,INV2667882,SUP-0025,Sasolburg Pipe and Fittings (Pty) Ltd,2026-05-11,,49092.98,E04_NO_PO,Procurement compliance,MEDIUM,,49092.98,"No order number appears on the invoice. R49,092.98 is being claimed for goods nobody raised an order for.",Find out who ordered this and under what authority. Maverick spend is bought at whatever price the supplier felt like.,rules_fallback,0.72
106,INV-00136,INV2667882,SUP-0025,Sasolburg Pipe and Fittings (Pty) Ltd,2026-05-11,,49092.98,E10_THRESHOLD_SPLIT,Delegation of authority,HIGH,,49092.98,"4 invoices from this supplier between 2026-05-11 and 2026-05-20 each sit just under the R50,000 approval limit and total R195,024.37, which needs Finance Manager sign off.",Treat the run as one commitment and route it to the level the combined value requires. Ask the requester why it was placed in pieces.,rules_fallback,0.72
2,INV-00003,INV2666625,SUP-0025,Sasolburg Pipe and Fittings (Pty) Ltd,2026-05-20,,48530.95,E04_NO_PO,Procurement compliance,MEDIUM,,48530.95,"No order number appears on the invoice. R48,530.95 is being claimed for goods nobody raised an order for.",Find out who ordered this and under what authority. Maverick spend is bought at whatever price the supplier felt like.,rules_fallback,0.72
3,INV-00003,INV2666625,SUP-0025,Sasolburg Pipe and Fittings (Pty) Ltd,2026-05-20,,48530.95,E10_THRESHOLD_SPLIT,Delegation of authority,HIGH,,48530.95,"4 invoices from this supplier between 2026-05-11 and 2026-05-20 each sit just under the R50,000 approval limit and total R195,024.37, which needs Finance Manager sign off.",Treat the run as one commitment and route it to the level the combined value requires. Ask the requester why it was placed in pieces.,rules_fallback,0.72
95,INV-00126,INV2694939,SUP-0025,Sasolburg Pipe and Fittings (Pty) Ltd,2026-05-14,,48266.7,E04_NO_PO,Procurement compliance,MEDIUM,,48266.7,"No order number appears on the invoice. R48,266.70 is being claimed for goods nobody raised an order for.",Find out who ordered this and under what authority. Maverick spend is bought at whatever price the supplier felt like.,rules_fallback,0.72
96,INV-00126,INV2694939,SUP-0025,Sasolburg Pipe and Fittings (Pty) Ltd,2026-05-14,,48266.7,E10_THRESHOLD_SPLIT,Delegation of authority,HIGH,,48266.7,"4 invoices from this supplier between 2026-05-11 and 2026-05-20 each sit just under the R50,000 approval limit and total R195,024.37, which needs Finance Manager sign off.",Treat the run as one commitment and route it to the level the combined value requires. Ask the requester why it was placed in pieces.,rules_fallback,0.72
53,INV-00071,INV2607617,SUP-0042,Crown Mines Motor Spares (Pty) Ltd,2026-04-10,PO-2026-00402,257753.75,E08_ARITHMETIC,Mathematical accuracy,MEDIUM,,38663.06,"Subtotal R257,753.75 plus VAT R38,663.06 comes to R296,416.81, but the total demanded is R257,753.75.",Send it back for a corrected invoice before it reaches the payment run.,rules_fallback,0.72
154,INV-00184,INV2604267,SUP-0023,Modderfontein Chemicals (Pty) Ltd,2026-06-01,PO-2026-00121,38209.56,E06_BANK_CHANGE,Payment redirection fraud,HIGH,,38209.56,The invoice asks for payment into First National Bank account 72779060342. The master file holds Standard Bank account 9128660241 for Modderfontein Chemicals (Pty) Ltd.,"Do not change the banking details off the back of a document. Phone the supplier on the number already held on file, never one printed on the invoice, and confirm before anything is paid.",rules_fallback,0.72
169,INV-00199,TI2605898,SUP-0028,Wadeville Hose and Coupling (Pty) Ltd,2026-09-25,PO-2026-00253,115512.82,E02_QTY_OVER_BILLED,Three way match,HIGH,1.0,37136.16,HYD-CYL80 billed for 5 units but the warehouse booked in 2. 3 units were never received.,Pay the received quantity only. Ask the warehouse to confirm nothing is sitting unbooked before the balance is released.,rules_fallback,0.72
48,INV-00064,INV2677836,SUP-0003,Protea Hydraulics (Pty) Ltd,2026-05-06,,36787.02,E04_NO_PO,Procurement compliance,MEDIUM,,36787.02,"No order number appears on the invoice. R36,787.02 is being claimed for goods nobody raised an order for.",Find out who ordered this and under what authority. Maverick spend is bought at whatever price the supplier felt like.,rules_fallback,0.72
23,INV-00032,006744,SUP-0041,City Deep Cold Storage Spares (Pty) Ltd,2026-02-19,PO-2026-00168,241825.6,E08_ARITHMETIC,Mathematical accuracy,MEDIUM,,36273.84,"Subtotal R241,825.60 plus VAT R36,273.84 comes to R278,099.44, but the total demanded is R241,825.60.",Send it back for a corrected invoice before it reaches the payment run.,rules_fallback,0.72
199,INV-00236,INV2602769,SUP-0044,Village Main Instruments (Pty) Ltd,2026-07-04,PO-2026-00002,274384.83,E11_INVALID_TAX_INVOICE,VAT recoverability,MEDIUM,,35789.33,"The supply is R274,384.83, above the R5 000 full tax invoice threshold, but the document is missing the supplier VAT registration number. The R35,789.33 of input VAT cannot be claimed as it stands.","Request a compliant tax invoice before the VAT return is filed. The goods can still be paid for, the input tax cannot be claimed.",rules_fallback,0.72
166,INV-00192,SI2606742,SUP-0041,City Deep Cold Storage Spares (Pty) Ltd,2026-11-09,PO-2026-00178,264318.94,E11_INVALID_TAX_INVOICE,VAT recoverability,MEDIUM,,34476.38,"The supply is R264,318.94, above the R5 000 full tax invoice threshold, but the document is missing the supplier VAT registration number. The R34,476.38 of input VAT cannot be claimed as it stands.","Request a compliant tax invoice before the VAT return is filed. The goods can still be paid for, the input tax cannot be claimed.",rules_fallback,0.72
232,INV-00280,TI2606723,SUP-0041,City Deep Cold Storage Spares (Pty) Ltd,2026-01-27,PO-2026-00157,34220.29,E03_DUPLICATE,Duplicate payment prevention,HIGH,,34220.29,"Invoice number TI2606723 has already been captured as INV-00206 dated 2026-01-27 for R29,756.77.",Block the payment and mark it a duplicate. Confirm the original has not already gone out in an earlier run.,rules_fallback,0.72
207,INV-00248,005359,SUP-0007,Cape Conveyor Systems (Pty) Ltd,2025-11-07,PO-2025-00109,227999.44,E08_ARITHMETIC,Mathematical accuracy,MEDIUM,,34199.92,"Subtotal R227,999.44 plus VAT R34,199.92 comes to R262,199.36, but the total demanded is R227,999.44.",Send it back for a corrected invoice before it reaches the payment run.,rules_fallback,0.72
161,INV-00189,INV2699704,SUP-0021,Witbank Belting (Pty) Ltd,2026-09-25,,34176.99,E04_NO_PO,Procurement compliance,MEDIUM,,34176.99,"No order number appears on the invoice. R34,176.99 is being claimed for goods nobody raised an order for.",Find out who ordered this and under what authority. Maverick spend is bought at whatever price the supplier felt like.,rules_fallback,0.72
162,INV-00189,INV2699704,SUP-0021,Witbank Belting (Pty) Ltd,2026-09-25,,34176.99,E07_UNAPPROVED_SUPPLIER,Vendor master control,HIGH,,34176.99,Witbank Belting (Pty) Ltd is on the system but was never approved by procurement.,"Route to procurement for vendor onboarding, including tax clearance and bank verification, before any payment is released.",rules_fallback,0.72
107,INV-00137,INV2606738,SUP-0041,City Deep Cold Storage Spares (Pty) Ltd,2026-10-09,PO-2026-00336,231322.79,E11_INVALID_TAX_INVOICE,VAT recoverability,MEDIUM,,30172.54,"The supply is R231,322.79, above the R5 000 full tax invoice threshold, but the document is missing the supplier VAT registration number. The R30,172.54 of input VAT cannot be claimed as it stands.","Request a compliant tax invoice before the VAT return is filed. The goods can still be paid for, the input tax cannot be claimed.",rules_fallback,0.72
63,INV-00080,SI2605125,SUP-0036,Booysens Battery Centre (Pty) Ltd,2026-06-16,PO-2026-00292,28984.28,E06_BANK_CHANGE,Payment redirection fraud,HIGH,,28984.28,The invoice asks for payment into None account 4190472586. The master file holds Capitec Business account 2238708796 for Booysens Battery Centre (Pty) Ltd.,"Do not change the banking details off the back of a document. Phone the supplier on the number already held on file, never one printed on the invoice, and confirm before anything is paid.",rules_fallback,0.72
26,INV-00036,INV2505880,SUP-0039,Robertsham Glass and Perspex (Pty) Ltd,2025-11-05,PO-2025-00200,191222.16,E08_ARITHMETIC,Mathematical accuracy,MEDIUM,,28683.32,"Subtotal R191,222.16 plus VAT R28,683.32 comes to R219,905.48, but the total demanded is R191,222.16.",Send it back for a corrected invoice before it reaches the payment run.,rules_fallback,0.72
220,INV-00268,INV2640453,SUP-0024,Randburg Instrumentation (Pty) Ltd,2026-07-23,PO-2026-00001,27083.05,E12_GOODS_NOT_RECEIVED,Three way match,HIGH,,27083.05,"Order PO-2026-00001 exists and the supplier has invoiced R27,083.05, but the warehouse has never booked anything in against it.","Confirm with the warehouse before paying. Either the delivery never arrived or it arrived and was not recorded, and both need fixing.",rules_fallback,0.72
230,INV-00277,INV2605842,SUP-0017,Roodepoort Motor Rewinds (Pty) Ltd,2026-05-20,PO-2026-00328,26862.8,E06_BANK_CHANGE,Payment redirection fraud,HIGH,,26862.8,The invoice asks for payment into Investec account 04168918377. The master file holds Investec account 4168918377 for Roodepoort Motor Rewinds (Pty) Ltd.,"Do not change the banking details off the back of a document. Phone the supplier on the number already held on file, never one printed on the invoice, and confirm before anything is paid.",rules_fallback,0.72
37,INV-00049,INV2506725,SUP-0041,City Deep Cold Storage Spares (Pty) Ltd,2026-02-27,PO-2025-00211,199779.04,E11_INVALID_TAX_INVOICE,VAT recoverability,MEDIUM,,26058.14,"The supply is R199,779.04, above the R5 000 full tax invoice threshold, but the document is missing the supplier VAT registration number. The R26,058.14 of input VAT cannot be claimed as it stands.","Request a compliant tax invoice before the VAT return is filed. The goods can still be paid for, the input tax cannot be claimed.",rules_fallback,0.72
69,INV-00091,INV2606003,SUP-0022,Nigel Compressor Services (Pty) Ltd,2026-01-02,PO-2025-00321,24525.5,E06_BANK_CHANGE,Payment redirection fraud,HIGH,,24525.5,The invoice asks for payment into Nedbank account 0657675921. The master file holds Nedbank account 657675921 for Nigel Compressor Services (Pty) Ltd.,"Do not change the banking details off the back of a document. Phone the supplier on the number already held on file, never one printed on the invoice, and confirm before anything is paid.",rules_fallback,0.72
60,INV-00078,INV2672691,SUP-0001,Midrand Bearing Supplies (Pty) Ltd,2026-08-24,PO-2026-93399,24376.86,E04_NO_PO,Procurement compliance,MEDIUM,,24376.86,"The invoice quotes PO-2026-93399, which does not exist on the purchasing system.","Query the number with the supplier. A wrong reference is usually a typing error, but it can also be an invoice aimed at the wrong company.",rules_fallback,0.72
41,INV-00052,INV2560784,SUP-0010,Germiston Tool Hire (Pty) Ltd,2025-10-27,PO-2025-00126,24367.56,E12_GOODS_NOT_RECEIVED,Three way match,HIGH,,24367.56,"Order PO-2025-00126 exists and the supplier has invoiced R24,367.56, but the warehouse has never booked anything in against it.","Confirm with the warehouse before paying. Either the delivery never arrived or it arrived and was not recorded, and both need fixing.",rules_fallback,0.72
52,INV-00070,003004,SUP-0001,Midrand Bearing Supplies (Pty) Ltd,2026-07-15,PO-2026-00171,22657.4,E06_BANK_CHANGE,Payment redirection fraud,HIGH,,22657.4,The invoice asks for payment into Capitec Business account 3025625699. The master file holds First National Bank account 9308836478 for Midrand Bearing Supplies (Pty) Ltd.,"Do not change the banking details off the back of a document. Phone the supplier on the number already held on file, never one printed on the invoice, and confirm before anything is paid.",rules_fallback,0.72
22,INV-00029,005119,SUP-0036,Booysens Battery Centre (Pty) Ltd,2025-12-22,PO-2025-00013,22542.86,E03_DUPLICATE,Duplicate payment prevention,HIGH,,22542.86,"Invoice number 005119 has already been captured as INV-00027 dated 2025-12-22 for R19,602.49.",Block the payment and mark it a duplicate. Confirm the original has not already gone out in an earlier run.,rules_fallback,0.72
173,INV-00201,INV2606729,SUP-0041,City Deep Cold Storage Spares (Pty) Ltd,2026-03-23,PO-2026-00115,172121.82,E11_INVALID_TAX_INVOICE,VAT recoverability,MEDIUM,,22450.67,"The supply is R172,121.82, above the R5 000 full tax invoice threshold, but the document is missing the supplier VAT registration number. The R22,450.67 of input VAT cannot be claimed as it stands.","Request a compliant tax invoice before the VAT return is filed. The goods can still be paid for, the input tax cannot be claimed.",rules_fallback,0.72
32,INV-00042,INV2637183,SUP-0014,Kempton Cable Works (Pty) Ltd,2026-01-30,,21856.47,E04_NO_PO,Procurement compliance,MEDIUM,,21856.47,"No order number appears on the invoice. R21,856.47 is being claimed for goods nobody raised an order for.",Find out who ordered this and under what authority. Maverick spend is bought at whatever price the supplier felt like.,rules_fallback,0.72
33,INV-00042,INV2637183,SUP-0014,Kempton Cable Works (Pty) Ltd,2026-01-30,,21856.47,E07_UNAPPROVED_SUPPLIER,Vendor master control,HIGH,,21856.47,Kempton Cable Works (Pty) Ltd is on the system but was never approved by procurement.,"Route to procurement for vendor onboarding, including tax clearance and bank verification, before any payment is released.",rules_fallback,0.72
225,INV-00271,INV2552466,SUP-0030,Elandsfontein Rubber (Pty) Ltd,2025-12-28,PO-2025-00129,19183.52,E12_GOODS_NOT_RECEIVED,Three way match,HIGH,,19183.52,"Order PO-2025-00129 exists and the supplier has invoiced R19,183.52, but the warehouse has never booked anything in against it.","Confirm with the warehouse before paying. Either the delivery never arrived or it arrived and was not recorded, and both need fixing.",rules_fallback,0.72
152,INV-00183,INV2622999,SUP-0034,Chamdor Forklift Spares (Pty) Ltd,2026-04-20,,18472.57,E04_NO_PO,Procurement compliance,MEDIUM,,18472.57,"No order number appears on the invoice. R18,472.57 is being claimed for goods nobody raised an order for.",Find out who ordered this and under what authority. Maverick spend is bought at whatever price the supplier felt like.,rules_fallback,0.72
44,INV-00057,TI2604181,SUP-0045,Salt River Marine Fittings (Pty) Ltd,2026-08-20,PO-2026-00400,17674.53,E06_BANK_CHANGE,Payment redirection fraud,HIGH,,17674.53,The invoice asks for payment into ing Absa Bank Account account 037652732. The master file holds Absa Bank account 37652732 for Salt River Marine Fittings (Pty) Ltd.,"Do not change the banking details off the back of a document. Phone the supplier on the number already held on file, never one printed on the invoice, and confirm before anything is paid.",rules_fallback,0.72
18,INV-00024,INV2563626,SUP-0041,City Deep Cold Storage Spares (Pty) Ltd,2025-11-26,PO-2025-00063,16768.68,E12_GOODS_NOT_RECEIVED,Three way match,HIGH,,16768.68,"Order PO-2025-00063 exists and the supplier has invoiced R16,768.68, but the warehouse has never booked anything in against it.","Confirm with the warehouse before paying. Either the delivery never arrived or it arrived and was not recorded, and both need fixing.",rules_fallback,0.72
198,INV-00235,002443,SUP-0012,Tshwane Pneumatics (Pty) Ltd,2026-06-29,PO-2026-00268,16360.8,E06_BANK_CHANGE,Payment redirection fraud,HIGH,,16360.8,The invoice asks for payment into None account 69200018496. The master file holds First National Bank account 3340180146 for Tshwane Pneumatics (Pty) Ltd.,"Do not change the banking details off the back of a document. Phone the supplier on the number already held on file, never one printed on the invoice, and confirm before anything is paid.",rules_fallback,0.72
97,INV-00127,INV2630140,SUP-0016,Benoni Industrial Paints (Pty) Ltd,2026-09-17,PO-2026-94536,15270.71,E04_NO_PO,Procurement compliance,MEDIUM,,15270.71,"The invoice quotes PO-2026-94536, which does not exist on the purchasing system.","Query the number with the supplier. A wrong reference is usually a typing error, but it can also be an invoice aimed at the wrong company.",rules_fallback,0.72
170,INV-00199,TI2605898,SUP-0028,Wadeville Hose and Coupling (Pty) Ltd,2026-09-25,PO-2026-00253,115512.82,E11_INVALID_TAX_INVOICE,VAT recoverability,MEDIUM,,15066.89,"The supply is R115,512.82, above the R5 000 full tax invoice threshold, but the document is missing the supplier VAT registration number. The R15,066.89 of input VAT cannot be claimed as it stands.","Request a compliant tax invoice before the VAT return is filed. The goods can still be paid for, the input tax cannot be claimed.",rules_fallback,0.72
202,INV-00244,TI2607604,SUP-0042,Crown Mines Motor Spares (Pty) Ltd,2026-03-10,PO-2025-00117,112274.68,E11_INVALID_TAX_INVOICE,VAT recoverability,MEDIUM,,14644.52,"The supply is R112,274.68, above the R5 000 full tax invoice threshold, but the document is missing the supplier VAT registration number. The R14,644.52 of input VAT cannot be claimed as it stands.","Request a compliant tax invoice before the VAT return is filed. The goods can still be paid for, the input tax cannot be claimed.",rules_fallback,0.72
25,INV-00035,INV2505882,SUP-0039,Robertsham Glass and Perspex (Pty) Ltd,2025-11-17,PO-2025-00015,112014.31,E11_INVALID_TAX_INVOICE,VAT recoverability,MEDIUM,,14610.56,"The supply is R112,014.31, above the R5 000 full tax invoice threshold, but the document is missing the supplier VAT registration number. The R14,610.56 of input VAT cannot be claimed as it stands.","Request a compliant tax invoice before the VAT return is filed. The goods can still be paid for, the input tax cannot be claimed.",rules_fallback,0.72
61,INV-00079,SI2606386,,Kya Sand Plastics (Pty) Ltd TAX INVOICE,2026-05-14,PO-2026-00470,14559.74,E07_UNAPPROVED_SUPPLIER,Vendor master control,HIGH,,14559.74,"The name on the invoice could not be matched to any supplier on the master file. R14,559.74 is being claimed by a party the company has no record of.",Do not pay until the supplier is identified and loaded properly. An unknown payee is how invoice fraud gets through.,rules_fallback,0.72
125,INV-00152,TI2605846,SUP-0017,Roodepoort Motor Rewinds (Pty) Ltd,2026-04-23,PO-2026-00070,110961.55,E11_INVALID_TAX_INVOICE,VAT recoverability,MEDIUM,,14473.25,"The supply is R110,961.55, above the R5 000 full tax invoice threshold, but the document is missing the supplier VAT registration number. The R14,473.25 of input VAT cannot be claimed as it stands.","Request a compliant tax invoice before the VAT return is filed. The goods can still be paid for, the input tax cannot be claimed.",rules_fallback,0.72
191,INV-00223,INV2508005,,Highveld Lubricants (Pty) Ltd Invoice No. INV2508005,2025-11-21,PO-2025-00315,110887.52,E11_INVALID_TAX_INVOICE,VAT recoverability,MEDIUM,,14463.59,"The supply is R110,887.52, above the R5 000 full tax invoice threshold, but the document is missing the supplier VAT registration number. The R14,463.59 of input VAT cannot be claimed as it stands.","Request a compliant tax invoice before the VAT return is filed. The goods can still be paid for, the input tax cannot be claimed.",rules_fallback,0.72
123,INV-00152,TI2605846,SUP-0017,Roodepoort Motor Rewinds (Pty) Ltd,2026-04-23,PO-2026-00070,110961.55,E01_PRICE_VARIANCE,Three way match,HIGH,2.0,14029.52,"MTR-55KW4 charged at R14,267.80 against R10,760.42 on PO-2026-00070, a difference of 32.6 percent over 4 units.","Hold the line and ask the supplier for a credit note, or a written price increase agreed before the order was placed.",rules_fallback,0.72
83,INV-00107,INV2606006,SUP-0022,Nigel Compressor Services (Pty) Ltd,2026-06-03,PO-2026-00334,13902.07,E06_BANK_CHANGE,Payment redirection fraud,HIGH,,13902.07,The invoice asks for payment into None account 0657675921. The master file holds Nedbank account 657675921 for Nigel Compressor Services (Pty) Ltd.,"Do not change the banking details off the back of a document. Phone the supplier on the number already held on file, never one printed on the invoice, and confirm before anything is paid.",rules_fallback,0.72
59,INV-00077,INV2604264,SUP-0023,Modderfontein Chemicals (Pty) Ltd,2026-04-28,PO-2026-00128,13572.53,E06_BANK_CHANGE,Payment redirection fraud,HIGH,,13572.53,The invoice asks for payment into None account 05016747430. The master file holds Standard Bank account 9128660241 for Modderfontein Chemicals (Pty) Ltd.,"Do not change the banking details off the back of a document. Phone the supplier on the number already held on file, never one printed on the invoice, and confirm before anything is paid.",rules_fallback,0.72
203,INV-00245,007997,SUP-0006,Highveld Lubricants (Pty) Ltd,2026-07-01,PO-2026-00432,12496.59,E06_BANK_CHANGE,Payment redirection fraud,HIGH,,12496.59,The invoice asks for payment into First National Bank account 0173497462. The master file holds First National Bank account 173497462 for Highveld Lubricants (Pty) Ltd.,"Do not change the banking details off the back of a document. Phone the supplier on the number already held on file, never one printed on the invoice, and confirm before anything is paid.",rules_fallback,0.72
121,INV-00151,TI2506066,,Sebenza Workwear (Pty) Ltd TAX INVOICE,2025-11-24,PO-2025-00263,12206.68,E07_UNAPPROVED_SUPPLIER,Vendor master control,HIGH,,12206.68,"The name on the invoice could not be matched to any supplier on the master file. R12,206.68 is being claimed by a party the company has no record of.",Do not pay until the supplier is identified and loaded properly. An unknown payee is how invoice fraud gets through.,rules_fallback,0.72
113,INV-00143,INV2605911,SUP-0028,Wadeville Hose and Coupling (Pty) Ltd,2026-08-06,PO-2026-00135,29539.35,E02_QTY_OVER_BILLED,Three way match,HIGH,1.0,11463.26,HYD-CYL80 billed for 2 units but the warehouse booked in 1. 1 units were never received.,Pay the received quantity only. Ask the warehouse to confirm nothing is sitting unbooked before the balance is released.,rules_fallback,0.72
185,INV-00218,SI2605844,SUP-0017,Roodepoort Motor Rewinds (Pty) Ltd,2026-01-09,PO-2025-00367,75963.36,E08_ARITHMETIC,Mathematical accuracy,MEDIUM,,11394.5,"Subtotal R75,963.36 plus VAT R11,394.50 comes to R87,357.86, but the total demanded is R75,963.36.",Send it back for a corrected invoice before it reaches the payment run.,rules_fallback,0.72
88,INV-00117,TI2607602,SUP-0042,Crown Mines Motor Spares (Pty) Ltd,2026-08-05,PO-2026-00296,73937.36,E08_ARITHMETIC,Mathematical accuracy,MEDIUM,,11090.6,"Subtotal R73,937.36 plus VAT R11,090.60 comes to R85,027.96, but the total demanded is R73,937.36.",Send it back for a corrected invoice before it reaches the payment run.,rules_fallback,0.72
182,INV-00209,SI2607611,SUP-0042,Crown Mines Motor Spares (Pty) Ltd,2026-05-15,PO-2026-00354,84095.87,E02_QTY_OVER_BILLED,Three way match,HIGH,2.0,11013.4,MTR-REW11 billed for 6 units but the warehouse booked in 5. 1 units were never received.,Pay the received quantity only. Ask the warehouse to confirm nothing is sitting unbooked before the balance is released.,rules_fallback,0.72
184,INV-00217,TI2508008,SUP-0006,Highveld Lubricants (Pty) Ltd,2025-12-15,PO-2025-00207,10798.36,E06_BANK_CHANGE,Payment redirection fraud,HIGH,,10798.36,The invoice asks for payment into First National Bank account 0173497462. The master file holds First National Bank account 173497462 for Highveld Lubricants (Pty) Ltd.,"Do not change the banking details off the back of a document. Phone the supplier on the number already held on file, never one printed on the invoice, and confirm before anything is paid.",rules_fallback,0.72
72,INV-00096,INV2635829,SUP-0021,Witbank Belting (Pty) Ltd,2026-07-19,,79976.59,E11_INVALID_TAX_INVOICE,VAT recoverability,MEDIUM,,10431.73,"The supply is R79,976.59, above the R5 000 full tax invoice threshold, but the document is missing the supplier VAT registration number. The R10,431.73 of input VAT cannot be claimed as it stands.","Request a compliant tax invoice before the VAT return is filed. The goods can still be paid for, the input tax cannot be claimed.",rules_fallback,0.72
174,INV-00202,INV2680743,SUP-0018,Springs Gearbox Services (Pty) Ltd,2026-08-10,PO-2026-00073,10430.04,E12_GOODS_NOT_RECEIVED,Three way match,HIGH,,10430.04,"Order PO-2026-00073 exists and the supplier has invoiced R10,430.04, but the warehouse has never booked anything in against it.","Confirm with the warehouse before paying. Either the delivery never arrived or it arrived and was not recorded, and both need fixing.",rules_fallback,0.72
168,INV-00196,TI2605358,SUP-0007,Cape Conveyor Systems (Pty) Ltd,2026-03-09,PO-2026-00130,68364.71,E08_ARITHMETIC,Mathematical accuracy,MEDIUM,,10254.71,"Subtotal R68,364.71 plus VAT R10,254.71 comes to R78,619.42, but the total demanded is R68,364.71.",Send it back for a corrected invoice before it reaches the payment run.,rules_fallback,0.72
177,INV-00205,TI2502150,SUP-0009,Rand Safety Equipment (Pty) Ltd,2025-10-21,PO-2025-00131,9718.18,E06_BANK_CHANGE,Payment redirection fraud,HIGH,,9718.18,The invoice asks for payment into None account 02375179999. The master file holds Capitec Business account 2375179999 for Rand Safety Equipment (Pty) Ltd.,"Do not change the banking details off the back of a document. Phone the supplier on the number already held on file, never one printed on the invoice, and confirm before anything is paid.",rules_fallback,0.72
223,INV-00270,TI2605895,SUP-0028,Wadeville Hose and Coupling (Pty) Ltd,2026-05-02,PO-2026-00299,43458.87,E02_QTY_OVER_BILLED,Three way match,HIGH,1.0,9447.58,HYD-CYL80 billed for 4 units but the warehouse booked in 3. 1 units were never received.,Pay the received quantity only. Ask the warehouse to confirm nothing is sitting unbooked before the balance is released.,rules_fallback,0.72
8,INV-00009,004269-R,SUP-0023,Modderfontein Chemicals (Pty) Ltd,2026-01-21,PO-2025-00199,9356.47,E03_DUPLICATE,Duplicate payment prevention,HIGH,,9356.47,"R9,356.47 from the same supplier was already invoiced on 2026-01-14 under 004269. This one is dated 2026-01-21 under 004269-R.",Two identical amounts days apart from one supplier is rarely a coincidence. Confirm with the supplier's statement before either is paid.,rules_fallback,0.72
145,INV-00175,INV2629388,SUP-0042,Crown Mines Motor Spares (Pty) Ltd,2026-10-15,PO-2026-96727,70010.48,E11_INVALID_TAX_INVOICE,VAT recoverability,MEDIUM,,9131.8,"The supply is R70,010.48, above the R5 000 full tax invoice threshold, but the document is missing the supplier VAT registration number. The R9,131.80 of input VAT cannot be claimed as it stands.","Request a compliant tax invoice before the VAT return is filed. The goods can still be paid for, the input tax cannot be claimed.",rules_fallback,0.72
36,INV-00045,002560,SUP-0038,Cleveland Bolt Supplies (Pty) Ltd,2026-01-23,PO-2025-00139,60865.02,E08_ARITHMETIC,Mathematical accuracy,MEDIUM,,9129.75,"Subtotal R60,865.02 plus VAT R9,129.75 comes to R69,994.77, but the total demanded is R60,865.02.",Send it back for a corrected invoice before it reaches the payment run.,rules_fallback,0.72
147,INV-00177,INV2606387-R,SUP-0027,Kya Sand Plastics (Pty) Ltd,2026-01-13,PO-2025-00101,60690.84,E08_ARITHMETIC,Mathematical accuracy,MEDIUM,,9103.63,"Subtotal R60,690.84 plus VAT R9,103.63 comes to R69,794.47, but the total demanded is R60,690.84.",Send it back for a corrected invoice before it reaches the payment run.,rules_fallback,0.72
24,INV-00033,SI2604177,SUP-0045,Salt River Marine Fittings (Pty) Ltd,2026-05-04,PO-2026-00332,8421.82,E06_BANK_CHANGE,Payment redirection fraud,HIGH,,8421.82,The invoice asks for payment into Absa Bank account 037652732. The master file holds Absa Bank account 37652732 for Salt River Marine Fittings (Pty) Ltd.,"Do not change the banking details off the back of a document. Phone the supplier on the number already held on file, never one printed on the invoice, and confirm before anything is paid.",rules_fallback,0.72
17,INV-00020,INV2623514,SUP-0017,Roodepoort Motor Rewinds (Pty) Ltd,2026-07-17,,64111.19,E11_INVALID_TAX_INVOICE,VAT recoverability,MEDIUM,,8362.33,"The supply is R64,111.19, above the R5 000 full tax invoice threshold, but the document is missing the supplier VAT registration number. The R8,362.33 of input VAT cannot be claimed as it stands.","Request a compliant tax invoice before the VAT return is filed. The goods can still be paid for, the input tax cannot be claimed.",rules_fallback,0.72
78,INV-00105,INV2596644,SUP-0019,Edenvale Filtration (Pty) Ltd,2025-10-23,,8214.69,E04_NO_PO,Procurement compliance,MEDIUM,,8214.69,"No order number appears on the invoice. R8,214.69 is being claimed for goods nobody raised an order for.",Find out who ordered this and under what authority. Maverick spend is bought at whatever price the supplier felt like.,rules_fallback,0.72
79,INV-00105,INV2596644,SUP-0019,Edenvale Filtration (Pty) Ltd,2025-10-23,,8214.69,E07_UNAPPROVED_SUPPLIER,Vendor master control,HIGH,,8214.69,Edenvale Filtration (Pty) Ltd is on the system but was never approved by procurement.,"Route to procurement for vendor onboarding, including tax clearance and bank verification, before any payment is released.",rules_fallback,0.72
141,INV-00171,TI2604574,SUP-0043,New Centre Gas and Gear (Pty) Ltd,2026-02-23,PO-2026-00405,74674.33,E01_PRICE_VARIANCE,Three way match,HIGH,3.0,7885.0,"WLD-HLM01 charged at R2,460.30 against R2,066.05 on PO-2026-00405, a difference of 19.1 percent over 20 units.","Hold the line and ask the supplier for a credit note, or a written price increase agreed before the order was placed.",rules_fallback,0.72
64,INV-00082,TI2604994,SUP-0010,Germiston Tool Hire (Pty) Ltd,2026-03-31,PO-2026-00092,162765.08,E02_QTY_OVER_BILLED,Three way match,HIGH,2.0,7880.85,TLS-DRL18 billed for 5 units but the warehouse booked in 2. 3 units were never received.,Pay the received quantity only. Ask the warehouse to confirm nothing is sitting unbooked before the balance is released.,rules_fallback,0.72
50,INV-00069,SI2605526,SUP-0026,Brakpan Sheet Metal (Pty) Ltd,2026-08-06,PO-2026-00170,10328.44,E02_QTY_OVER_BILLED,Three way match,HIGH,1.0,7746.33,STL-RD304 billed for 4 units but the warehouse booked in 1. 3 units were never received.,Pay the received quantity only. Ask the warehouse to confirm nothing is sitting unbooked before the balance is released.,rules_fallback,0.72
92,INV-00120,TI2601616,SUP-0004,Sandton Electrical Wholesale (Pty) Ltd,2026-02-06,PO-2025-00188,58562.06,E11_INVALID_TAX_INVOICE,VAT recoverability,MEDIUM,,7643.41,"The supply is R58,562.06, above the R5 000 full tax invoice threshold, but the document is missing the supplier VAT registration number. The R7,643.41 of input VAT cannot be claimed as it stands.","Request a compliant tax invoice before the VAT return is filed. The goods can still be paid for, the input tax cannot be claimed.",rules_fallback,0.72
176,INV-00204,TI2602682,SUP-0024,Randburg Instrumentation (Pty) Ltd,2026-06-10,PO-2026-00473,106826.89,E02_QTY_OVER_BILLED,Three way match,HIGH,2.0,7478.35,INS-PRS16 billed for 7 units but the warehouse booked in 6. 1 units were never received.,Pay the received quantity only. Ask the warehouse to confirm nothing is sitting unbooked before the balance is released.,rules_fallback,0.72
38,INV-00051,INV2644810,SUP-0014,Kempton Cable Works (Pty) Ltd,2026-05-04,,7408.2,E04_NO_PO,Procurement compliance,MEDIUM,,7408.2,"No order number appears on the invoice. R7,408.20 is being claimed for goods nobody raised an order for.",Find out who ordered this and under what authority. Maverick spend is bought at whatever price the supplier felt like.,rules_fallback,0.72
39,INV-00051,INV2644810,SUP-0014,Kempton Cable Works (Pty) Ltd,2026-05-04,,7408.2,E07_UNAPPROVED_SUPPLIER,Vendor master control,HIGH,,7408.2,Kempton Cable Works (Pty) Ltd is on the system but was never approved by procurement.,"Route to procurement for vendor onboarding, including tax clearance and bank verification, before any payment is released.",rules_fallback,0.72
31,INV-00041,SI2607608,SUP-0042,Crown Mines Motor Spares (Pty) Ltd,2026-06-01,PO-2026-00414,48698.7,E08_ARITHMETIC,Mathematical accuracy,MEDIUM,,7304.81,"Subtotal R48,698.70 plus VAT R7,304.81 comes to R56,003.51, but the total demanded is R48,698.70.",Send it back for a corrected invoice before it reaches the payment run.,rules_fallback,0.72
34,INV-00044,INV2652822,SUP-0045,Salt River Marine Fittings (Pty) Ltd,2026-06-02,,6917.32,E04_NO_PO,Procurement compliance,MEDIUM,,6917.32,"No order number appears on the invoice. R6,917.32 is being claimed for goods nobody raised an order for.",Find out who ordered this and under what authority. Maverick spend is bought at whatever price the supplier felt like.,rules_fallback,0.72
35,INV-00044,INV2652822,SUP-0045,Salt River Marine Fittings (Pty) Ltd,2026-06-02,,6917.32,E06_BANK_CHANGE,Payment redirection fraud,HIGH,,6917.32,The invoice asks for payment into Absa Bank account 037652732. The master file holds Absa Bank account 37652732 for Salt River Marine Fittings (Pty) Ltd.,"Do not change the banking details off the back of a document. Phone the supplier on the number already held on file, never one printed on the invoice, and confirm before anything is paid.",rules_fallback,0.72
155,INV-00185,INV2627451,SUP-0019,Edenvale Filtration (Pty) Ltd,2026-07-20,,6156.89,E04_NO_PO,Procurement compliance,MEDIUM,,6156.89,"No order number appears on the invoice. R6,156.89 is being claimed for goods nobody raised an order for.",Find out who ordered this and under what authority. Maverick spend is bought at whatever price the supplier felt like.,rules_fallback,0.72
156,INV-00185,INV2627451,SUP-0019,Edenvale Filtration (Pty) Ltd,2026-07-20,,6156.89,E07_UNAPPROVED_SUPPLIER,Vendor master control,HIGH,,6156.89,Edenvale Filtration (Pty) Ltd is on the system but was never approved by procurement.,"Route to procurement for vendor onboarding, including tax clearance and bank verification, before any payment is released.",rules_fallback,0.72
109,INV-00140,INV2506734,SUP-0041,City Deep Cold Storage Spares (Pty) Ltd,2025-12-01,PO-2025-00348,40397.2,E08_ARITHMETIC,Mathematical accuracy,MEDIUM,,6059.58,"Subtotal R40,397.20 plus VAT R6,059.58 comes to R46,456.78, but the total demanded is R40,397.20.",Send it back for a corrected invoice before it reaches the payment run.,rules_fallback,0.72
9,INV-00010,SI2608413,SUP-0032,Linbro Park Hardware (Pty) Ltd,2026-09-11,PO-2026-00103,5816.49,E06_BANK_CHANGE,Payment redirection fraud,HIGH,,5816.49,The invoice asks for payment into ing Investec Account account 0685325346. The master file holds Investec account 685325346 for Linbro Park Hardware (Pty) Ltd.,"Do not change the banking details off the back of a document. Phone the supplier on the number already held on file, never one printed on the invoice, and confirm before anything is paid.",rules_fallback,0.72
6,INV-00007,008410,SUP-0032,Linbro Park Hardware (Pty) Ltd,2026-05-12,PO-2026-00500,5796.46,E06_BANK_CHANGE,Payment redirection fraud,HIGH,,5796.46,The invoice asks for payment into ing Investec Account account 0685325346. The master file holds Investec account 685325346 for Linbro Park Hardware (Pty) Ltd.,"Do not change the banking details off the back of a document. Phone the supplier on the number already held on file, never one printed on the invoice, and confirm before anything is paid.",rules_fallback,0.72
153,INV-00184,INV2604267,SUP-0023,Modderfontein Chemicals (Pty) Ltd,2026-06-01,PO-2026-00121,38209.56,E08_ARITHMETIC,Mathematical accuracy,MEDIUM,,5731.43,"Subtotal R38,209.56 plus VAT R5,731.43 comes to R43,940.99, but the total demanded is R38,209.56.",Send it back for a corrected invoice before it reaches the payment run.,rules_fallback,0.72
224,INV-00270,TI2605895,SUP-0028,Wadeville Hose and Coupling (Pty) Ltd,2026-05-02,PO-2026-00299,43458.87,E11_INVALID_TAX_INVOICE,VAT recoverability,MEDIUM,,5668.55,"The supply is R43,458.87, above the R5 000 full tax invoice threshold, but the document is missing the supplier VAT registration number. The R5,668.55 of input VAT cannot be claimed as it stands.","Request a compliant tax invoice before the VAT return is filed. The goods can still be paid for, the input tax cannot be claimed.",rules_fallback,0.72
192,INV-00224,INV2680397,SUP-0014,Kempton Cable Works (Pty) Ltd,2026-06-15,,5565.8,E04_NO_PO,Procurement compliance,MEDIUM,,5565.8,"No order number appears on the invoice. R5,565.80 is being claimed for goods nobody raised an order for.",Find out who ordered this and under what authority. Maverick spend is bought at whatever price the supplier felt like.,rules_fallback,0.72
193,INV-00224,INV2680397,SUP-0014,Kempton Cable Works (Pty) Ltd,2026-06-15,,5565.8,E07_UNAPPROVED_SUPPLIER,Vendor master control,HIGH,,5565.8,Kempton Cable Works (Pty) Ltd is on the system but was never approved by procurement.,"Route to procurement for vendor onboarding, including tax clearance and bank verification, before any payment is released.",rules_fallback,0.72
49,INV-00064,INV2677836,SUP-0003,Protea Hydraulics (Pty) Ltd,2026-05-06,,36787.02,E08_ARITHMETIC,Mathematical accuracy,MEDIUM,,5518.05,"Subtotal R36,787.02 plus VAT R5,518.05 comes to R42,305.07, but the total demanded is R36,787.02.",Send it back for a corrected invoice before it reaches the payment run.,rules_fallback,0.72
209,INV-00250,TI2505360,SUP-0007,Cape Conveyor Systems (Pty) Ltd,2025-10-27,PO-2025-00177,35027.15,E08_ARITHMETIC,Mathematical accuracy,MEDIUM,,5254.07,"Subtotal R35,027.15 plus VAT R5,254.07 comes to R40,281.22, but the total demanded is R35,027.15.",Send it back for a corrected invoice before it reaches the payment run.,rules_fallback,0.72
163,INV-00189,INV2699704,SUP-0021,Witbank Belting (Pty) Ltd,2026-09-25,,34176.99,E08_ARITHMETIC,Mathematical accuracy,MEDIUM,,5126.55,"Subtotal R34,176.99 plus VAT R5,126.55 comes to R39,303.54, but the total demanded is R34,176.99.",Send it back for a corrected invoice before it reaches the payment run.,rules_fallback,0.72
55,INV-00074,TI2501609,SUP-0004,Sandton Electrical Wholesale (Pty) Ltd,2025-10-21,PO-2025-00249,30929.2,E08_ARITHMETIC,Mathematical accuracy,MEDIUM,,4639.38,"Subtotal R30,929.20 plus VAT R4,639.38 comes to R35,568.58, but the total demanded is R30,929.20.",Send it back for a corrected invoice before it reaches the payment run.,rules_fallback,0.72
29,INV-00040,INV2649647,SUP-0014,Kempton Cable Works (Pty) Ltd,2026-04-19,,4582.46,E04_NO_PO,Procurement compliance,MEDIUM,,4582.46,"No order number appears on the invoice. R4,582.46 is being claimed for goods nobody raised an order for.",Find out who ordered this and under what authority. Maverick spend is bought at whatever price the supplier felt like.,rules_fallback,0.72
30,INV-00040,INV2649647,SUP-0014,Kempton Cable Works (Pty) Ltd,2026-04-19,,4582.46,E07_UNAPPROVED_SUPPLIER,Vendor master control,HIGH,,4582.46,Kempton Cable Works (Pty) Ltd is on the system but was never approved by procurement.,"Route to procurement for vendor onboarding, including tax clearance and bank verification, before any payment is released.",rules_fallback,0.72
178,INV-00206,TI2606723,SUP-0041,City Deep Cold Storage Spares (Pty) Ltd,2026-01-27,PO-2026-00157,29756.77,E08_ARITHMETIC,Mathematical accuracy,MEDIUM,,4463.52,"Subtotal R29,756.77 plus VAT R4,463.52 comes to R34,220.29, but the total demanded is R29,756.77.",Send it back for a corrected invoice before it reaches the payment run.,rules_fallback,0.72
114,INV-00143,INV2605911,SUP-0028,Wadeville Hose and Coupling (Pty) Ltd,2026-08-06,PO-2026-00135,29539.35,E08_ARITHMETIC,Mathematical accuracy,MEDIUM,,4430.9,"Subtotal R29,539.35 plus VAT R4,430.90 comes to R33,970.25, but the total demanded is R29,539.35.",Send it back for a corrected invoice before it reaches the payment run.,rules_fallback,0.72
197,INV-00234,TI2603320,SUP-0030,Elandsfontein Rubber (Pty) Ltd,2026-05-20,PO-2026-00221,33719.73,E11_INVALID_TAX_INVOICE,VAT recoverability,MEDIUM,,4398.23,"The supply is R33,719.73, above the R5 000 full tax invoice threshold, but the document is missing the supplier VAT registration number. The R4,398.23 of input VAT cannot be claimed as it stands.","Request a compliant tax invoice before the VAT return is filed. The goods can still be paid for, the input tax cannot be claimed.",rules_fallback,0.72
65,INV-00083,007547,SUP-0016,Benoni Industrial Paints (Pty) Ltd,2026-07-20,PO-2026-00184,28618.32,E08_ARITHMETIC,Mathematical accuracy,MEDIUM,,4292.75,"Subtotal R28,618.32 plus VAT R4,292.75 comes to R32,911.07, but the total demanded is R28,618.32.",Send it back for a corrected invoice before it reaches the payment run.,rules_fallback,0.72
126,INV-00153,SI2604179,SUP-0045,Salt River Marine Fittings (Pty) Ltd,2026-01-16,PO-2025-00269,4221.44,E06_BANK_CHANGE,Payment redirection fraud,HIGH,,4221.44,The invoice asks for payment into None account 037652732. The master file holds Absa Bank account 37652732 for Salt River Marine Fittings (Pty) Ltd.,"Do not change the banking details off the back of a document. Phone the supplier on the number already held on file, never one printed on the invoice, and confirm before anything is paid.",rules_fallback,0.72
90,INV-00119,SI2605892,SUP-0039,Robertsham Glass and Perspex (Pty) Ltd,2026-05-27,PO-2026-00243,27442.24,E08_ARITHMETIC,Mathematical accuracy,MEDIUM,,4116.34,"Subtotal R27,442.24 plus VAT R4,116.34 comes to R31,558.58, but the total demanded is R27,442.24.",Send it back for a corrected invoice before it reaches the payment run.,rules_fallback,0.72
46,INV-00060,002557,SUP-0038,Cleveland Bolt Supplies (Pty) Ltd,2026-10-16,PO-2026-00290,31169.55,E11_INVALID_TAX_INVOICE,VAT recoverability,MEDIUM,,4065.59,"The supply is R31,169.55, above the R5 000 full tax invoice threshold, but the document is missing the supplier VAT registration number. The R4,065.59 of input VAT cannot be claimed as it stands.","Request a compliant tax invoice before the VAT return is filed. The goods can still be paid for, the input tax cannot be claimed.",rules_fallback,0.72
11,INV-00011,002686,SUP-0024,Randburg Instrumentation (Pty) Ltd,2026-04-08,PO-2026-00471,30831.34,E11_INVALID_TAX_INVOICE,VAT recoverability,MEDIUM,,4021.48,"The supply is R30,831.34, above the R5 000 full tax invoice threshold, but the document is missing the supplier VAT registration number. The R4,021.48 of input VAT cannot be claimed as it stands.","Request a compliant tax invoice before the VAT return is filed. The goods can still be paid for, the input tax cannot be claimed.",rules_fallback,0.72
194,INV-00225,INV2605007,SUP-0010,Germiston Tool Hire (Pty) Ltd,2026-07-17,PO-2026-00251,17345.62,E01_PRICE_VARIANCE,Three way match,HIGH,1.0,3688.05,"TLS-GRN230 charged at R3,016.63 against R2,279.02 on PO-2026-00251, a difference of 32.4 percent over 5 units.","Hold the line and ask the supplier for a credit note, or a written price increase agreed before the order was placed.",rules_fallback,0.72
68,INV-00091,INV2606003,SUP-0022,Nigel Compressor Services (Pty) Ltd,2026-01-02,PO-2025-00321,24525.5,E08_ARITHMETIC,Mathematical accuracy,MEDIUM,,3678.83,"Subtotal R24,525.50 plus VAT R3,678.83 comes to R28,204.33, but the total demanded is R24,525.50.",Send it back for a corrected invoice before it reaches the payment run.,rules_fallback,0.72
172,INV-00200,SI2607539,SUP-0016,Benoni Industrial Paints (Pty) Ltd,2026-05-28,PO-2026-00113,23761.83,E08_ARITHMETIC,Mathematical accuracy,MEDIUM,,3564.27,"Subtotal R23,761.83 plus VAT R3,564.27 comes to R27,326.10, but the total demanded is R23,761.83.",Send it back for a corrected invoice before it reaches the payment run.,rules_fallback,0.72
221,INV-00268,INV2640453,SUP-0024,Randburg Instrumentation (Pty) Ltd,2026-07-23,PO-2026-00001,27083.05,E11_INVALID_TAX_INVOICE,VAT recoverability,MEDIUM,,3532.57,"The supply is R27,083.05, above the R5 000 full tax invoice threshold, but the document is missing the supplier VAT registration number. The R3,532.57 of input VAT cannot be claimed as it stands.","Request a compliant tax invoice before the VAT return is filed. The goods can still be paid for, the input tax cannot be claimed.",rules_fallback,0.72
58,INV-00076,008167,SUP-0003,Protea Hydraulics (Pty) Ltd,2026-07-02,PO-2026-00212,23090.52,E08_ARITHMETIC,Mathematical accuracy,MEDIUM,,3463.58,"Subtotal R23,090.52 plus VAT R3,463.58 comes to R26,554.10, but the total demanded is R23,090.52.",Send it back for a corrected invoice before it reaches the payment run.,rules_fallback,0.72
103,INV-00133,TI2604281,SUP-0023,Modderfontein Chemicals (Pty) Ltd,2026-05-29,PO-2026-00232,9920.36,E02_QTY_OVER_BILLED,Three way match,HIGH,1.0,3450.56,CHM-DEG25 billed for 5 units but the warehouse booked in 3. 2 units were never received.,Pay the received quantity only. Ask the warehouse to confirm nothing is sitting unbooked before the balance is released.,rules_fallback,0.72
133,INV-00163,TI2603005,SUP-0001,Midrand Bearing Supplies (Pty) Ltd,2026-05-04,PO-2026-00418,21939.75,E08_ARITHMETIC,Mathematical accuracy,MEDIUM,,3290.96,"Subtotal R21,939.75 plus VAT R3,290.96 comes to R25,230.71, but the total demanded is R21,939.75.",Send it back for a corrected invoice before it reaches the payment run.,rules_fallback,0.72
134,INV-00163,TI2603005,SUP-0001,Midrand Bearing Supplies (Pty) Ltd,2026-05-04,PO-2026-00418,21939.75,E11_INVALID_TAX_INVOICE,VAT recoverability,MEDIUM,,3290.96,"The supply is R21,939.75, above the R5 000 full tax invoice threshold, but the document is missing the supplier VAT registration number. The R3,290.96 of input VAT cannot be claimed as it stands.","Request a compliant tax invoice before the VAT return is filed. The goods can still be paid for, the input tax cannot be claimed.",rules_fallback,0.72
13,INV-00014,SI2604998,SUP-0010,Germiston Tool Hire (Pty) Ltd,2026-02-23,PO-2026-00493,67656.69,E01_PRICE_VARIANCE,Three way match,HIGH,3.0,3155.8,"TLS-GRN230 charged at R4,029.56 against R3,240.61 on PO-2026-00493, a difference of 24.3 percent over 4 units.","Hold the line and ask the supplier for a credit note, or a written price increase agreed before the order was placed.",rules_fallback,0.72
20,INV-00027,005119,SUP-0036,Booysens Battery Centre (Pty) Ltd,2025-12-22,PO-2025-00013,19602.49,E08_ARITHMETIC,Mathematical accuracy,MEDIUM,,2940.37,"Subtotal R19,602.49 plus VAT R2,940.37 comes to R22,542.86, but the total demanded is R19,602.49.",Send it back for a corrected invoice before it reaches the payment run.,rules_fallback,0.72
94,INV-00123,TI2608726,SUP-0020,Krugersdorp Chain and Sprocket (Pty) Ltd,2026-08-24,PO-2026-00014,24190.25,E01_PRICE_VARIANCE,Three way match,HIGH,1.0,2799.5,"DRV-SPB2120 charged at R420.70 against R364.71 on PO-2026-00014, a difference of 15.4 percent over 50 units.","Hold the line and ask the supplier for a credit note, or a written price increase agreed before the order was placed.",rules_fallback,0.72
151,INV-00182,TI2605539,SUP-0026,Brakpan Sheet Metal (Pty) Ltd,2026-05-27,PO-2026-00016,18262.83,E08_ARITHMETIC,Mathematical accuracy,MEDIUM,,2739.42,"Subtotal R18,262.83 plus VAT R2,739.42 comes to R21,002.25, but the total demanded is R18,262.83.",Send it back for a corrected invoice before it reaches the payment run.,rules_fallback,0.72
5,INV-00005,INV2561762,SUP-0043,New Centre Gas and Gear (Pty) Ltd,2025-10-08,PO-2026-95459,2560.61,E04_NO_PO,Procurement compliance,MEDIUM,,2560.61,"The invoice quotes PO-2026-95459, which does not exist on the purchasing system.","Query the number with the supplier. A wrong reference is usually a typing error, but it can also be an invoice aimed at the wrong company.",rules_fallback,0.72
226,INV-00271,INV2552466,SUP-0030,Elandsfontein Rubber (Pty) Ltd,2025-12-28,PO-2025-00129,19183.52,E11_INVALID_TAX_INVOICE,VAT recoverability,MEDIUM,,2502.2,"The supply is R19,183.52, above the R5 000 full tax invoice threshold, but the document is missing the supplier VAT registration number. The R2,502.20 of input VAT cannot be claimed as it stands.","Request a compliant tax invoice before the VAT return is filed. The goods can still be paid for, the input tax cannot be claimed.",rules_fallback,0.72
104,INV-00134,SI2605113,SUP-0036,Booysens Battery Centre (Pty) Ltd,2026-06-02,PO-2026-00275,4235.81,E02_QTY_OVER_BILLED,Three way match,HIGH,1.0,2455.54,ELE-CB63 billed for 3 units but the warehouse booked in 1. 2 units were never received.,Pay the received quantity only. Ask the warehouse to confirm nothing is sitting unbooked before the balance is released.,rules_fallback,0.72
132,INV-00162,TI2605366,SUP-0007,Cape Conveyor Systems (Pty) Ltd,2026-08-28,PO-2026-00134,18720.16,E11_INVALID_TAX_INVOICE,VAT recoverability,MEDIUM,,2441.76,"The supply is R18,720.16, above the R5 000 full tax invoice threshold, but the document is missing the supplier VAT registration number. The R2,441.76 of input VAT cannot be claimed as it stands.","Request a compliant tax invoice before the VAT return is filed. The goods can still be paid for, the input tax cannot be claimed.",rules_fallback,0.72
229,INV-00277,INV2605842,SUP-0017,Roodepoort Motor Rewinds (Pty) Ltd,2026-05-20,PO-2026-00328,26862.8,E01_PRICE_VARIANCE,Three way match,HIGH,1.0,2419.0,"MTR-55KW4 charged at R11,679.48 against R10,469.98 on PO-2026-00328, a difference of 11.6 percent over 2 units.","Hold the line and ask the supplier for a credit note, or a written price increase agreed before the order was placed.",rules_fallback,0.72
4,INV-00004,TI2508720,SUP-0020,Krugersdorp Chain and Sprocket (Pty) Ltd,2025-11-28,PO-2025-00155,18197.49,E11_INVALID_TAX_INVOICE,VAT recoverability,MEDIUM,,2373.59,"The supply is R18,197.49, above the R5 000 full tax invoice threshold, but the document is missing the words Tax Invoice. The R2,373.59 of input VAT cannot be claimed as it stands.","Request a compliant tax invoice before the VAT return is filed. The goods can still be paid for, the input tax cannot be claimed.",rules_fallback,0.72
159,INV-00186,INV2608523,SUP-0008,Umgeni Valve and Pump (Pty) Ltd,2026-05-10,PO-2026-00137,18183.2,E11_INVALID_TAX_INVOICE,VAT recoverability,MEDIUM,,2371.72,"The supply is R18,183.20, above the R5 000 full tax invoice threshold, but the document is missing the supplier VAT registration number. The R2,371.72 of input VAT cannot be claimed as it stands.","Request a compliant tax invoice before the VAT return is filed. The goods can still be paid for, the input tax cannot be claimed.",rules_fallback,0.72
45,INV-00057,TI2604181,SUP-0045,Salt River Marine Fittings (Pty) Ltd,2026-08-20,PO-2026-00400,17674.53,E11_INVALID_TAX_INVOICE,VAT recoverability,MEDIUM,,2305.37,"The supply is R17,674.53, above the R5 000 full tax invoice threshold, but the document is missing the supplier VAT registration number. The R2,305.37 of input VAT cannot be claimed as it stands.","Request a compliant tax invoice before the VAT return is filed. The goods can still be paid for, the input tax cannot be claimed.",rules_fallback,0.72
233,INV-00283,INV2505121,SUP-0036,Booysens Battery Centre (Pty) Ltd,2025-12-15,PO-2025-00312,11230.81,E01_PRICE_VARIANCE,Three way match,HIGH,2.0,2208.68,"ELE-CON40 charged at R2,180.92 against R1,628.75 on PO-2025-00312, a difference of 33.9 percent over 4 units.","Hold the line and ask the supplier for a credit note, or a written price increase agreed before the order was placed.",rules_fallback,0.72
200,INV-00239,TI2603722,SUP-0005,Boksburg Fastener Co (Pty) Ltd,,PO-2026-00110,16731.12,E11_INVALID_TAX_INVOICE,VAT recoverability,MEDIUM,,2182.32,"The supply is R16,731.12, above the R5 000 full tax invoice threshold, but the document is missing the date of issue. The R2,182.32 of input VAT cannot be claimed as it stands.","Request a compliant tax invoice before the VAT return is filed. The goods can still be paid for, the input tax cannot be claimed.",rules_fallback,0.62
227,INV-00272,005901,SUP-0028,Wadeville Hose and Coupling (Pty) Ltd,2026-05-14,PO-2026-00333,2144.75,E06_BANK_CHANGE,Payment redirection fraud,HIGH,,2144.75,The invoice asks for payment into Nedbank account 527771145. The master file holds Nedbank account 1651987388 for Wadeville Hose and Coupling (Pty) Ltd.,"Do not change the banking details off the back of a document. Phone the supplier on the number already held on file, never one printed on the invoice, and confirm before anything is paid.",rules_fallback,0.72
67,INV-00085,SI2602555,SUP-0038,Cleveland Bolt Supplies (Pty) Ltd,2026-04-12,PO-2026-00434,15878.05,E11_INVALID_TAX_INVOICE,VAT recoverability,MEDIUM,,2071.05,"The supply is R15,878.05, above the R5 000 full tax invoice threshold, but the document is missing the supplier VAT registration number. The R2,071.05 of input VAT cannot be claimed as it stands.","Request a compliant tax invoice before the VAT return is filed. The goods can still be paid for, the input tax cannot be claimed.",rules_fallback,0.72
19,INV-00026,TI2607532,SUP-0016,Benoni Industrial Paints (Pty) Ltd,2026-06-17,PO-2026-00240,41961.26,E08_ARITHMETIC,Mathematical accuracy,MEDIUM,,2043.43,"The 1 line items add up to R34,444.62 but the invoice states a subtotal of R36,488.05, a difference of R2,043.43.",Send it back. A document that does not add up cannot be approved for payment whatever the cause.,rules_fallback,0.72
165,INV-00191,TI2602147,SUP-0009,Rand Safety Equipment (Pty) Ltd,2026-04-03,PO-2026-00085,2015.08,E06_BANK_CHANGE,Payment redirection fraud,HIGH,,2015.08,The invoice asks for payment into ing Capitec Business Account account 02375179999. The master file holds Capitec Business account 2375179999 for Rand Safety Equipment (Pty) Ltd.,"Do not change the banking details off the back of a document. Phone the supplier on the number already held on file, never one printed on the invoice, and confirm before anything is paid.",rules_fallback,0.72
98,INV-00127,INV2630140,SUP-0016,Benoni Industrial Paints (Pty) Ltd,2026-09-17,PO-2026-94536,15270.71,E11_INVALID_TAX_INVOICE,VAT recoverability,MEDIUM,,1991.83,"The supply is R15,270.71, above the R5 000 full tax invoice threshold, but the document is missing the supplier VAT registration number. The R1,991.83 of input VAT cannot be claimed as it stands.","Request a compliant tax invoice before the VAT return is filed. The goods can still be paid for, the input tax cannot be claimed.",rules_fallback,0.72
143,INV-00174,INV2603731,SUP-0005,Boksburg Fastener Co (Pty) Ltd,2026-10-08,PO-2026-00077,14803.26,E11_INVALID_TAX_INVOICE,VAT recoverability,MEDIUM,,1930.86,"The supply is R14,803.26, above the R5 000 full tax invoice threshold, but the document is missing the supplier VAT registration number. The R1,930.86 of input VAT cannot be claimed as it stands.","Request a compliant tax invoice before the VAT return is filed. The goods can still be paid for, the input tax cannot be claimed.",rules_fallback,0.72
62,INV-00079,SI2606386,,Kya Sand Plastics (Pty) Ltd TAX INVOICE,2026-05-14,PO-2026-00470,14559.74,E11_INVALID_TAX_INVOICE,VAT recoverability,MEDIUM,,1899.1,"The supply is R14,559.74, above the R5 000 full tax invoice threshold, but the document is missing the supplier VAT registration number. The R1,899.10 of input VAT cannot be claimed as it stands.","Request a compliant tax invoice before the VAT return is filed. The goods can still be paid for, the input tax cannot be claimed.",rules_fallback,0.72
43,INV-00056,INV2506063,SUP-0031,Sebenza Workwear (Pty) Ltd,2026-01-17,PO-2025-00394,14173.26,E11_INVALID_TAX_INVOICE,VAT recoverability,MEDIUM,,1848.69,"The supply is R14,173.26, above the R5 000 full tax invoice threshold, but the document is missing the supplier VAT registration number. The R1,848.69 of input VAT cannot be claimed as it stands.","Request a compliant tax invoice before the VAT return is filed. The goods can still be paid for, the input tax cannot be claimed.",rules_fallback,0.72
89,INV-00118,002688,SUP-0024,Randburg Instrumentation (Pty) Ltd,2026-05-18,PO-2026-00186,45895.52,E01_PRICE_VARIANCE,Three way match,HIGH,1.0,1713.36,"INS-TMP01 charged at R2,593.85 against R2,022.73 on PO-2026-00186, a difference of 28.2 percent over 3 units.","Hold the line and ask the supplier for a credit note, or a written price increase agreed before the order was placed.",rules_fallback,0.72
204,INV-00246,INV2508168,SUP-0003,Protea Hydraulics (Pty) Ltd,2025-11-19,PO-2025-00112,36394.51,E08_ARITHMETIC,Mathematical accuracy,MEDIUM,,1693.85,"The 3 line items add up to R29,953.55 but the invoice states a subtotal of R31,647.40, a difference of R1,693.85.",Send it back. A document that does not add up cannot be approved for payment whatever the cause.,rules_fallback,0.72
179,INV-00207,INV2603724,SUP-0005,Boksburg Fastener Co (Pty) Ltd,2026-10-21,PO-2026-00143,12746.78,E11_INVALID_TAX_INVOICE,VAT recoverability,MEDIUM,,1662.62,"The supply is R12,746.78, above the R5 000 full tax invoice threshold, but the document is missing the supplier VAT registration number. The R1,662.62 of input VAT cannot be claimed as it stands.","Request a compliant tax invoice before the VAT return is filed. The goods can still be paid for, the input tax cannot be claimed.",rules_fallback,0.72
139,INV-00170,INV2657607,SUP-0040,Ophirton Hydraulic Rams (Pty) Ltd,2026-05-01,PO-2026-98934,1660.98,E04_NO_PO,Procurement compliance,MEDIUM,,1660.98,"The invoice quotes PO-2026-98934, which does not exist on the purchasing system.","Query the number with the supplier. A wrong reference is usually a typing error, but it can also be an invoice aimed at the wrong company.",rules_fallback,0.72
164,INV-00190,INV2503981,SUP-0035,Selby Scrap and Recovery (Pty) Ltd,2025-12-11,PO-2025-00175,12714.06,E11_INVALID_TAX_INVOICE,VAT recoverability,MEDIUM,,1658.36,"The supply is R12,714.06, above the R5 000 full tax invoice threshold, but the document is missing the supplier VAT registration number. The R1,658.36 of input VAT cannot be claimed as it stands.","Request a compliant tax invoice before the VAT return is filed. The goods can still be paid for, the input tax cannot be claimed.",rules_fallback,0.72
196,INV-00233,008109,SUP-0034,Chamdor Forklift Spares (Pty) Ltd,2026-06-21,PO-2026-00365,12438.52,E11_INVALID_TAX_INVOICE,VAT recoverability,MEDIUM,,1622.42,"The supply is R12,438.52, above the R5 000 full tax invoice threshold, but the document is missing the supplier VAT registration number, the name of the recipient. The R1,622.42 of input VAT cannot be claimed as it stands.","Request a compliant tax invoice before the VAT return is filed. The goods can still be paid for, the input tax cannot be claimed.",rules_fallback,0.72
183,INV-00217,TI2508008,SUP-0006,Highveld Lubricants (Pty) Ltd,2025-12-15,PO-2025-00207,10798.36,E08_ARITHMETIC,Mathematical accuracy,MEDIUM,,1619.75,"Subtotal R10,798.36 plus VAT R1,619.75 comes to R12,418.11, but the total demanded is R10,798.36.",Send it back for a corrected invoice before it reaches the payment run.,rules_fallback,0.72
158,INV-00186,INV2608523,SUP-0008,Umgeni Valve and Pump (Pty) Ltd,2026-05-10,PO-2026-00137,18183.2,E08_ARITHMETIC,Mathematical accuracy,MEDIUM,,1604.48,"The 1 line items add up to R14,207.00 but the invoice states a subtotal of R15,811.48, a difference of R1,604.48.",Send it back. A document that does not add up cannot be approved for payment whatever the cause.,rules_fallback,0.72
122,INV-00151,TI2506066,,Sebenza Workwear (Pty) Ltd TAX INVOICE,2025-11-24,PO-2025-00263,12206.68,E11_INVALID_TAX_INVOICE,VAT recoverability,MEDIUM,,1592.18,"The supply is R12,206.68, above the R5 000 full tax invoice threshold, but the document is missing the supplier VAT registration number. The R1,592.18 of input VAT cannot be claimed as it stands.","Request a compliant tax invoice before the VAT return is filed. The goods can still be paid for, the input tax cannot be claimed.",rules_fallback,0.72
47,INV-00062,TI2505735,SUP-0033,Aeroton Castors (Pty) Ltd,2025-10-29,PO-2025-00261,3241.09,E02_QTY_OVER_BILLED,Three way match,HIGH,1.0,1586.24,HDW-CST100 billed for 6 units but the warehouse booked in 2. 4 units were never received.,Pay the received quantity only. Ask the warehouse to confirm nothing is sitting unbooked before the balance is released.,rules_fallback,0.72
12,INV-00012,INV2604173,SUP-0018,Springs Gearbox Services (Pty) Ltd,2026-03-31,PO-2026-00437,10559.25,E08_ARITHMETIC,Mathematical accuracy,MEDIUM,,1583.89,"Subtotal R10,559.25 plus VAT R1,583.89 comes to R12,143.14, but the total demanded is R10,559.25.",Send it back for a corrected invoice before it reaches the payment run.,rules_fallback,0.72
167,INV-00195,TI2507636,SUP-0025,Sasolburg Pipe and Fittings (Pty) Ltd,2026-01-28,PO-2025-00508,12030.21,E11_INVALID_TAX_INVOICE,VAT recoverability,MEDIUM,,1569.16,"The supply is R12,030.21, above the R5 000 full tax invoice threshold, but the document is missing the supplier VAT registration number. The R1,569.16 of input VAT cannot be claimed as it stands.","Request a compliant tax invoice before the VAT return is filed. The goods can still be paid for, the input tax cannot be claimed.",rules_fallback,0.72
51,INV-00069,SI2605526,SUP-0026,Brakpan Sheet Metal (Pty) Ltd,2026-08-06,PO-2026-00170,10328.44,E08_ARITHMETIC,Mathematical accuracy,MEDIUM,,1549.27,"Subtotal R10,328.44 plus VAT R1,549.27 comes to R11,877.71, but the total demanded is R10,328.44.",Send it back for a corrected invoice before it reaches the payment run.,rules_fallback,0.72
214,INV-00260,TI2608101,SUP-0034,Chamdor Forklift Spares (Pty) Ltd,2026-10-31,PO-2026-00067,11774.25,E11_INVALID_TAX_INVOICE,VAT recoverability,MEDIUM,,1535.77,"The supply is R11,774.25, above the R5 000 full tax invoice threshold, but the document is missing the supplier VAT registration number. The R1,535.77 of input VAT cannot be claimed as it stands.","Request a compliant tax invoice before the VAT return is filed. The goods can still be paid for, the input tax cannot be claimed.",rules_fallback,0.72
66,INV-00084,002447,SUP-0012,Tshwane Pneumatics (Pty) Ltd,2026-03-02,PO-2026-00242,42448.41,E01_PRICE_VARIANCE,Three way match,HIGH,3.0,1515.1,"PNU-FRL12 charged at R1,771.62 against R1,468.60 on PO-2026-00242, a difference of 20.6 percent over 5 units.","Hold the line and ask the supplier for a credit note, or a written price increase agreed before the order was placed.",rules_fallback,0.72
21,INV-00028,SI2603010,SUP-0001,Midrand Bearing Supplies (Pty) Ltd,2026-08-10,PO-2026-00180,10095.46,E08_ARITHMETIC,Mathematical accuracy,MEDIUM,,1514.32,"Subtotal R10,095.46 plus VAT R1,514.32 comes to R11,609.78, but the total demanded is R10,095.46.",Send it back for a corrected invoice before it reaches the payment run.,rules_fallback,0.72
205,INV-00247,008731,SUP-0015,Alberton Seal and Gasket (Pty) Ltd,2026-03-16,PO-2026-00096,9903.5,E08_ARITHMETIC,Mathematical accuracy,MEDIUM,,1485.53,"Subtotal R9,903.50 plus VAT R1,485.53 comes to R11,389.03, but the total demanded is R9,903.50.",Send it back for a corrected invoice before it reaches the payment run.,rules_fallback,0.72
206,INV-00247,008731,SUP-0015,Alberton Seal and Gasket (Pty) Ltd,2026-03-16,PO-2026-00096,9903.5,E11_INVALID_TAX_INVOICE,VAT recoverability,MEDIUM,,1485.53,"The supply is R9,903.50, above the R5 000 full tax invoice threshold, but the document is missing the supplier VAT registration number. The R1,485.53 of input VAT cannot be claimed as it stands.","Request a compliant tax invoice before the VAT return is filed. The goods can still be paid for, the input tax cannot be claimed.",rules_fallback,0.72
73,INV-00097,SI2502452,SUP-0012,Tshwane Pneumatics (Pty) Ltd,2025-11-24,PO-2025-00311,223704.87,E08_ARITHMETIC,Mathematical accuracy,MEDIUM,,1474.88,"The 2 line items add up to R196,000.85 but the invoice states a subtotal of R194,525.97, a difference of R1,474.88.",Send it back. A document that does not add up cannot be approved for payment whatever the cause.,rules_fallback,0.72
56,INV-00075,INV2571174,SUP-0015,Alberton Seal and Gasket (Pty) Ltd,2025-12-02,,1468.11,E04_NO_PO,Procurement compliance,MEDIUM,,1468.11,"No order number appears on the invoice. R1,468.11 is being claimed for goods nobody raised an order for.",Find out who ordered this and under what authority. Maverick spend is bought at whatever price the supplier felt like.,rules_fallback,0.72
219,INV-00267,INV2604275,SUP-0023,Modderfontein Chemicals (Pty) Ltd,2026-08-18,PO-2026-00208,1466.66,E06_BANK_CHANGE,Payment redirection fraud,HIGH,,1466.66,The invoice asks for payment into Absa Bank account 8456632750. The master file holds Standard Bank account 9128660241 for Modderfontein Chemicals (Pty) Ltd.,"Do not change the banking details off the back of a document. Phone the supplier on the number already held on file, never one printed on the invoice, and confirm before anything is paid.",rules_fallback,0.72
171,INV-00200,SI2607539,SUP-0016,Benoni Industrial Paints (Pty) Ltd,2026-05-28,PO-2026-00113,23761.83,E01_PRICE_VARIANCE,Three way match,HIGH,1.0,1448.9,"PNT-PRM20 charged at R3,265.27 against R2,975.49 on PO-2026-00113, a difference of 9.7 percent over 5 units.","Hold the line and ask the supplier for a credit note, or a written price increase agreed before the order was placed.",rules_fallback,0.72
222,INV-00269,INV2606388,SUP-0027,Kya Sand Plastics (Pty) Ltd,2026-07-06,PO-2026-00084,42968.23,E01_PRICE_VARIANCE,Three way match,HIGH,1.0,1428.72,"PLA-HDPE10 charged at R4,226.46 against R3,869.28 on PO-2026-00084, a difference of 9.2 percent over 4 units.","Hold the line and ask the supplier for a credit note, or a written price increase agreed before the order was placed.",rules_fallback,0.72
108,INV-00139,SI2607605,SUP-0042,Crown Mines Motor Spares (Pty) Ltd,2026-09-25,PO-2026-00495,10762.0,E11_INVALID_TAX_INVOICE,VAT recoverability,MEDIUM,,1403.74,"The supply is R10,762.00, above the R5 000 full tax invoice threshold, but the document is missing the supplier VAT registration number. The R1,403.74 of input VAT cannot be claimed as it stands.","Request a compliant tax invoice before the VAT return is filed. The goods can still be paid for, the input tax cannot be claimed.",rules_fallback,0.72
131,INV-00160,006504,SUP-0037,Denver Crane Services (Pty) Ltd,2025-11-05,PO-2025-00323,14873.57,E01_PRICE_VARIANCE,Three way match,HIGH,1.0,1343.62,"MHD-FRK25 charged at R12,933.54 against R11,589.92 on PO-2025-00323, a difference of 11.6 percent over 1 units.","Hold the line and ask the supplier for a credit note, or a written price increase agreed before the order was placed.",rules_fallback,0.72
201,INV-00243,SI2504272,SUP-0023,Modderfontein Chemicals (Pty) Ltd,2025-11-07,PO-2025-00349,17265.0,E08_ARITHMETIC,Mathematical accuracy,MEDIUM,,1326.98,"The 2 line items add up to R16,340.02 but the invoice states a subtotal of R15,013.04, a difference of R1,326.98.",Send it back. A document that does not add up cannot be approved for payment whatever the cause.,rules_fallback,0.72
87,INV-00116,SI2508719,SUP-0020,Krugersdorp Chain and Sprocket (Pty) Ltd,2026-02-28,PO-2025-00288,10064.71,E11_INVALID_TAX_INVOICE,VAT recoverability,MEDIUM,,1312.79,"The supply is R10,064.71, above the R5 000 full tax invoice threshold, but the document is missing the supplier VAT registration number. The R1,312.79 of input VAT cannot be claimed as it stands.","Request a compliant tax invoice before the VAT return is filed. The goods can still be paid for, the input tax cannot be claimed.",rules_fallback,0.72
215,INV-00261,INV2606391,SUP-0027,Kya Sand Plastics (Pty) Ltd,2026-03-20,PO-2026-00423,8690.28,E08_ARITHMETIC,Mathematical accuracy,MEDIUM,,1303.54,"Subtotal R8,690.28 plus VAT R1,303.54 comes to R9,993.82, but the total demanded is R8,690.28.",Send it back for a corrected invoice before it reaches the payment run.,rules_fallback,0.72
128,INV-00155,TI2608268,SUP-0002,Vaal Steel Merchants (Pty) Ltd,2026-04-22,PO-2026-00258,7659.96,E08_ARITHMETIC,Mathematical accuracy,MEDIUM,,1148.99,"Subtotal R7,659.96 plus VAT R1,148.99 comes to R8,808.95, but the total demanded is R7,659.96.",Send it back for a corrected invoice before it reaches the payment run.,rules_fallback,0.72
127,INV-00154,INV2604175,SUP-0045,Salt River Marine Fittings (Pty) Ltd,2026-03-03,PO-2026-00430,1119.73,E06_BANK_CHANGE,Payment redirection fraud,HIGH,,1119.73,The invoice asks for payment into Absa Bank account 037652732. The master file holds Absa Bank account 37652732 for Salt River Marine Fittings (Pty) Ltd.,"Do not change the banking details off the back of a document. Phone the supplier on the number already held on file, never one printed on the invoice, and confirm before anything is paid.",rules_fallback,0.72
75,INV-00099,INV2619900,SUP-0030,Elandsfontein Rubber (Pty) Ltd,2026-02-09,PO-2026-99721,1115.48,E04_NO_PO,Procurement compliance,MEDIUM,,1115.48,"The invoice quotes PO-2026-99721, which does not exist on the purchasing system.","Query the number with the supplier. A wrong reference is usually a typing error, but it can also be an invoice aimed at the wrong company.",rules_fallback,0.72
40,INV-00051,INV2644810,SUP-0014,Kempton Cable Works (Pty) Ltd,2026-05-04,,7408.2,E08_ARITHMETIC,Mathematical accuracy,MEDIUM,,1111.23,"Subtotal R7,408.20 plus VAT R1,111.23 comes to R8,519.43, but the total demanded is R7,408.20.",Send it back for a corrected invoice before it reaches the payment run.,rules_fallback,0.72
160,INV-00187,SI2604960,SUP-0013,Isando Welding Supplies (Pty) Ltd,2026-04-29,PO-2026-00422,11848.34,E01_PRICE_VARIANCE,Three way match,HIGH,1.0,1091.68,"WLD-E6013 charged at R635.01 against R498.55 on PO-2026-00422, a difference of 27.4 percent over 8 units.","Hold the line and ask the supplier for a credit note, or a written price increase agreed before the order was placed.",rules_fallback,0.72
42,INV-00054,003988,SUP-0035,Selby Scrap and Recovery (Pty) Ltd,2025-12-03,PO-2025-00306,8339.69,E11_INVALID_TAX_INVOICE,VAT recoverability,MEDIUM,,1087.79,"The supply is R8,339.69, above the R5 000 full tax invoice threshold, but the document is missing the supplier VAT registration number. The R1,087.79 of input VAT cannot be claimed as it stands.","Request a compliant tax invoice before the VAT return is filed. The goods can still be paid for, the input tax cannot be claimed.",rules_fallback,0.72
213,INV-00256,007637,SUP-0025,Sasolburg Pipe and Fittings (Pty) Ltd,2026-07-17,PO-2026-00226,6701.07,E08_ARITHMETIC,Mathematical accuracy,MEDIUM,,1044.72,"The 2 line items add up to R4,782.30 but the invoice states a subtotal of R5,827.02, a difference of R1,044.72.",Send it back. A document that does not add up cannot be approved for payment whatever the cause.,rules_fallback,0.72
112,INV-00142,INV2605116,SUP-0036,Booysens Battery Centre (Pty) Ltd,2026-02-23,PO-2026-00107,8971.56,E01_PRICE_VARIANCE,Three way match,HIGH,1.0,1035.44,"ELE-CON40 charged at R1,950.34 against R1,691.48 on PO-2026-00107, a difference of 15.3 percent over 4 units.","Hold the line and ask the supplier for a credit note, or a written price increase agreed before the order was placed.",rules_fallback,0.72
212,INV-00255,002690,SUP-0024,Randburg Instrumentation (Pty) Ltd,2026-07-20,PO-2026-00179,28483.18,E08_ARITHMETIC,Mathematical accuracy,MEDIUM,,997.22,"The 2 line items add up to R25,765.20 but the invoice states a subtotal of R24,767.98, a difference of R997.22.",Send it back. A document that does not add up cannot be approved for payment whatever the cause.,rules_fallback,0.72
117,INV-00147,INV2503322,SUP-0030,Elandsfontein Rubber (Pty) Ltd,2025-11-26,PO-2025-00029,23591.65,E02_QTY_OVER_BILLED,Three way match,HIGH,1.0,976.88,SEL-ORK01 billed for 21 units but the warehouse booked in 20. 1 units were never received.,Pay the received quantity only. Ask the warehouse to confirm nothing is sitting unbooked before the balance is released.,rules_fallback,0.72
210,INV-00252,TI2604582,SUP-0043,New Centre Gas and Gear (Pty) Ltd,2026-03-20,PO-2026-00512,7349.78,E11_INVALID_TAX_INVOICE,VAT recoverability,MEDIUM,,958.67,"The supply is R7,349.78, above the R5 000 full tax invoice threshold, but the document is missing the supplier VAT registration number. The R958.67 of input VAT cannot be claimed as it stands.","Request a compliant tax invoice before the VAT return is filed. The goods can still be paid for, the input tax cannot be claimed.",rules_fallback,0.72
115,INV-00145,INV2505003,SUP-0010,Germiston Tool Hire (Pty) Ltd,2025-12-15,PO-2025-00404,58614.51,E05_VAT_ERROR,Tax accuracy,MEDIUM,,949.68,"VAT shown as R8,471.18 on a net amount of R50,143.33. At 15 percent it should be R7,521.50, which is R949.68 more than charged.",Ask for a corrected tax invoice. Claiming input VAT off a document that states the wrong amount exposes the company on assessment.,rules_fallback,0.72
129,INV-00156,SI2508409,SUP-0032,Linbro Park Hardware (Pty) Ltd,2025-12-08,PO-2025-00145,949.47,E06_BANK_CHANGE,Payment redirection fraud,HIGH,,949.47,The invoice asks for payment into Investec account 0685325346. The master file holds Investec account 685325346 for Linbro Park Hardware (Pty) Ltd.,"Do not change the banking details off the back of a document. Phone the supplier on the number already held on file, never one printed on the invoice, and confirm before anything is paid.",rules_fallback,0.72
157,INV-00185,INV2627451,SUP-0019,Edenvale Filtration (Pty) Ltd,2026-07-20,,6156.89,E08_ARITHMETIC,Mathematical accuracy,MEDIUM,,923.53,"Subtotal R6,156.89 plus VAT R923.53 comes to R7,080.42, but the total demanded is R6,156.89.",Send it back for a corrected invoice before it reaches the payment run.,rules_fallback,0.72
217,INV-00264,INV2506384,SUP-0027,Kya Sand Plastics (Pty) Ltd,2025-12-26,PO-2025-00447,5834.82,E08_ARITHMETIC,Mathematical accuracy,MEDIUM,,875.22,"Subtotal R5,834.82 plus VAT R875.22 comes to R6,710.04, but the total demanded is R5,834.82.",Send it back for a corrected invoice before it reaches the payment run.,rules_fallback,0.72
14,INV-00017,003014,SUP-0001,Midrand Bearing Supplies (Pty) Ltd,2026-05-01,PO-2026-00072,5217.1,E08_ARITHMETIC,Mathematical accuracy,MEDIUM,,782.57,"Subtotal R5,217.10 plus VAT R782.57 comes to R5,999.67, but the total demanded is R5,217.10.",Send it back for a corrected invoice before it reaches the payment run.,rules_fallback,0.72
10,INV-00010,SI2608413,SUP-0032,Linbro Park Hardware (Pty) Ltd,2026-09-11,PO-2026-00103,5816.49,E11_INVALID_TAX_INVOICE,VAT recoverability,MEDIUM,,758.67,"The supply is R5,816.49, above the R5 000 full tax invoice threshold, but the document is missing the supplier VAT registration number. The R758.67 of input VAT cannot be claimed as it stands.","Request a compliant tax invoice before the VAT return is filed. The goods can still be paid for, the input tax cannot be claimed.",rules_fallback,0.72
7,INV-00007,008410,SUP-0032,Linbro Park Hardware (Pty) Ltd,2026-05-12,PO-2026-00500,5796.46,E11_INVALID_TAX_INVOICE,VAT recoverability,MEDIUM,,756.06,"The supply is R5,796.46, above the R5 000 full tax invoice threshold, but the document is missing the supplier VAT registration number. The R756.06 of input VAT cannot be claimed as it stands.","Request a compliant tax invoice before the VAT return is filed. The goods can still be paid for, the input tax cannot be claimed.",rules_fallback,0.72
216,INV-00263,005362,SUP-0007,Cape Conveyor Systems (Pty) Ltd,2025-12-11,PO-2025-00396,45546.53,E08_ARITHMETIC,Mathematical accuracy,MEDIUM,,573.65,"The 2 line items add up to R40,179.33 but the invoice states a subtotal of R39,605.68, a difference of R573.65.",Send it back. A document that does not add up cannot be approved for payment whatever the cause.,rules_fallback,0.72
195,INV-00231,INV2501612,SUP-0004,Sandton Electrical Wholesale (Pty) Ltd,2025-11-24,PO-2025-00091,3749.23,E08_ARITHMETIC,Mathematical accuracy,MEDIUM,,562.38,"Subtotal R3,749.23 plus VAT R562.38 comes to R4,311.61, but the total demanded is R3,749.23.",Send it back for a corrected invoice before it reaches the payment run.,rules_fallback,0.72
228,INV-00274,TI2607630,SUP-0025,Sasolburg Pipe and Fittings (Pty) Ltd,2026-01-26,PO-2026-00425,3547.16,E08_ARITHMETIC,Mathematical accuracy,MEDIUM,,532.07,"Subtotal R3,547.16 plus VAT R532.07 comes to R4,079.23, but the total demanded is R3,547.16.",Send it back for a corrected invoice before it reaches the payment run.,rules_fallback,0.72
218,INV-00265,SI2603727,SUP-0005,Boksburg Fastener Co (Pty) Ltd,2026-03-16,PO-2026-00357,3301.26,E08_ARITHMETIC,Mathematical accuracy,MEDIUM,,495.19,"Subtotal R3,301.26 plus VAT R495.19 comes to R3,796.45, but the total demanded is R3,301.26.",Send it back for a corrected invoice before it reaches the payment run.,rules_fallback,0.72
120,INV-00150,INV2502149,SUP-0009,Rand Safety Equipment (Pty) Ltd,2025-10-31,PO-2025-00410,466.92,E06_BANK_CHANGE,Payment redirection fraud,HIGH,,466.92,The invoice asks for payment into Capitec Business account 02375179999. The master file holds Capitec Business account 2375179999 for Rand Safety Equipment (Pty) Ltd.,"Do not change the banking details off the back of a document. Phone the supplier on the number already held on file, never one printed on the invoice, and confirm before anything is paid.",rules_fallback,0.72
148,INV-00178,INV2690337,SUP-0031,Sebenza Workwear (Pty) Ltd,2026-08-03,PO-2026-00050,464.04,E12_GOODS_NOT_RECEIVED,Three way match,HIGH,,464.04,"Order PO-2026-00050 exists and the supplier has invoiced R464.04, but the warehouse has never booked anything in against it.","Confirm with the warehouse before paying. Either the delivery never arrived or it arrived and was not recorded, and both need fixing.",rules_fallback,0.72
100,INV-00128,008099,SUP-0011,Karoo Abrasives (Pty) Ltd,2026-06-19,PO-2026-00462,3075.8,E08_ARITHMETIC,Mathematical accuracy,MEDIUM,,430.61,"Subtotal R3,075.80 plus VAT R430.61 comes to R3,506.41, but the total demanded is R3,075.80.",Send it back for a corrected invoice before it reaches the payment run.,rules_fallback,0.72
130,INV-00159,INV2506062,SUP-0031,Sebenza Workwear (Pty) Ltd,2025-11-13,PO-2025-00019,4324.17,E01_PRICE_VARIANCE,Three way match,HIGH,1.0,416.55,"PPE-BOOT8 charged at R752.03 against R668.72 on PO-2025-00019, a difference of 12.5 percent over 5 units.","Hold the line and ask the supplier for a credit note, or a written price increase agreed before the order was placed.",rules_fallback,0.72
180,INV-00208,004170,SUP-0045,Salt River Marine Fittings (Pty) Ltd,2025-12-31,PO-2025-00491,51456.7,E01_PRICE_VARIANCE,Three way match,HIGH,1.0,413.46,"PIP-FLG80 charged at R707.41 against R638.50 on PO-2025-00491, a difference of 10.8 percent over 6 units.","Hold the line and ask the supplier for a credit note, or a written price increase agreed before the order was placed.",rules_fallback,0.72
136,INV-00165,INV2603451,SUP-0040,Ophirton Hydraulic Rams (Pty) Ltd,2026-07-16,PO-2026-00291,1347.43,E02_QTY_OVER_BILLED,Three way match,HIGH,1.0,390.56,HYD-FIT12 billed for 12 units but the warehouse booked in 8. 4 units were never received.,Pay the received quantity only. Ask the warehouse to confirm nothing is sitting unbooked before the balance is released.,rules_fallback,0.72
142,INV-00172,003017,SUP-0001,Midrand Bearing Supplies (Pty) Ltd,2025-11-06,PO-2025-00488,61681.65,E05_VAT_ERROR,Tax accuracy,MEDIUM,,309.92,"VAT shown as R8,314.93 on a net amount of R53,366.72. At 15 percent it should be R8,005.01, which is R309.92 more than charged.",Ask for a corrected tax invoice. Claiming input VAT off a document that states the wrong amount exposes the company on assessment.,rules_fallback,0.72
135,INV-00164,TI2606074,SUP-0031,Sebenza Workwear (Pty) Ltd,2026-06-03,PO-2026-00187,1919.54,E08_ARITHMETIC,Mathematical accuracy,MEDIUM,,287.93,"Subtotal R1,919.54 plus VAT R287.93 comes to R2,207.47, but the total demanded is R1,919.54.",Send it back for a corrected invoice before it reaches the payment run.,rules_fallback,0.72
231,INV-00279,SI2604579,SUP-0043,New Centre Gas and Gear (Pty) Ltd,2026-01-26,PO-2026-00489,1889.1,E08_ARITHMETIC,Mathematical accuracy,MEDIUM,,283.37,"Subtotal R1,889.10 plus VAT R283.37 comes to R2,172.47, but the total demanded is R1,889.10.",Send it back for a corrected invoice before it reaches the payment run.,rules_fallback,0.72
74,INV-00098,INV2608100,SUP-0011,Karoo Abrasives (Pty) Ltd,2026-07-30,PO-2026-00185,1793.41,E08_ARITHMETIC,Mathematical accuracy,MEDIUM,,269.01,"Subtotal R1,793.41 plus VAT R269.01 comes to R2,062.42, but the total demanded is R1,793.41.",Send it back for a corrected invoice before it reaches the payment run.,rules_fallback,0.72
140,INV-00170,INV2657607,SUP-0040,Ophirton Hydraulic Rams (Pty) Ltd,2026-05-01,PO-2026-98934,1660.98,E08_ARITHMETIC,Mathematical accuracy,MEDIUM,,249.15,"Subtotal R1,660.98 plus VAT R249.15 comes to R1,910.13, but the total demanded is R1,660.98.",Send it back for a corrected invoice before it reaches the payment run.,rules_fallback,0.72
57,INV-00075,INV2571174,SUP-0015,Alberton Seal and Gasket (Pty) Ltd,2025-12-02,,1468.11,E08_ARITHMETIC,Mathematical accuracy,MEDIUM,,220.22,"Subtotal R1,468.11 plus VAT R220.22 comes to R1,688.33, but the total demanded is R1,468.11.",Send it back for a corrected invoice before it reaches the payment run.,rules_fallback,0.72
76,INV-00100,SI2502561,SUP-0038,Cleveland Bolt Supplies (Pty) Ltd,2025-11-10,PO-2025-00426,640.0,E08_ARITHMETIC,Mathematical accuracy,MEDIUM,,96.0,"Subtotal R640.00 plus VAT R96.00 comes to R736.00, but the total demanded is R640.00.",Send it back for a corrected invoice before it reaches the payment run.,rules_fallback,0.72
175,INV-00203,TI2503452,SUP-0040,Ophirton Hydraulic Rams (Pty) Ltd,2025-12-10,PO-2025-00100,5285.52,E05_VAT_ERROR,Tax accuracy,MEDIUM,,74.01,"VAT shown as R753.77 on a net amount of R4,531.75. At 15 percent it should be R679.76, which is R74.01 more than charged.",Ask for a corrected tax invoice. Claiming input VAT off a document that states the wrong amount exposes the company on assessment.,rules_fallback,0.72
119,INV-00150,INV2502149,SUP-0009,Rand Safety Equipment (Pty) Ltd,2025-10-31,PO-2025-00410,466.92,E08_ARITHMETIC,Mathematical accuracy,MEDIUM,,70.04,"Subtotal R466.92 plus VAT R70.04 comes to R536.96, but the total demanded is R466.92.",Send it back for a corrected invoice before it reaches the payment run.,rules_fallback,0.72
149,INV-00178,INV2690337,SUP-0031,Sebenza Workwear (Pty) Ltd,2026-08-03,PO-2026-00050,464.04,E08_ARITHMETIC,Mathematical accuracy,MEDIUM,,69.61,"Subtotal R464.04 plus VAT R69.61 comes to R533.65, but the total demanded is R464.04.",Send it back for a corrected invoice before it reaches the payment run.,rules_fallback,0.72
82,INV-00107,INV2606006,SUP-0022,Nigel Compressor Services (Pty) Ltd,2026-06-03,PO-2026-00334,13902.07,E05_VAT_ERROR,Tax accuracy,MEDIUM,,47.58,"VAT shown as R1,854.69 on a net amount of R12,047.38. At 15 percent it should be R1,807.11, which is R47.58 more than charged.",Ask for a corrected tax invoice. Claiming input VAT off a document that states the wrong amount exposes the company on assessment.,rules_fallback,0.72
86,INV-00114,TI2605905,SUP-0028,Wadeville Hose and Coupling (Pty) Ltd,2026-08-26,PO-2026-00228,306.39,E08_ARITHMETIC,Mathematical accuracy,MEDIUM,,45.96,"Subtotal R306.39 plus VAT R45.96 comes to R352.35, but the total demanded is R306.39.",Send it back for a corrected invoice before it reaches the payment run.,rules_fallback,0.72
77,INV-00104,SI2603723,SUP-0005,Boksburg Fastener Co (Pty) Ltd,2026-01-06,PO-2025-00051,4968.23,E05_VAT_ERROR,Tax accuracy,MEDIUM,,43.59,"VAT shown as R610.13 on a net amount of R4,358.10. At 15 percent it should be R653.72, which is R43.59 less than charged.",Ask for a corrected tax invoice. Claiming input VAT off a document that states the wrong amount exposes the company on assessment.,rules_fallback,0.72
1,INV-00001,INV2502691,SUP-0024,Randburg Instrumentation (Pty) Ltd,2025-12-15,PO-2025-00276,44957.46,E05_VAT_ERROR,Tax accuracy,MEDIUM,,39.77,"VAT shown as R5,898.60 on a net amount of R39,058.86. At 15 percent it should be R5,858.83, which is R39.77 more than charged.",Ask for a corrected tax invoice. Claiming input VAT off a document that states the wrong amount exposes the company on assessment.,rules_fallback,0.72
99,INV-00128,008099,SUP-0011,Karoo Abrasives (Pty) Ltd,2026-06-19,PO-2026-00462,3075.8,E05_VAT_ERROR,Tax accuracy,MEDIUM,,30.76,"VAT shown as R430.61 on a net amount of R3,075.80. At 15 percent it should be R461.37, which is R30.76 less than charged.",Ask for a corrected tax invoice. Claiming input VAT off a document that states the wrong amount exposes the company on assessment.,rules_fallback,0.72
138,INV-00169,INV2602755,SUP-0044,Village Main Instruments (Pty) Ltd,2026-04-22,PO-2026-00293,27154.4,E05_VAT_ERROR,Tax accuracy,MEDIUM,,27.34,"VAT shown as R3,565.65 on a net amount of R23,588.75. At 15 percent it should be R3,538.31, which is R27.34 more than charged.",Ask for a corrected tax invoice. Claiming input VAT off a document that states the wrong amount exposes the company on assessment.,rules_fallback,0.72
188,INV-00220,INV2602758,SUP-0044,Village Main Instruments (Pty) Ltd,2026-05-04,PO-2026-00322,23649.63,E05_VAT_ERROR,Tax accuracy,MEDIUM,,18.07,"VAT shown as R3,100.45 on a net amount of R20,549.18. At 15 percent it should be R3,082.38, which is R18.07 more than charged.",Ask for a corrected tax invoice. Claiming input VAT off a document that states the wrong amount exposes the company on assessment.,rules_fallback,0.72
54,INV-00072,TI2503326,SUP-0030,Elandsfontein Rubber (Pty) Ltd,2025-11-25,PO-2025-00181,5040.72,E05_VAT_ERROR,Tax accuracy,MEDIUM,,12.75,"VAT shown as R668.57 on a net amount of R4,372.15. At 15 percent it should be R655.82, which is R12.75 more than charged.",Ask for a corrected tax invoice. Claiming input VAT off a document that states the wrong amount exposes the company on assessment.,rules_fallback,0.72
102,INV-00130,TI2605533,SUP-0026,Brakpan Sheet Metal (Pty) Ltd,2026-02-16,PO-2026-00390,1053.37,E05_VAT_ERROR,Tax accuracy,MEDIUM,,9.24,"VAT shown as R129.36 on a net amount of R924.01. At 15 percent it should be R138.60, which is R9.24 less than charged.",Ask for a corrected tax invoice. Claiming input VAT off a document that states the wrong amount exposes the company on assessment.,rules_fallback,0.72
91,INV-00120,TI2601616,SUP-0004,Sandton Electrical Wholesale (Pty) Ltd,2026-02-06,PO-2025-00188,58562.06,E05_VAT_ERROR,Tax accuracy,MEDIUM,,5.61,"VAT shown as R7,643.41 on a net amount of R50,918.65. At 15 percent it should be R7,637.80, which is R5.61 more than charged.",Ask for a corrected tax invoice. Claiming input VAT off a document that states the wrong amount exposes the company on assessment.,rules_fallback,0.72
27,INV-00036,INV2505880,SUP-0039,Robertsham Glass and Perspex (Pty) Ltd,2025-11-05,PO-2025-00200,191222.16,E09_DATE_ANOMALY,Cut off and backdating,MEDIUM,,0.0,"The invoice is dated 2025-11-05 but the order was only raised on 2025-11-17, 12 days later.",Goods cannot be billed before they were ordered. Establish whether the order was raised after the fact to cover a purchase already made.,rules_fallback,0.72
84,INV-00110,INV2505530,SUP-0026,Brakpan Sheet Metal (Pty) Ltd,2025-10-13,PO-2025-00047,127305.62,E09_DATE_ANOMALY,Cut off and backdating,MEDIUM,,0.0,"The invoice is dated 2025-10-13 but the order was only raised on 2025-10-31, 18 days later.",Goods cannot be billed before they were ordered. Establish whether the order was raised after the fact to cover a purchase already made.,rules_fallback,0.72
101,INV-00129,005519,SUP-0026,Brakpan Sheet Metal (Pty) Ltd,2026-01-11,PO-2026-00059,2887.65,E09_DATE_ANOMALY,Cut off and backdating,MEDIUM,,0.0,"The invoice is dated 2026-01-11 but the order was only raised on 2026-01-28, 17 days later.",Goods cannot be billed before they were ordered. Establish whether the order was raised after the fact to cover a purchase already made.,rules_fallback,0.72
111,INV-00141,006010,SUP-0022,Nigel Compressor Services (Pty) Ltd,2025-12-10,PO-2025-00007,124416.91,E09_DATE_ANOMALY,Cut off and backdating,MEDIUM,,0.0,"The invoice is dated 2025-12-10 but the order was only raised on 2025-12-17, 7 days later.",Goods cannot be billed before they were ordered. Establish whether the order was raised after the fact to cover a purchase already made.,rules_fallback,0.72
118,INV-00149,SI2508112,SUP-0034,Chamdor Forklift Spares (Pty) Ltd,2025-10-12,PO-2025-00246,25859.36,E09_DATE_ANOMALY,Cut off and backdating,MEDIUM,,0.0,"The invoice is dated 2025-10-12 but the order was only raised on 2025-10-31, 19 days later.",Goods cannot be billed before they were ordered. Establish whether the order was raised after the fact to cover a purchase already made.,rules_fallback,0.72
208,INV-00248,005359,SUP-0007,Cape Conveyor Systems (Pty) Ltd,2025-11-07,PO-2025-00109,227999.44,E09_DATE_ANOMALY,Cut off and backdating,MEDIUM,,0.0,"The invoice is dated 2025-11-07 but the order was only raised on 2025-12-02, 25 days later.",Goods cannot be billed before they were ordered. Establish whether the order was raised after the fact to cover a purchase already made.,rules_fallback,0.72
