invoice_id,pdf_file,invoice_number,supplier_name,supplier_id,po_number,invoice_date,due_date,subtotal_ex_vat,vat_amount,total_incl_vat,processing_status,extraction_method,extraction_confidence,exceptions_raised,value_at_risk,net_exposure
INV-00166,INV-00166.pdf,006008,Nigel Compressor Services (Pty) Ltd,SUP-0022,PO-2026-00225,2026-05-21,2026-07-20,245642.95,36846.44,282489.39,exception,rules_fallback,0.72,1,282489.39,282489.39
INV-00122,INV-00122.pdf,INV2688162,Tshwane Pneumatics (Pty) Ltd,SUP-0012,PO-2026-00042,2026-06-04,2026-07-19,206291.5,30943.73,237235.23,exception,rules_fallback,0.72,1,237235.23,237235.23
INV-00096,INV-00096.pdf,INV2635829,Witbank Belting (Pty) Ltd,SUP-0021,,2026-07-19,2026-07-19,69544.86,10431.73,79976.59,exception,rules_fallback,0.72,3,170384.91,79976.59
INV-00218,INV-00218.pdf,SI2605844,Roodepoort Motor Rewinds (Pty) Ltd,SUP-0017,PO-2025-00367,2026-01-09,2026-02-23,75963.36,11394.5,75963.36,exception,rules_fallback,0.72,3,163321.22,75963.36
INV-00152,INV-00152.pdf,TI2605846,Roodepoort Motor Rewinds (Pty) Ltd,SUP-0017,PO-2026-00070,2026-04-23,2026-04-23,96488.3,14473.25,110961.55,exception,rules_fallback,0.72,3,139464.32,139464.32
INV-00020,INV-00020.pdf,INV2623514,Roodepoort Motor Rewinds (Pty) Ltd,SUP-0017,,2026-07-17,2026-07-17,55748.86,8362.33,64111.19,exception,rules_fallback,0.72,3,136584.71,64111.19
INV-00179,INV-00179.pdf,INV2679092,Robertsham Glass and Perspex (Pty) Ltd,SUP-0039,PO-2026-00069,2026-07-16,2026-08-15,113187.91,16978.19,130166.1,exception,rules_fallback,0.72,1,130166.1,130166.1
INV-00223,INV-00223.pdf,INV2508005,Highveld Lubricants (Pty) Ltd Invoice No. INV2508005,,PO-2025-00315,2025-11-21,2026-01-05,96423.93,14463.59,110887.52,exception,rules_fallback,0.72,2,125351.11,110887.52
INV-00141,INV-00141.pdf,006010,Nigel Compressor Services (Pty) Ltd,SUP-0022,PO-2025-00007,2025-12-10,2026-01-09,108188.62,16228.29,124416.91,exception,rules_fallback,0.72,2,124416.91,124416.91
INV-00176,INV-00176.pdf,SI2506002,Nigel Compressor Services (Pty) Ltd,SUP-0022,PO-2025-00283,2025-12-18,2026-02-16,89533.09,13429.96,102963.05,exception,rules_fallback,0.72,1,102963.05,102963.05
INV-00106,INV-00106.pdf,INV2649613,Sasolburg Pipe and Fittings (Pty) Ltd,SUP-0025,,2026-05-18,2026-06-17,42724.99,6408.75,49133.74,exception,rules_fallback,0.72,2,98267.48,49133.74
INV-00136,INV-00136.pdf,INV2667882,Sasolburg Pipe and Fittings (Pty) Ltd,SUP-0025,,2026-05-11,2026-06-10,42689.55,6403.43,49092.98,exception,rules_fallback,0.72,2,98185.96,49092.98
INV-00003,INV-00003.pdf,INV2666625,Sasolburg Pipe and Fittings (Pty) Ltd,SUP-0025,,2026-05-20,2026-06-19,42200.83,6330.12,48530.95,exception,rules_fallback,0.72,2,97061.9,48530.95
INV-00126,INV-00126.pdf,INV2694939,Sasolburg Pipe and Fittings (Pty) Ltd,SUP-0025,,2026-05-14,2026-06-13,41971.04,6295.66,48266.7,exception,rules_fallback,0.72,2,96533.4,48266.7
INV-00039,INV-00039.pdf,SI2605844,Roodepoort Motor Rewinds (Pty) Ltd,SUP-0017,PO-2025-00367,2026-01-09,2026-02-23,75963.36,11394.5,87357.86,exception,rules_fallback,0.72,1,87357.86,87357.86
INV-00175,INV-00175.pdf,INV2629388,Crown Mines Motor Spares (Pty) Ltd,SUP-0042,PO-2026-96727,2026-10-15,2026-10-15,60878.68,9131.8,70010.48,exception,rules_fallback,0.72,2,79142.28,70010.48
INV-00222,INV-00222.pdf,TI2606501,Denver Crane Services (Pty) Ltd,SUP-0037,PO-2026-00150,2026-05-22,2026-05-22,522472.66,78370.9,600843.56,exception,rules_fallback,0.72,1,78370.9,78370.9
INV-00146,INV-00146.pdf,INV2508001,Highveld Lubricants (Pty) Ltd,SUP-0006,PO-2025-00032,2025-11-10,2025-12-25,66064.45,9909.67,75974.12,exception,rules_fallback,0.72,1,75974.12,75974.12
INV-00189,INV-00189.pdf,INV2699704,Witbank Belting (Pty) Ltd,SUP-0021,,2026-09-25,2026-10-25,34176.99,5126.55,34176.99,exception,rules_fallback,0.72,3,73480.53,34176.99
INV-00113,INV-00113.pdf,005520A,Brakpan Sheet Metal (Pty) Ltd,SUP-0026,PO-2025-00344,2025-12-12,2026-01-04,45991.57,6898.74,52890.31,exception,rules_fallback,0.72,1,52890.31,52890.31
INV-00199,INV-00199.pdf,TI2605898,Wadeville Hose and Coupling (Pty) Ltd,SUP-0028,PO-2026-00253,2026-09-25,2026-09-25,100445.93,15066.89,115512.82,exception,rules_fallback,0.72,2,52203.05,52203.05
INV-00208,INV-00208.pdf,004170,Salt River Marine Fittings (Pty) Ltd,SUP-0045,PO-2025-00491,2025-12-31,2026-01-30,44744.96,6711.74,51456.7,exception,rules_fallback,0.72,2,51870.159999999996,51870.16
INV-00253,INV-00253.pdf,003001,Midrand Bearing Supplies (Pty) Ltd,SUP-0001,PO-2025-00424,2025-12-10,2026-02-08,44267.11,6640.07,50907.18,exception,rules_fallback,0.72,1,50907.18,50907.18
INV-00184,INV-00184.pdf,INV2604267,Modderfontein Chemicals (Pty) Ltd,SUP-0023,PO-2026-00121,2026-06-01,2026-07-01,38209.56,5731.43,38209.56,exception,rules_fallback,0.72,2,43940.99,43940.99
INV-00042,INV-00042.pdf,INV2637183,Kempton Cable Works (Pty) Ltd,SUP-0014,,2026-01-30,2026-03-01,19005.63,2850.84,21856.47,exception,rules_fallback,0.72,2,43712.94,21856.47
INV-00064,INV-00064.pdf,INV2677836,Protea Hydraulics (Pty) Ltd,SUP-0003,,2026-05-06,2026-06-05,36787.02,5518.05,36787.02,exception,rules_fallback,0.72,2,42305.07,36787.02
INV-00071,INV-00071.pdf,INV2607617,Crown Mines Motor Spares (Pty) Ltd,SUP-0042,PO-2026-00402,2026-04-10,2026-06-09,257753.75,38663.06,257753.75,exception,rules_fallback,0.72,1,38663.06,38663.06
INV-00032,INV-00032.pdf,006744,City Deep Cold Storage Spares (Pty) Ltd,SUP-0041,PO-2026-00168,2026-02-19,2026-04-20,241825.6,36273.84,241825.6,exception,rules_fallback,0.72,1,36273.84,36273.84
INV-00236,INV-00236.pdf,INV2602769,Village Main Instruments (Pty) Ltd,SUP-0044,PO-2026-00002,2026-07-04,2026-07-04,238595.5,35789.33,274384.83,exception,rules_fallback,0.72,1,35789.33,35789.33
INV-00192,INV-00192.pdf,SI2606742,City Deep Cold Storage Spares (Pty) Ltd,SUP-0041,PO-2026-00178,2026-11-09,2026-11-09,229842.56,34476.38,264318.94,exception,rules_fallback,0.72,1,34476.38,34476.38
INV-00280,INV-00280.pdf,TI2606723,City Deep Cold Storage Spares (Pty) Ltd,SUP-0041,PO-2026-00157,2026-01-27,2026-03-28,29756.77,4463.52,34220.29,exception,rules_fallback,0.72,1,34220.29,34220.29
INV-00248,INV-00248.pdf,005359,Cape Conveyor Systems (Pty) Ltd,SUP-0007,PO-2025-00109,2025-11-07,2025-12-07,227999.44,34199.92,227999.44,exception,rules_fallback,0.72,2,34199.92,34199.92
INV-00268,INV-00268.pdf,INV2640453,Randburg Instrumentation (Pty) Ltd,SUP-0024,PO-2026-00001,2026-07-23,2026-07-23,23550.48,3532.57,27083.05,exception,rules_fallback,0.72,2,30615.62,27083.05
INV-00137,INV-00137.pdf,INV2606738,City Deep Cold Storage Spares (Pty) Ltd,SUP-0041,PO-2026-00336,2026-10-09,2026-10-09,201150.25,30172.54,231322.79,exception,rules_fallback,0.72,1,30172.54,30172.54
INV-00277,INV-00277.pdf,INV2605842,Roodepoort Motor Rewinds (Pty) Ltd,SUP-0017,PO-2026-00328,2026-05-20,2026-07-04,23358.96,3503.84,26862.8,exception,rules_fallback,0.72,2,29281.8,29281.8
INV-00080,INV-00080.pdf,SI2605125,Booysens Battery Centre (Pty) Ltd,SUP-0036,PO-2026-00292,2026-06-16,2026-07-16,25203.72,3780.56,28984.28,exception,rules_fallback,0.72,1,28984.28,28984.28
INV-00036,INV-00036.pdf,INV2505880,Robertsham Glass and Perspex (Pty) Ltd,SUP-0039,PO-2025-00200,2025-11-05,2025-12-05,191222.16,28683.32,191222.16,exception,rules_fallback,0.72,2,28683.32,28683.32
INV-00091,INV-00091.pdf,INV2606003,Nigel Compressor Services (Pty) Ltd,SUP-0022,PO-2025-00321,2026-01-02,2026-03-03,24525.5,3678.83,24525.5,exception,rules_fallback,0.72,2,28204.33,28204.33
INV-00049,INV-00049.pdf,INV2506725,City Deep Cold Storage Spares (Pty) Ltd,SUP-0041,PO-2025-00211,2026-02-27,2026-02-27,173720.9,26058.14,199779.04,exception,rules_fallback,0.72,1,26058.14,26058.14
INV-00078,INV-00078.pdf,INV2672691,Midrand Bearing Supplies (Pty) Ltd,SUP-0001,PO-2026-93399,2026-08-24,2026-09-23,21197.27,3179.59,24376.86,exception,rules_fallback,0.72,1,24376.86,24376.86
INV-00052,INV-00052.pdf,INV2560784,Germiston Tool Hire (Pty) Ltd,SUP-0010,PO-2025-00126,2025-10-27,2025-11-26,21189.18,3178.38,24367.56,exception,rules_fallback,0.72,1,24367.56,24367.56
INV-00070,INV-00070.pdf,003004,Midrand Bearing Supplies (Pty) Ltd,SUP-0001,PO-2026-00171,2026-07-15,2026-09-13,19702.09,2955.31,22657.4,exception,rules_fallback,0.72,1,22657.4,22657.4
INV-00029,INV-00029.pdf,005119,Booysens Battery Centre (Pty) Ltd,SUP-0036,PO-2025-00013,2025-12-22,2026-01-21,19602.49,2940.37,22542.86,exception,rules_fallback,0.72,1,22542.86,22542.86
INV-00201,INV-00201.pdf,INV2606729,City Deep Cold Storage Spares (Pty) Ltd,SUP-0041,PO-2026-00115,2026-03-23,2026-03-23,149671.15,22450.67,172121.82,exception,rules_fallback,0.72,1,22450.67,22450.67
INV-00271,INV-00271.pdf,INV2552466,Elandsfontein Rubber (Pty) Ltd,SUP-0030,PO-2025-00129,2025-12-28,2025-12-28,16681.32,2502.2,19183.52,exception,rules_fallback,0.72,2,21685.72,19183.52
INV-00057,INV-00057.pdf,TI2604181,Salt River Marine Fittings (Pty) Ltd,SUP-0045,PO-2026-00400,2026-08-20,2026-08-20,15369.16,2305.37,17674.53,exception,rules_fallback,0.72,2,19979.899999999998,19979.9
INV-00183,INV-00183.pdf,INV2622999,Chamdor Forklift Spares (Pty) Ltd,SUP-0034,,2026-04-20,2026-05-20,16063.1,2409.47,18472.57,exception,rules_fallback,0.72,1,18472.57,18472.57
INV-00127,INV-00127.pdf,INV2630140,Benoni Industrial Paints (Pty) Ltd,SUP-0016,PO-2026-94536,2026-09-17,2026-09-17,13278.88,1991.83,15270.71,exception,rules_fallback,0.72,2,17262.54,15270.71
INV-00024,INV-00024.pdf,INV2563626,City Deep Cold Storage Spares (Pty) Ltd,SUP-0041,PO-2025-00063,2025-11-26,2026-01-25,14581.46,2187.22,16768.68,exception,rules_fallback,0.72,1,16768.68,16768.68
INV-00079,INV-00079.pdf,SI2606386,Kya Sand Plastics (Pty) Ltd TAX INVOICE,,PO-2026-00470,2026-05-14,2026-06-13,12660.64,1899.1,14559.74,exception,rules_fallback,0.72,2,16458.84,14559.74
INV-00105,INV-00105.pdf,INV2596644,Edenvale Filtration (Pty) Ltd,SUP-0019,,2025-10-23,2025-11-22,7143.21,1071.48,8214.69,exception,rules_fallback,0.72,2,16429.38,8214.69
INV-00235,INV-00235.pdf,002443,Tshwane Pneumatics (Pty) Ltd,SUP-0012,PO-2026-00268,2026-06-29,2026-08-13,14226.78,2134.02,16360.8,exception,rules_fallback,0.72,1,16360.8,16360.8
INV-00051,INV-00051.pdf,INV2644810,Kempton Cable Works (Pty) Ltd,SUP-0014,,2026-05-04,2026-06-03,7408.2,1111.23,7408.2,exception,rules_fallback,0.72,3,15927.63,7408.2
INV-00143,INV-00143.pdf,INV2605911,Wadeville Hose and Coupling (Pty) Ltd,SUP-0028,PO-2026-00135,2026-08-06,2026-09-05,29539.35,4430.9,29539.35,exception,rules_fallback,0.72,2,15894.16,15894.16
INV-00270,INV-00270.pdf,TI2605895,Wadeville Hose and Coupling (Pty) Ltd,SUP-0028,PO-2026-00299,2026-05-02,2026-05-02,37790.32,5668.55,43458.87,exception,rules_fallback,0.72,2,15116.130000000001,15116.13
INV-00244,INV-00244.pdf,TI2607604,Crown Mines Motor Spares (Pty) Ltd,SUP-0042,PO-2025-00117,2026-03-10,2026-03-10,97630.16,14644.52,112274.68,exception,rules_fallback,0.72,1,14644.52,14644.52
INV-00035,INV-00035.pdf,INV2505882,Robertsham Glass and Perspex (Pty) Ltd,SUP-0039,PO-2025-00015,2025-11-17,2025-11-17,97403.75,14610.56,112014.31,exception,rules_fallback,0.72,1,14610.56,14610.56
INV-00107,INV-00107.pdf,INV2606006,Nigel Compressor Services (Pty) Ltd,SUP-0022,PO-2026-00334,2026-06-03,2026-08-02,12047.38,1854.69,13902.07,exception,rules_fallback,0.72,2,13949.65,13949.65
INV-00044,INV-00044.pdf,INV2652822,Salt River Marine Fittings (Pty) Ltd,SUP-0045,,2026-06-02,2026-07-02,6015.06,902.26,6917.32,exception,rules_fallback,0.72,2,13834.64,6917.32
INV-00151,INV-00151.pdf,TI2506066,Sebenza Workwear (Pty) Ltd TAX INVOICE,,PO-2025-00263,2025-11-24,2025-12-24,10614.5,1592.18,12206.68,exception,rules_fallback,0.72,2,13798.86,12206.68
INV-00077,INV-00077.pdf,INV2604264,Modderfontein Chemicals (Pty) Ltd,SUP-0023,PO-2026-00128,2026-04-28,2026-05-28,11802.2,1770.33,13572.53,exception,rules_fallback,0.72,1,13572.53,13572.53
INV-00185,INV-00185.pdf,INV2627451,Edenvale Filtration (Pty) Ltd,SUP-0019,,2026-07-20,2026-08-19,6156.89,923.53,6156.89,exception,rules_fallback,0.72,3,13237.310000000001,6156.89
INV-00245,INV-00245.pdf,007997,Highveld Lubricants (Pty) Ltd,SUP-0006,PO-2026-00432,2026-07-01,2026-08-15,10866.6,1629.99,12496.59,exception,rules_fallback,0.72,1,12496.59,12496.59
INV-00217,INV-00217.pdf,TI2508008,Highveld Lubricants (Pty) Ltd,SUP-0006,PO-2025-00207,2025-12-15,2026-01-29,10798.36,1619.75,10798.36,exception,rules_fallback,0.72,2,12418.11,12418.11
INV-00224,INV-00224.pdf,INV2680397,Kempton Cable Works (Pty) Ltd,SUP-0014,,2026-06-15,2026-07-15,4839.83,725.97,5565.8,exception,rules_fallback,0.72,2,11131.6,5565.8
INV-00117,INV-00117.pdf,TI2607602,Crown Mines Motor Spares (Pty) Ltd,SUP-0042,PO-2026-00296,2026-08-05,2026-10-04,73937.36,11090.6,73937.36,exception,rules_fallback,0.72,1,11090.6,11090.6
INV-00209,INV-00209.pdf,SI2607611,Crown Mines Motor Spares (Pty) Ltd,SUP-0042,PO-2026-00354,2026-05-15,2026-07-14,73126.84,10969.03,84095.87,exception,rules_fallback,0.72,1,11013.4,11013.4
INV-00202,INV-00202.pdf,INV2680743,Springs Gearbox Services (Pty) Ltd,SUP-0018,PO-2026-00073,2026-08-10,2026-09-09,9069.6,1360.44,10430.04,exception,rules_fallback,0.72,1,10430.04,10430.04
INV-00196,INV-00196.pdf,TI2605358,Cape Conveyor Systems (Pty) Ltd,SUP-0007,PO-2026-00130,2026-03-09,2026-04-23,68364.71,10254.71,68364.71,exception,rules_fallback,0.72,1,10254.71,10254.71
INV-00205,INV-00205.pdf,TI2502150,Rand Safety Equipment (Pty) Ltd,SUP-0009,PO-2025-00131,2025-10-21,2025-12-20,8450.59,1267.59,9718.18,exception,rules_fallback,0.72,1,9718.18,9718.18
INV-00009,INV-00009.pdf,004269-R,Modderfontein Chemicals (Pty) Ltd,SUP-0023,PO-2025-00199,2026-01-21,2026-02-13,8136.06,1220.41,9356.47,exception,rules_fallback,0.72,1,9356.47,9356.47
INV-00069,INV-00069.pdf,SI2605526,Brakpan Sheet Metal (Pty) Ltd,SUP-0026,PO-2026-00170,2026-08-06,2026-09-05,10328.44,1549.27,10328.44,exception,rules_fallback,0.72,2,9295.6,9295.6
INV-00040,INV-00040.pdf,INV2649647,Kempton Cable Works (Pty) Ltd,SUP-0014,,2026-04-19,2026-04-19,3984.75,597.71,4582.46,exception,rules_fallback,0.72,2,9164.92,4582.46
INV-00045,INV-00045.pdf,002560,Cleveland Bolt Supplies (Pty) Ltd,SUP-0038,PO-2025-00139,2026-01-23,2026-02-22,60865.02,9129.75,60865.02,exception,rules_fallback,0.72,1,9129.75,9129.75
INV-00177,INV-00177.pdf,INV2606387-R,Kya Sand Plastics (Pty) Ltd,SUP-0027,PO-2025-00101,2026-01-13,2026-02-04,60690.84,9103.63,60690.84,exception,rules_fallback,0.72,1,9103.63,9103.63
INV-00033,INV-00033.pdf,SI2604177,Salt River Marine Fittings (Pty) Ltd,SUP-0045,PO-2026-00332,2026-05-04,2026-06-03,7323.32,1098.5,8421.82,exception,rules_fallback,0.72,1,8421.82,8421.82
INV-00171,INV-00171.pdf,TI2604574,New Centre Gas and Gear (Pty) Ltd,SUP-0043,PO-2026-00405,2026-02-23,2026-03-25,64934.2,9740.13,74674.33,exception,rules_fallback,0.72,1,7885.0,7885.0
INV-00082,INV-00082.pdf,TI2604994,Germiston Tool Hire (Pty) Ltd,SUP-0010,PO-2026-00092,2026-03-31,2026-04-30,141534.85,21230.23,162765.08,exception,rules_fallback,0.72,1,7880.85,7880.85
INV-00120,INV-00120.pdf,TI2601616,Sandton Electrical Wholesale (Pty) Ltd,SUP-0004,PO-2025-00188,2026-02-06,2026-02-06,50918.65,7643.41,58562.06,exception,rules_fallback,0.72,2,7649.0199999999995,7649.02
INV-00204,INV-00204.pdf,TI2602682,Randburg Instrumentation (Pty) Ltd,SUP-0024,PO-2026-00473,2026-06-10,2026-07-10,92892.95,13933.94,106826.89,exception,rules_fallback,0.72,1,7478.35,7478.35
INV-00041,INV-00041.pdf,SI2607608,Crown Mines Motor Spares (Pty) Ltd,SUP-0042,PO-2026-00414,2026-06-01,2026-07-31,48698.7,7304.81,48698.7,exception,rules_fallback,0.72,1,7304.81,7304.81
INV-00163,INV-00163.pdf,TI2603005,Midrand Bearing Supplies (Pty) Ltd,SUP-0001,PO-2026-00418,2026-05-04,2026-07-03,21939.75,3290.96,21939.75,exception,rules_fallback,0.72,2,6581.92,6581.92
INV-00010,INV-00010.pdf,SI2608413,Linbro Park Hardware (Pty) Ltd,SUP-0032,PO-2026-00103,2026-09-11,2026-09-11,5057.82,758.67,5816.49,exception,rules_fallback,0.72,2,6575.16,6575.16
INV-00007,INV-00007.pdf,008410,Linbro Park Hardware (Pty) Ltd,SUP-0032,PO-2026-00500,2026-05-12,2026-05-12,5040.4,756.06,5796.46,exception,rules_fallback,0.72,2,6552.52,6552.52
INV-00140,INV-00140.pdf,INV2506734,City Deep Cold Storage Spares (Pty) Ltd,SUP-0041,PO-2025-00348,2025-12-01,2026-01-30,40397.2,6059.58,40397.2,exception,rules_fallback,0.72,1,6059.58,6059.58
INV-00250,INV-00250.pdf,TI2505360,Cape Conveyor Systems (Pty) Ltd,SUP-0007,PO-2025-00177,2025-10-27,2025-12-11,35027.15,5254.07,35027.15,exception,rules_fallback,0.72,1,5254.07,5254.07
INV-00200,INV-00200.pdf,SI2607539,Benoni Industrial Paints (Pty) Ltd,SUP-0016,PO-2026-00113,2026-05-28,2026-06-27,23761.83,3564.27,23761.83,exception,rules_fallback,0.72,2,5013.17,5013.17
INV-00074,INV-00074.pdf,TI2501609,Sandton Electrical Wholesale (Pty) Ltd,SUP-0004,PO-2025-00249,2025-10-21,2025-11-20,30929.2,4639.38,30929.2,exception,rules_fallback,0.72,1,4639.38,4639.38
INV-00206,INV-00206.pdf,TI2606723,City Deep Cold Storage Spares (Pty) Ltd,SUP-0041,PO-2026-00157,2026-01-27,2026-03-28,29756.77,4463.52,29756.77,exception,rules_fallback,0.72,1,4463.52,4463.52
INV-00234,INV-00234.pdf,TI2603320,Elandsfontein Rubber (Pty) Ltd,SUP-0030,PO-2026-00221,2026-05-20,2026-05-20,29321.5,4398.23,33719.73,exception,rules_fallback,0.72,1,4398.23,4398.23
INV-00083,INV-00083.pdf,007547,Benoni Industrial Paints (Pty) Ltd,SUP-0016,PO-2026-00184,2026-07-20,2026-08-19,28618.32,4292.75,28618.32,exception,rules_fallback,0.72,1,4292.75,4292.75
INV-00153,INV-00153.pdf,SI2604179,Salt River Marine Fittings (Pty) Ltd,SUP-0045,PO-2025-00269,2026-01-16,2026-02-15,3670.82,550.62,4221.44,exception,rules_fallback,0.72,1,4221.44,4221.44
INV-00119,INV-00119.pdf,SI2605892,Robertsham Glass and Perspex (Pty) Ltd,SUP-0039,PO-2026-00243,2026-05-27,2026-06-26,27442.24,4116.34,27442.24,exception,rules_fallback,0.72,1,4116.34,4116.34
INV-00060,INV-00060.pdf,002557,Cleveland Bolt Supplies (Pty) Ltd,SUP-0038,PO-2026-00290,2026-10-16,2026-10-16,27103.96,4065.59,31169.55,exception,rules_fallback,0.72,1,4065.59,4065.59
INV-00011,INV-00011.pdf,002686,Randburg Instrumentation (Pty) Ltd,SUP-0024,PO-2026-00471,2026-04-08,2026-04-08,26809.86,4021.48,30831.34,exception,rules_fallback,0.72,1,4021.48,4021.48
INV-00186,INV-00186.pdf,INV2608523,Umgeni Valve and Pump (Pty) Ltd,SUP-0008,PO-2026-00137,2026-05-10,2026-05-10,15811.48,2371.72,18183.2,exception,rules_fallback,0.72,2,3976.2,3976.2
INV-00225,INV-00225.pdf,INV2605007,Germiston Tool Hire (Pty) Ltd,SUP-0010,PO-2026-00251,2026-07-17,2026-08-16,15083.15,2262.47,17345.62,exception,rules_fallback,0.72,1,3688.05,3688.05
INV-00076,INV-00076.pdf,008167,Protea Hydraulics (Pty) Ltd,SUP-0003,PO-2026-00212,2026-07-02,2026-08-01,23090.52,3463.58,23090.52,exception,rules_fallback,0.72,1,3463.58,3463.58
INV-00133,INV-00133.pdf,TI2604281,Modderfontein Chemicals (Pty) Ltd,SUP-0023,PO-2026-00232,2026-05-29,2026-06-28,8626.4,1293.96,9920.36,exception,rules_fallback,0.72,1,3450.56,3450.56
INV-00014,INV-00014.pdf,SI2604998,Germiston Tool Hire (Pty) Ltd,SUP-0010,PO-2026-00493,2026-02-23,2026-03-25,58831.9,8824.79,67656.69,exception,rules_fallback,0.72,1,3155.8,3155.8
INV-00247,INV-00247.pdf,008731,Alberton Seal and Gasket (Pty) Ltd,SUP-0015,PO-2026-00096,2026-03-16,2026-04-15,9903.5,1485.53,9903.5,exception,rules_fallback,0.72,2,2971.06,2971.06
INV-00027,INV-00027.pdf,005119,Booysens Battery Centre (Pty) Ltd,SUP-0036,PO-2025-00013,2025-12-22,2026-01-21,19602.49,2940.37,19602.49,exception,rules_fallback,0.72,1,2940.37,2940.37
INV-00123,INV-00123.pdf,TI2608726,Krugersdorp Chain and Sprocket (Pty) Ltd,SUP-0020,PO-2026-00014,2026-08-24,2026-10-23,21035.0,3155.25,24190.25,exception,rules_fallback,0.72,1,2799.5,2799.5
INV-00182,INV-00182.pdf,TI2605539,Brakpan Sheet Metal (Pty) Ltd,SUP-0026,PO-2026-00016,2026-05-27,2026-06-26,18262.83,2739.42,18262.83,exception,rules_fallback,0.72,1,2739.42,2739.42
INV-00005,INV-00005.pdf,INV2561762,New Centre Gas and Gear (Pty) Ltd,SUP-0043,PO-2026-95459,2025-10-08,2025-11-07,2226.62,333.99,2560.61,exception,rules_fallback,0.72,1,2560.61,2560.61
INV-00134,INV-00134.pdf,SI2605113,Booysens Battery Centre (Pty) Ltd,SUP-0036,PO-2026-00275,2026-06-02,2026-07-02,3683.31,552.5,4235.81,exception,rules_fallback,0.72,1,2455.54,2455.54
INV-00162,INV-00162.pdf,TI2605366,Cape Conveyor Systems (Pty) Ltd,SUP-0007,PO-2026-00134,2026-08-28,2026-08-28,16278.4,2441.76,18720.16,exception,rules_fallback,0.72,1,2441.76,2441.76
INV-00004,INV-00004.pdf,TI2508720,Krugersdorp Chain and Sprocket (Pty) Ltd,SUP-0020,PO-2025-00155,2025-11-28,2026-01-27,15823.9,2373.59,18197.49,exception,rules_fallback,0.72,1,2373.59,2373.59
INV-00283,INV-00283.pdf,INV2505121,Booysens Battery Centre (Pty) Ltd,SUP-0036,PO-2025-00312,2025-12-15,2026-01-14,9765.92,1464.89,11230.81,exception,rules_fallback,0.72,1,2208.68,2208.68
INV-00239,INV-00239.pdf,TI2603722,Boksburg Fastener Co (Pty) Ltd,SUP-0005,PO-2026-00110,,2026-07-15,14548.8,2182.32,16731.12,exception,rules_fallback,0.62,1,2182.32,2182.32
INV-00272,INV-00272.pdf,005901,Wadeville Hose and Coupling (Pty) Ltd,SUP-0028,PO-2026-00333,2026-05-14,2026-06-13,1865.0,279.75,2144.75,exception,rules_fallback,0.72,1,2144.75,2144.75
INV-00085,INV-00085.pdf,SI2602555,Cleveland Bolt Supplies (Pty) Ltd,SUP-0038,PO-2026-00434,2026-04-12,2026-04-12,13807.0,2071.05,15878.05,exception,rules_fallback,0.72,1,2071.05,2071.05
INV-00026,INV-00026.pdf,TI2607532,Benoni Industrial Paints (Pty) Ltd,SUP-0016,PO-2026-00240,2026-06-17,2026-07-17,36488.05,5473.21,41961.26,exception,rules_fallback,0.72,1,2043.43,2043.43
INV-00191,INV-00191.pdf,TI2602147,Rand Safety Equipment (Pty) Ltd,SUP-0009,PO-2026-00085,2026-04-03,2026-04-03,1752.24,262.84,2015.08,exception,rules_fallback,0.72,1,2015.08,2015.08
INV-00174,INV-00174.pdf,INV2603731,Boksburg Fastener Co (Pty) Ltd,SUP-0005,PO-2026-00077,2026-10-08,2026-10-08,12872.4,1930.86,14803.26,exception,rules_fallback,0.72,1,1930.86,1930.86
INV-00170,INV-00170.pdf,INV2657607,Ophirton Hydraulic Rams (Pty) Ltd,SUP-0040,PO-2026-98934,2026-05-01,2026-05-31,1660.98,249.15,1660.98,exception,rules_fallback,0.72,2,1910.13,1660.98
INV-00056,INV-00056.pdf,INV2506063,Sebenza Workwear (Pty) Ltd,SUP-0031,PO-2025-00394,2026-01-17,2026-01-17,12324.57,1848.69,14173.26,exception,rules_fallback,0.72,1,1848.69,1848.69
INV-00118,INV-00118.pdf,002688,Randburg Instrumentation (Pty) Ltd,SUP-0024,PO-2026-00186,2026-05-18,2026-06-17,39909.15,5986.37,45895.52,exception,rules_fallback,0.72,1,1713.36,1713.36
INV-00246,INV-00246.pdf,INV2508168,Protea Hydraulics (Pty) Ltd,SUP-0003,PO-2025-00112,2025-11-19,2025-12-19,31647.4,4747.11,36394.51,exception,rules_fallback,0.72,1,1693.85,1693.85
INV-00075,INV-00075.pdf,INV2571174,Alberton Seal and Gasket (Pty) Ltd,SUP-0015,,2025-12-02,2026-01-01,1468.11,220.22,1468.11,exception,rules_fallback,0.72,2,1688.33,1468.11
INV-00207,INV-00207.pdf,INV2603724,Boksburg Fastener Co (Pty) Ltd,SUP-0005,PO-2026-00143,2026-10-21,2026-10-21,11084.16,1662.62,12746.78,exception,rules_fallback,0.72,1,1662.62,1662.62
INV-00190,INV-00190.pdf,INV2503981,Selby Scrap and Recovery (Pty) Ltd,SUP-0035,PO-2025-00175,2025-12-11,2025-12-11,11055.7,1658.36,12714.06,exception,rules_fallback,0.72,1,1658.36,1658.36
INV-00233,INV-00233.pdf,008109,Chamdor Forklift Spares (Pty) Ltd,SUP-0034,PO-2026-00365,2026-06-21,2026-06-21,10816.1,1622.42,12438.52,exception,rules_fallback,0.72,1,1622.42,1622.42
INV-00062,INV-00062.pdf,TI2505735,Aeroton Castors (Pty) Ltd,SUP-0033,PO-2025-00261,2025-10-29,2025-12-13,2818.34,422.75,3241.09,exception,rules_fallback,0.72,1,1586.24,1586.24
INV-00012,INV-00012.pdf,INV2604173,Springs Gearbox Services (Pty) Ltd,SUP-0018,PO-2026-00437,2026-03-31,2026-04-30,10559.25,1583.89,10559.25,exception,rules_fallback,0.72,1,1583.89,1583.89
INV-00195,INV-00195.pdf,TI2507636,Sasolburg Pipe and Fittings (Pty) Ltd,SUP-0025,PO-2025-00508,2026-01-28,2026-01-28,10461.05,1569.16,12030.21,exception,rules_fallback,0.72,1,1569.16,1569.16
INV-00260,INV-00260.pdf,TI2608101,Chamdor Forklift Spares (Pty) Ltd,SUP-0034,PO-2026-00067,2026-10-31,2026-10-31,10238.48,1535.77,11774.25,exception,rules_fallback,0.72,1,1535.77,1535.77
INV-00084,INV-00084.pdf,002447,Tshwane Pneumatics (Pty) Ltd,SUP-0012,PO-2026-00242,2026-03-02,2026-04-16,36911.66,5536.75,42448.41,exception,rules_fallback,0.72,1,1515.1,1515.1
INV-00028,INV-00028.pdf,SI2603010,Midrand Bearing Supplies (Pty) Ltd,SUP-0001,PO-2026-00180,2026-08-10,2026-10-09,10095.46,1514.32,10095.46,exception,rules_fallback,0.72,1,1514.32,1514.32
INV-00097,INV-00097.pdf,SI2502452,Tshwane Pneumatics (Pty) Ltd,SUP-0012,PO-2025-00311,2025-11-24,2026-01-08,194525.97,29178.9,223704.87,exception,rules_fallback,0.72,1,1474.88,1474.88
INV-00267,INV-00267.pdf,INV2604275,Modderfontein Chemicals (Pty) Ltd,SUP-0023,PO-2026-00208,2026-08-18,2026-09-17,1275.36,191.3,1466.66,exception,rules_fallback,0.72,1,1466.66,1466.66
INV-00269,INV-00269.pdf,INV2606388,Kya Sand Plastics (Pty) Ltd,SUP-0027,PO-2026-00084,2026-07-06,2026-08-05,37363.68,5604.55,42968.23,exception,rules_fallback,0.72,1,1428.72,1428.72
INV-00139,INV-00139.pdf,SI2607605,Crown Mines Motor Spares (Pty) Ltd,SUP-0042,PO-2026-00495,2026-09-25,2026-09-25,9358.26,1403.74,10762.0,exception,rules_fallback,0.72,1,1403.74,1403.74
INV-00160,INV-00160.pdf,006504,Denver Crane Services (Pty) Ltd,SUP-0037,PO-2025-00323,2025-11-05,2025-12-05,12933.54,1940.03,14873.57,exception,rules_fallback,0.72,1,1343.62,1343.62
INV-00243,INV-00243.pdf,SI2504272,Modderfontein Chemicals (Pty) Ltd,SUP-0023,PO-2025-00349,2025-11-07,2025-12-07,15013.04,2251.96,17265.0,exception,rules_fallback,0.72,1,1326.98,1326.98
INV-00116,INV-00116.pdf,SI2508719,Krugersdorp Chain and Sprocket (Pty) Ltd,SUP-0020,PO-2025-00288,2026-02-28,2026-02-28,8751.92,1312.79,10064.71,exception,rules_fallback,0.72,1,1312.79,1312.79
INV-00261,INV-00261.pdf,INV2606391,Kya Sand Plastics (Pty) Ltd,SUP-0027,PO-2026-00423,2026-03-20,2026-04-19,8690.28,1303.54,8690.28,exception,rules_fallback,0.72,1,1303.54,1303.54
INV-00155,INV-00155.pdf,TI2608268,Vaal Steel Merchants (Pty) Ltd,SUP-0002,PO-2026-00258,2026-04-22,2026-06-06,7659.96,1148.99,7659.96,exception,rules_fallback,0.72,1,1148.99,1148.99
INV-00154,INV-00154.pdf,INV2604175,Salt River Marine Fittings (Pty) Ltd,SUP-0045,PO-2026-00430,2026-03-03,2026-04-02,973.68,146.05,1119.73,exception,rules_fallback,0.72,1,1119.73,1119.73
INV-00099,INV-00099.pdf,INV2619900,Elandsfontein Rubber (Pty) Ltd,SUP-0030,PO-2026-99721,2026-02-09,2026-03-11,969.98,145.5,1115.48,exception,rules_fallback,0.72,1,1115.48,1115.48
INV-00187,INV-00187.pdf,SI2604960,Isando Welding Supplies (Pty) Ltd,SUP-0013,PO-2026-00422,2026-04-29,2026-06-13,10302.9,1545.44,11848.34,exception,rules_fallback,0.72,1,1091.68,1091.68
INV-00054,INV-00054.pdf,003988,Selby Scrap and Recovery (Pty) Ltd,SUP-0035,PO-2025-00306,2025-12-03,2025-12-03,7251.9,1087.79,8339.69,exception,rules_fallback,0.72,1,1087.79,1087.79
INV-00256,INV-00256.pdf,007637,Sasolburg Pipe and Fittings (Pty) Ltd,SUP-0025,PO-2026-00226,2026-07-17,2026-08-16,5827.02,874.05,6701.07,exception,rules_fallback,0.72,1,1044.72,1044.72
INV-00142,INV-00142.pdf,INV2605116,Booysens Battery Centre (Pty) Ltd,SUP-0036,PO-2026-00107,2026-02-23,2026-03-25,7801.36,1170.2,8971.56,exception,rules_fallback,0.72,1,1035.44,1035.44
INV-00255,INV-00255.pdf,002690,Randburg Instrumentation (Pty) Ltd,SUP-0024,PO-2026-00179,2026-07-20,2026-08-19,24767.98,3715.2,28483.18,exception,rules_fallback,0.72,1,997.22,997.22
INV-00147,INV-00147.pdf,INV2503322,Elandsfontein Rubber (Pty) Ltd,SUP-0030,PO-2025-00029,2025-11-26,2025-12-26,20514.48,3077.17,23591.65,exception,rules_fallback,0.72,1,976.88,976.88
INV-00252,INV-00252.pdf,TI2604582,New Centre Gas and Gear (Pty) Ltd,SUP-0043,PO-2026-00512,2026-03-20,2026-03-20,6391.11,958.67,7349.78,exception,rules_fallback,0.72,1,958.67,958.67
INV-00145,INV-00145.pdf,INV2505003,Germiston Tool Hire (Pty) Ltd,SUP-0010,PO-2025-00404,2025-12-15,2026-01-14,50143.33,8471.18,58614.51,exception,rules_fallback,0.72,1,949.68,949.68
INV-00156,INV-00156.pdf,SI2508409,Linbro Park Hardware (Pty) Ltd,SUP-0032,PO-2025-00145,2025-12-08,2026-02-06,825.63,123.84,949.47,exception,rules_fallback,0.72,1,949.47,949.47
INV-00264,INV-00264.pdf,INV2506384,Kya Sand Plastics (Pty) Ltd,SUP-0027,PO-2025-00447,2025-12-26,2026-01-25,5834.82,875.22,5834.82,exception,rules_fallback,0.72,1,875.22,875.22
INV-00017,INV-00017.pdf,003014,Midrand Bearing Supplies (Pty) Ltd,SUP-0001,PO-2026-00072,2026-05-01,2026-06-30,5217.1,782.57,5217.1,exception,rules_fallback,0.72,1,782.57,782.57
INV-00263,INV-00263.pdf,005362,Cape Conveyor Systems (Pty) Ltd,SUP-0007,PO-2025-00396,2025-12-11,2026-01-25,39605.68,5940.85,45546.53,exception,rules_fallback,0.72,1,573.65,573.65
INV-00231,INV-00231.pdf,INV2501612,Sandton Electrical Wholesale (Pty) Ltd,SUP-0004,PO-2025-00091,2025-11-24,2025-12-24,3749.23,562.38,3749.23,exception,rules_fallback,0.72,1,562.38,562.38
INV-00150,INV-00150.pdf,INV2502149,Rand Safety Equipment (Pty) Ltd,SUP-0009,PO-2025-00410,2025-10-31,2025-12-30,466.92,70.04,466.92,exception,rules_fallback,0.72,2,536.96,536.96
INV-00178,INV-00178.pdf,INV2690337,Sebenza Workwear (Pty) Ltd,SUP-0031,PO-2026-00050,2026-08-03,2026-09-02,464.04,69.61,464.04,exception,rules_fallback,0.72,2,533.65,464.04
INV-00274,INV-00274.pdf,TI2607630,Sasolburg Pipe and Fittings (Pty) Ltd,SUP-0025,PO-2026-00425,2026-01-26,2026-02-25,3547.16,532.07,3547.16,exception,rules_fallback,0.72,1,532.07,532.07
INV-00265,INV-00265.pdf,SI2603727,Boksburg Fastener Co (Pty) Ltd,SUP-0005,PO-2026-00357,2026-03-16,2026-04-15,3301.26,495.19,3301.26,exception,rules_fallback,0.72,1,495.19,495.19
INV-00128,INV-00128.pdf,008099,Karoo Abrasives (Pty) Ltd,SUP-0011,PO-2026-00462,2026-06-19,2026-08-03,3075.8,430.61,3075.8,exception,rules_fallback,0.72,2,461.37,461.37
INV-00159,INV-00159.pdf,INV2506062,Sebenza Workwear (Pty) Ltd,SUP-0031,PO-2025-00019,2025-11-13,2025-12-13,3760.15,564.02,4324.17,exception,rules_fallback,0.72,1,416.55,416.55
INV-00165,INV-00165.pdf,INV2603451,Ophirton Hydraulic Rams (Pty) Ltd,SUP-0040,PO-2026-00291,2026-07-16,2026-08-15,1171.68,175.75,1347.43,exception,rules_fallback,0.72,1,390.56,390.56
INV-00172,INV-00172.pdf,003017,Midrand Bearing Supplies (Pty) Ltd,SUP-0001,PO-2025-00488,2025-11-06,2026-01-05,53366.72,8314.93,61681.65,exception,rules_fallback,0.72,1,309.92,309.92
INV-00164,INV-00164.pdf,TI2606074,Sebenza Workwear (Pty) Ltd,SUP-0031,PO-2026-00187,2026-06-03,2026-07-03,1919.54,287.93,1919.54,exception,rules_fallback,0.72,1,287.93,287.93
INV-00279,INV-00279.pdf,SI2604579,New Centre Gas and Gear (Pty) Ltd,SUP-0043,PO-2026-00489,2026-01-26,2026-02-25,1889.1,283.37,1889.1,exception,rules_fallback,0.72,1,283.37,283.37
INV-00098,INV-00098.pdf,INV2608100,Karoo Abrasives (Pty) Ltd,SUP-0011,PO-2026-00185,2026-07-30,2026-09-13,1793.41,269.01,1793.41,exception,rules_fallback,0.72,1,269.01,269.01
INV-00100,INV-00100.pdf,SI2502561,Cleveland Bolt Supplies (Pty) Ltd,SUP-0038,PO-2025-00426,2025-11-10,2025-12-10,640.0,96.0,640.0,exception,rules_fallback,0.72,1,96.0,96.0
INV-00203,INV-00203.pdf,TI2503452,Ophirton Hydraulic Rams (Pty) Ltd,SUP-0040,PO-2025-00100,2025-12-10,2026-01-09,4531.75,753.77,5285.52,exception,rules_fallback,0.72,1,74.01,74.01
INV-00114,INV-00114.pdf,TI2605905,Wadeville Hose and Coupling (Pty) Ltd,SUP-0028,PO-2026-00228,2026-08-26,2026-09-25,306.39,45.96,306.39,exception,rules_fallback,0.72,1,45.96,45.96
INV-00104,INV-00104.pdf,SI2603723,Boksburg Fastener Co (Pty) Ltd,SUP-0005,PO-2025-00051,2026-01-06,2026-02-05,4358.1,610.13,4968.23,exception,rules_fallback,0.72,1,43.59,43.59
INV-00001,INV-00001.pdf,INV2502691,Randburg Instrumentation (Pty) Ltd,SUP-0024,PO-2025-00276,2025-12-15,2026-01-14,39058.86,5898.6,44957.46,exception,rules_fallback,0.72,1,39.77,39.77
INV-00169,INV-00169.pdf,INV2602755,Village Main Instruments (Pty) Ltd,SUP-0044,PO-2026-00293,2026-04-22,2026-05-22,23588.75,3565.65,27154.4,exception,rules_fallback,0.72,1,27.34,27.34
INV-00220,INV-00220.pdf,INV2602758,Village Main Instruments (Pty) Ltd,SUP-0044,PO-2026-00322,2026-05-04,2026-06-03,20549.18,3100.45,23649.63,exception,rules_fallback,0.72,1,18.07,18.07
INV-00072,INV-00072.pdf,TI2503326,Elandsfontein Rubber (Pty) Ltd,SUP-0030,PO-2025-00181,2025-11-25,2025-12-25,4372.15,668.57,5040.72,exception,rules_fallback,0.72,1,12.75,12.75
INV-00130,INV-00130.pdf,TI2605533,Brakpan Sheet Metal (Pty) Ltd,SUP-0026,PO-2026-00390,2026-02-16,2026-03-18,924.01,129.36,1053.37,exception,rules_fallback,0.72,1,9.24,9.24
INV-00002,INV-00002.pdf,004577,New Centre Gas and Gear (Pty) Ltd,SUP-0043,PO-2026-00252,2026-08-03,2026-09-02,4151.9,622.79,4774.69,clean,rules_fallback,0.72,0,0.0,0.0
INV-00006,INV-00006.pdf,,,,,,,,,,manual_capture,rules_fallback,0.0,0,0.0,0.0
INV-00008,INV-00008.pdf,,,,,,,,,,manual_capture,rules_fallback,0.0,0,0.0,0.0
INV-00013,INV-00013.pdf,,,,,,,,,,manual_capture,rules_fallback,0.0,0,0.0,0.0
INV-00015,INV-00015.pdf,004279,Modderfontein Chemicals (Pty) Ltd,SUP-0023,PO-2025-00302,2025-12-11,2026-01-10,45229.9,6784.49,52014.39,clean,rules_fallback,0.72,0,0.0,0.0
INV-00016,INV-00016.pdf,002757,Village Main Instruments (Pty) Ltd,SUP-0044,PO-2026-00338,2026-02-24,2026-03-26,27888.5,4183.28,32071.78,clean,rules_fallback,0.72,0,0.0,0.0
INV-00018,INV-00018.pdf,INV2508730,Alberton Seal and Gasket (Pty) Ltd,SUP-0015,PO-2025-00505,2025-11-07,2025-12-07,3524.84,528.73,4053.57,clean,rules_fallback,0.72,0,0.0,0.0
INV-00019,INV-00019.pdf,INV2508157,Protea Hydraulics (Pty) Ltd,SUP-0003,PO-2025-00486,2025-12-22,2026-01-21,17022.66,2553.4,19576.06,clean,rules_fallback,0.72,0,0.0,0.0
INV-00021,INV-00021.pdf,TI2605736,Aeroton Castors (Pty) Ltd,SUP-0033,PO-2025-00337,2026-01-14,2026-02-28,3153.25,472.99,3626.24,clean,rules_fallback,0.72,0,0.0,0.0
INV-00022,INV-00022.pdf,TI2602767,Village Main Instruments (Pty) Ltd,SUP-0044,PO-2026-00453,2026-06-03,2026-07-03,58544.9,8781.74,67326.64,clean,rules_fallback,0.72,0,0.0,0.0
INV-00023,INV-00023.pdf,,,,,,,,,,manual_capture,rules_fallback,0.0,0,0.0,0.0
INV-00025,INV-00025.pdf,TI2605114,Booysens Battery Centre (Pty) Ltd,SUP-0036,PO-2026-00506,2026-04-17,2026-05-17,14425.38,2163.81,16589.19,clean,rules_fallback,0.72,0,0.0,0.0
INV-00030,INV-00030.pdf,INV2604990,Germiston Tool Hire (Pty) Ltd,SUP-0010,PO-2026-00035,2026-04-10,2026-05-10,22325.16,3348.77,25673.93,clean,rules_fallback,0.72,0,0.0,0.0
INV-00031,INV-00031.pdf,TI2503329,Elandsfontein Rubber (Pty) Ltd,SUP-0030,PO-2025-00164,2025-11-24,2025-12-24,4126.32,618.95,4745.27,clean,rules_fallback,0.72,0,0.0,0.0
INV-00034,INV-00034.pdf,TI2606070,Sebenza Workwear (Pty) Ltd,SUP-0031,PO-2026-00468,2026-09-11,2026-10-11,6849.8,1027.47,7877.27,clean,rules_fallback,0.72,0,0.0,0.0
INV-00037,INV-00037.pdf,,,,,,,,,,manual_capture,rules_fallback,0.0,0,0.0,0.0
INV-00038,INV-00038.pdf,005122,Booysens Battery Centre (Pty) Ltd,SUP-0036,PO-2025-00415,2026-01-08,2026-02-07,15396.4,2309.46,17705.86,clean,rules_fallback,0.72,0,0.0,0.0
INV-00043,INV-00043.pdf,TI2608735,Alberton Seal and Gasket (Pty) Ltd,SUP-0015,PO-2026-00060,2026-08-05,2026-09-04,292.78,43.92,336.7,clean,rules_fallback,0.72,0,0.0,0.0
INV-00046,INV-00046.pdf,004584,New Centre Gas and Gear (Pty) Ltd,SUP-0043,PO-2026-00235,2026-08-12,2026-08-12,1483.08,222.46,1705.54,clean,rules_fallback,0.72,0,0.0,0.0
INV-00047,INV-00047.pdf,003001,Midrand Bearing Supplies (Pty) Ltd,SUP-0001,PO-2025-00424,2025-12-10,2026-02-08,44267.11,6640.07,50907.18,clean,rules_fallback,0.72,0,0.0,0.0
INV-00048,INV-00048.pdf,,,,,,,,,,manual_capture,rules_fallback,0.0,0,0.0,0.0
INV-00050,INV-00050.pdf,004171,Springs Gearbox Services (Pty) Ltd,SUP-0018,PO-2025-00308,2025-10-21,2025-11-20,36808.3,5521.25,42329.55,clean,rules_fallback,0.72,0,0.0,0.0
INV-00053,INV-00053.pdf,TI2602449,Tshwane Pneumatics (Pty) Ltd,SUP-0012,PO-2026-00376,2026-08-18,2026-10-02,2045.5,306.83,2352.33,clean,rules_fallback,0.72,0,0.0,0.0
INV-00055,INV-00055.pdf,SI2506724,City Deep Cold Storage Spares (Pty) Ltd,SUP-0041,PO-2025-00245,2025-12-22,2026-02-20,95035.43,14255.31,109290.74,clean,rules_fallback,0.72,0,0.0,0.0
INV-00058,INV-00058.pdf,SI2607632,Sasolburg Pipe and Fittings (Pty) Ltd,SUP-0025,PO-2026-00053,2026-08-03,2026-09-02,459.2,68.88,528.08,clean,rules_fallback,0.72,0,0.0,0.0
INV-00059,INV-00059.pdf,,,,,,,,,,manual_capture,rules_fallback,0.0,0,0.0,0.0
INV-00061,INV-00061.pdf,,,,,,,,,,manual_capture,rules_fallback,0.0,0,0.0,0.0
INV-00063,INV-00063.pdf,SI2608260,Vaal Steel Merchants (Pty) Ltd,SUP-0002,PO-2026-00264,2026-09-16,2026-10-31,61259.33,9188.9,70448.23,clean,rules_fallback,0.72,0,0.0,0.0
INV-00065,INV-00065.pdf,,,,,,,,,,manual_capture,rules_fallback,0.0,0,0.0,0.0
INV-00066,INV-00066.pdf,,,,,,,,,,manual_capture,rules_fallback,0.0,0,0.0,0.0
INV-00067,INV-00067.pdf,,,,,,,,,,manual_capture,rules_fallback,0.0,0,0.0,0.0
INV-00068,INV-00068.pdf,SI2608725,Alberton Seal and Gasket (Pty) Ltd,SUP-0015,PO-2026-00382,2026-04-28,2026-05-28,35943.0,5391.45,41334.45,clean,rules_fallback,0.72,0,0.0,0.0
INV-00073,INV-00073.pdf,003982,Selby Scrap and Recovery (Pty) Ltd,SUP-0035,PO-2026-00116,2026-08-03,2026-09-02,3901.32,585.2,4486.52,clean,rules_fallback,0.72,0,0.0,0.0
INV-00081,INV-00081.pdf,,,,,,,,,,manual_capture,rules_fallback,0.0,0,0.0,0.0
INV-00086,INV-00086.pdf,,,,,,,,,,manual_capture,rules_fallback,0.0,0,0.0,0.0
INV-00087,INV-00087.pdf,TI2502681,Randburg Instrumentation (Pty) Ltd,SUP-0024,PO-2025-00028,2025-12-31,2026-01-30,3839.28,575.89,4415.17,clean,rules_fallback,0.72,0,0.0,0.0
INV-00088,INV-00088.pdf,SI2605888,Robertsham Glass and Perspex (Pty) Ltd,SUP-0039,PO-2026-00373,2026-06-04,2026-07-04,24606.42,3690.96,28297.38,clean,rules_fallback,0.72,0,0.0,0.0
INV-00089,INV-00089.pdf,SI2602764,Village Main Instruments (Pty) Ltd,SUP-0044,PO-2026-00094,2026-02-12,2026-03-14,142221.6,21333.24,163554.84,clean,rules_fallback,0.72,0,0.0,0.0
INV-00090,INV-00090.pdf,,,,,,,,,,manual_capture,rules_fallback,0.0,0,0.0,0.0
INV-00092,INV-00092.pdf,TI2603453,Ophirton Hydraulic Rams (Pty) Ltd,SUP-0040,PO-2026-00046,2026-06-02,2026-07-02,69805.82,10470.87,80276.69,clean,rules_fallback,0.72,0,0.0,0.0
INV-00093,INV-00093.pdf,002684,Randburg Instrumentation (Pty) Ltd,SUP-0024,PO-2026-00031,2026-05-08,2026-06-07,2739.68,410.95,3150.63,clean,rules_fallback,0.72,0,0.0,0.0
INV-00094,INV-00094.pdf,SI2606747,City Deep Cold Storage Spares (Pty) Ltd,SUP-0041,PO-2026-00154,2026-03-25,2026-05-24,5366.76,805.01,6171.77,clean,rules_fallback,0.72,0,0.0,0.0
INV-00095,INV-00095.pdf,TI2608170,Protea Hydraulics (Pty) Ltd,SUP-0003,PO-2026-00457,2026-04-15,2026-05-15,380158.5,57023.78,437182.28,clean,rules_fallback,0.72,0,0.0,0.0
INV-00101,INV-00101.pdf,INV2508261,Vaal Steel Merchants (Pty) Ltd,SUP-0002,PO-2025-00428,2025-11-19,2026-01-03,4463.2,669.48,5132.68,clean,rules_fallback,0.72,0,0.0,0.0
INV-00102,INV-00102.pdf,,,,,,,,,,manual_capture,rules_fallback,0.0,0,0.0,0.0
INV-00103,INV-00103.pdf,INV2606069,Sebenza Workwear (Pty) Ltd,SUP-0031,PO-2026-00244,2026-03-27,2026-04-26,10240.22,1536.03,11776.25,clean,rules_fallback,0.72,0,0.0,0.0
INV-00108,INV-00108.pdf,,,,,,,,,,manual_capture,rules_fallback,0.0,0,0.0,0.0
INV-00109,INV-00109.pdf,INV2605522,Brakpan Sheet Metal (Pty) Ltd,SUP-0026,PO-2026-00206,2026-03-02,2026-04-01,1904.88,285.73,2190.61,clean,rules_fallback,0.72,0,0.0,0.0
INV-00110,INV-00110.pdf,INV2505530,Brakpan Sheet Metal (Pty) Ltd,SUP-0026,PO-2025-00047,2025-10-13,2025-11-12,110700.54,16605.08,127305.62,exception,rules_fallback,0.72,1,0.0,0.0
INV-00111,INV-00111.pdf,,,,,,,,,,manual_capture,rules_fallback,0.0,0,0.0,0.0
INV-00112,INV-00112.pdf,TI2503318,Elandsfontein Rubber (Pty) Ltd,SUP-0030,PO-2025-00255,2025-12-08,2026-01-07,1946.8,292.02,2238.82,clean,rules_fallback,0.72,0,0.0,0.0
INV-00115,INV-00115.pdf,SI2607545,Benoni Industrial Paints (Pty) Ltd,SUP-0016,PO-2026-00466,2026-06-17,2026-07-17,10482.29,1572.34,12054.63,clean,rules_fallback,0.72,0,0.0,0.0
INV-00121,INV-00121.pdf,006056,Sebenza Workwear (Pty) Ltd,SUP-0031,PO-2026-00213,2026-07-21,2026-08-20,131.9,19.79,151.69,clean,rules_fallback,0.72,0,0.0,0.0
INV-00124,INV-00124.pdf,,,,,,,,,,manual_capture,rules_fallback,0.0,0,0.0,0.0
INV-00125,INV-00125.pdf,,,,,,,,,,manual_capture,rules_fallback,0.0,0,0.0,0.0
INV-00129,INV-00129.pdf,005519,Brakpan Sheet Metal (Pty) Ltd,SUP-0026,PO-2026-00059,2026-01-11,2026-02-10,2511.0,376.65,2887.65,exception,rules_fallback,0.72,1,0.0,0.0
INV-00131,INV-00131.pdf,,,,,,,,,,manual_capture,rules_fallback,0.0,0,0.0,0.0
INV-00132,INV-00132.pdf,TI2604164,Springs Gearbox Services (Pty) Ltd,SUP-0018,PO-2026-00191,2026-08-20,2026-09-19,1752.56,262.88,2015.44,clean,rules_fallback,0.72,0,0.0,0.0
INV-00135,INV-00135.pdf,TI2603990,Selby Scrap and Recovery (Pty) Ltd,SUP-0035,PO-2026-00319,2026-09-04,2026-10-04,35591.35,5338.7,40930.05,clean,rules_fallback,0.72,0,0.0,0.0
INV-00138,INV-00138.pdf,TI2604277,Modderfontein Chemicals (Pty) Ltd,SUP-0023,PO-2026-00314,2026-06-08,2026-07-08,12664.09,1899.61,14563.7,clean,rules_fallback,0.72,0,0.0,0.0
INV-00144,INV-00144.pdf,,,,,,,,,,manual_capture,rules_fallback,0.0,0,0.0,0.0
INV-00148,INV-00148.pdf,008105,Chamdor Forklift Spares (Pty) Ltd,SUP-0034,PO-2026-00102,2026-03-23,2026-05-07,49137.52,7370.63,56508.15,clean,rules_fallback,0.72,0,0.0,0.0
INV-00149,INV-00149.pdf,SI2508112,Chamdor Forklift Spares (Pty) Ltd,SUP-0034,PO-2025-00246,2025-10-12,2025-11-11,22486.4,3372.96,25859.36,exception,rules_fallback,0.72,1,0.0,0.0
INV-00157,INV-00157.pdf,004269,Modderfontein Chemicals (Pty) Ltd,SUP-0023,PO-2025-00199,2026-01-14,2026-02-13,8136.06,1220.41,9356.47,clean,rules_fallback,0.72,0,0.0,0.0
INV-00158,INV-00158.pdf,TI2508721,Krugersdorp Chain and Sprocket (Pty) Ltd,SUP-0020,PO-2025-00513,2025-12-10,2026-02-08,9451.04,1417.66,10868.7,clean,rules_fallback,0.72,0,0.0,0.0
INV-00161,INV-00161.pdf,,,,,,,,,,manual_capture,rules_fallback,0.0,0,0.0,0.0
INV-00167,INV-00167.pdf,,,,,,,,,,manual_capture,rules_fallback,0.0,0,0.0,0.0
INV-00168,INV-00168.pdf,,,,,,,,,,manual_capture,rules_fallback,0.0,0,0.0,0.0
INV-00173,INV-00173.pdf,,,,,,,,,,manual_capture,rules_fallback,0.0,0,0.0,0.0
INV-00180,INV-00180.pdf,INV2606387,Kya Sand Plastics (Pty) Ltd,SUP-0027,PO-2025-00101,2026-01-05,2026-02-04,60690.84,9103.63,69794.47,clean,rules_fallback,0.72,0,0.0,0.0
INV-00181,INV-00181.pdf,INV2603328,Elandsfontein Rubber (Pty) Ltd,SUP-0030,PO-2026-00048,2026-07-27,2026-08-26,11915.47,1787.32,13702.79,clean,rules_fallback,0.72,0,0.0,0.0
INV-00188,INV-00188.pdf,TI2605536,Brakpan Sheet Metal (Pty) Ltd,SUP-0026,PO-2026-00083,2026-01-26,2026-02-25,11051.0,1657.65,12708.65,clean,rules_fallback,0.72,0,0.0,0.0
INV-00193,INV-00193.pdf,TI2606080,Sebenza Workwear (Pty) Ltd,SUP-0031,PO-2026-00510,2026-03-06,2026-04-05,121.14,18.17,139.31,clean,rules_fallback,0.72,0,0.0,0.0
INV-00194,INV-00194.pdf,008113,Chamdor Forklift Spares (Pty) Ltd,SUP-0034,PO-2026-00090,2026-02-16,2026-04-02,13173.6,1976.04,15149.64,clean,rules_fallback,0.72,0,0.0,0.0
INV-00197,INV-00197.pdf,TI2608527,Umgeni Valve and Pump (Pty) Ltd,SUP-0008,PO-2026-00161,2026-05-07,2026-07-06,35265.66,5289.85,40555.51,clean,rules_fallback,0.72,0,0.0,0.0
INV-00198,INV-00198.pdf,TI2608174,Protea Hydraulics (Pty) Ltd,SUP-0003,PO-2026-00358,2026-08-24,2026-09-23,508.85,76.33,585.18,clean,rules_fallback,0.72,0,0.0,0.0
INV-00210,INV-00210.pdf,,,,,,,,,,manual_capture,rules_fallback,0.0,0,0.0,0.0
INV-00211,INV-00211.pdf,TI2603457,Ophirton Hydraulic Rams (Pty) Ltd,SUP-0040,PO-2026-00353,2026-03-05,2026-04-04,42421.0,6363.15,48784.15,clean,rules_fallback,0.72,0,0.0,0.0
INV-00212,INV-00212.pdf,,,,,,,,,,manual_capture,rules_fallback,0.0,0,0.0,0.0
INV-00213,INV-00213.pdf,,,,,,,,,,manual_capture,rules_fallback,0.0,0,0.0,0.0
INV-00214,INV-00214.pdf,,,,,,,,,,manual_capture,rules_fallback,0.0,0,0.0,0.0
INV-00215,INV-00215.pdf,,,,,,,,,,manual_capture,rules_fallback,0.0,0,0.0,0.0
INV-00216,INV-00216.pdf,005369,Cape Conveyor Systems (Pty) Ltd,SUP-0007,PO-2026-00144,2026-07-13,2026-08-27,114543.46,17181.52,131724.98,clean,rules_fallback,0.72,0,0.0,0.0
INV-00219,INV-00219.pdf,,,,,,,,,,manual_capture,rules_fallback,0.0,0,0.0,0.0
INV-00221,INV-00221.pdf,INV2605743,Aeroton Castors (Pty) Ltd,SUP-0033,PO-2026-00445,2026-04-02,2026-05-17,1023.6,153.54,1177.14,clean,rules_fallback,0.72,0,0.0,0.0
INV-00226,INV-00226.pdf,,,,,,,,,,manual_capture,rules_fallback,0.0,0,0.0,0.0
INV-00227,INV-00227.pdf,INV2606064,Sebenza Workwear (Pty) Ltd,SUP-0031,PO-2026-00518,2026-03-02,2026-04-01,32372.59,4855.89,37228.48,clean,rules_fallback,0.72,0,0.0,0.0
INV-00228,INV-00228.pdf,TI2602752,Village Main Instruments (Pty) Ltd,SUP-0044,PO-2026-00217,2026-09-03,2026-10-03,22255.8,3338.37,25594.17,clean,rules_fallback,0.72,0,0.0,0.0
INV-00229,INV-00229.pdf,TI2603012,Midrand Bearing Supplies (Pty) Ltd,SUP-0001,PO-2026-00347,2026-06-10,2026-08-09,8793.72,1319.06,10112.78,clean,rules_fallback,0.72,0,0.0,0.0
INV-00230,INV-00230.pdf,,,,,,,,,,manual_capture,rules_fallback,0.0,0,0.0,0.0
INV-00232,INV-00232.pdf,005372,Cape Conveyor Systems (Pty) Ltd,SUP-0007,PO-2025-00482,2025-12-22,2026-02-05,51403.84,7710.58,59114.42,clean,rules_fallback,0.72,0,0.0,0.0
INV-00237,INV-00237.pdf,002566,Cleveland Bolt Supplies (Pty) Ltd,SUP-0038,PO-2026-00484,2026-06-15,2026-07-15,53422.6,8013.39,61435.99,clean,rules_fallback,0.72,0,0.0,0.0
INV-00238,INV-00238.pdf,,,,,,,,,,manual_capture,rules_fallback,0.0,0,0.0,0.0
INV-00240,INV-00240.pdf,005520,Brakpan Sheet Metal (Pty) Ltd,SUP-0026,PO-2025-00344,2025-12-05,2026-01-04,45991.57,6898.74,52890.31,clean,rules_fallback,0.72,0,0.0,0.0
INV-00241,INV-00241.pdf,SI2608262,Vaal Steel Merchants (Pty) Ltd,SUP-0002,PO-2026-00287,2026-08-05,2026-09-19,10804.86,1620.73,12425.59,clean,rules_fallback,0.72,0,0.0,0.0
INV-00242,INV-00242.pdf,INV2603984,Selby Scrap and Recovery (Pty) Ltd,SUP-0035,PO-2026-00127,2026-09-01,2026-10-01,19401.42,2910.21,22311.63,clean,rules_fallback,0.72,0,0.0,0.0
INV-00249,INV-00249.pdf,TI2603460,Ophirton Hydraulic Rams (Pty) Ltd,SUP-0040,PO-2026-00198,2026-05-11,2026-06-10,20529.7,3079.46,23609.16,clean,rules_fallback,0.72,0,0.0,0.0
INV-00251,INV-00251.pdf,SI2607536,Benoni Industrial Paints (Pty) Ltd,SUP-0016,PO-2025-00472,2026-01-19,2026-02-18,15967.2,2395.08,18362.28,clean,rules_fallback,0.72,0,0.0,0.0
INV-00254,INV-00254.pdf,SI2608519,Umgeni Valve and Pump (Pty) Ltd,SUP-0008,PO-2026-00146,2026-05-18,2026-07-17,26611.16,3991.67,30602.83,clean,rules_fallback,0.72,0,0.0,0.0
INV-00257,INV-00257.pdf,,,,,,,,,,manual_capture,rules_fallback,0.0,0,0.0,0.0
INV-00258,INV-00258.pdf,,,,,,,,,,manual_capture,rules_fallback,0.0,0,0.0,0.0
INV-00259,INV-00259.pdf,,,,,,,,,,manual_capture,rules_fallback,0.0,0,0.0,0.0
INV-00262,INV-00262.pdf,,,,,,,,,,manual_capture,rules_fallback,0.0,0,0.0,0.0
INV-00266,INV-00266.pdf,SI2602765,Village Main Instruments (Pty) Ltd,SUP-0044,PO-2026-00479,2026-05-21,2026-06-20,52718.82,7907.82,60626.64,clean,rules_fallback,0.72,0,0.0,0.0
INV-00273,INV-00273.pdf,,,,,,,,,,manual_capture,rules_fallback,0.0,0,0.0,0.0
INV-00275,INV-00275.pdf,SI2508102,Chamdor Forklift Spares (Pty) Ltd,SUP-0034,PO-2025-00142,2025-11-24,2026-01-08,22548.86,3382.33,25931.19,clean,rules_fallback,0.72,0,0.0,0.0
INV-00276,INV-00276.pdf,TI2607736,Jet Park Packaging (Pty) Ltd,SUP-0029,PO-2026-00416,2026-04-13,2026-06-12,3897.36,584.6,4481.96,clean,rules_fallback,0.72,0,0.0,0.0
INV-00278,INV-00278.pdf,SI2605747,Aeroton Castors (Pty) Ltd,SUP-0033,PO-2026-00223,2026-05-27,2026-07-11,21175.58,3176.34,24351.92,clean,rules_fallback,0.72,0,0.0,0.0
INV-00281,INV-00281.pdf,,,,,,,,,,manual_capture,rules_fallback,0.0,0,0.0,0.0
INV-00282,INV-00282.pdf,,,,,,,,,,manual_capture,rules_fallback,0.0,0,0.0,0.0
INV-00284,INV-00284.pdf,003324,Elandsfontein Rubber (Pty) Ltd,SUP-0030,PO-2026-00413,2026-08-21,2026-09-20,54225.0,8133.75,62358.75,clean,rules_fallback,0.72,0,0.0,0.0
